title,region,region_name,region_parent_name,price,property_size,bedrooms,bathrooms,furnishing,is_boost
Furnished 4bdrm Duplex in Life Camp for sale,"Gwarinpa, Life Camp",Life Camp,Gwarinpa,"₦ 600,000,000",800.0,4,5,Furnished,vip_gold
3bdrm Block of Flats in Ado-Odo/Ota for sale,"Ogun State, Ado-Odo/Ota",Ado-Odo/Ota,Ogun State,"₦ 30,000,000",1000.0,3,3,Unfurnished,False
3bdrm Bungalow in Ikpoba-Okha for sale,"Edo State, Ikpoba-Okha",Ikpoba-Okha,Edo State,"₦ 9,000,000",464.0,3,2,Unfurnished,False
2bdrm Block of Flats in Benin City for sale,"Edo State, Benin City",Benin City,Edo State,"₦ 120,000,000",450.0,2,2,Unfurnished,diamond
3bdrm Apartment in Zone 3 / Wuse for sale,"Wuse, Zone 3 / Wuse",Zone 3 / Wuse,Wuse,"₦ 150,000,000",150.0,3,3,Unfurnished,False
4bdrm Duplex in Ifako-Ogba for sale,"Ogba, Ifako-Ogba",Ifako-Ogba,Ogba,"₦ 250,000,000",150.0,4,4,Unfurnished,diamond
"2bdrm Bungalow in Breden, Karu for sale","Abuja (FCT), Karu",Karu,Abuja (FCT),"₦ 50,000,000",500.0,2,3,Semi-Furnished,False
"5bdrm Duplex in Ikota Villa, Lekki Phase 2 for sale","Lekki, Lekki Phase 2",Lekki Phase 2,Lekki,"₦ 350,000,000",400.0,5,5,Semi-Furnished,vip
"4bdrm Duplex in Dpk Estate, Lekki Phase 2 for sale","Lekki, Lekki Phase 2",Lekki Phase 2,Lekki,"₦ 280,000,000",290.0,4,4,Semi-Furnished,vip
"4bdrm Duplex in Idado Estate, Lekki Phase 2 for sale","Lekki, Lekki Phase 2",Lekki Phase 2,Lekki,"₦ 250,000,000",280.0,4,4,Unfurnished,vip
"4bdrm Duplex in Idado Estate, Lekki Phase 2 for sale","Lekki, Lekki Phase 2",Lekki Phase 2,Lekki,"₦ 220,000,000",275.0,4,4,Unfurnished,vip
"4bdrm Duplex in Royal Pine, Lekki Phase 2 for sale","Lekki, Lekki Phase 2",Lekki Phase 2,Lekki,"₦ 280,000,000",280.0,4,4,Unfurnished,vip
"5bdrm Duplex in Discovery Park, Lekki Phase 2 for sale","Lekki, Lekki Phase 2",Lekki Phase 2,Lekki,"₦ 500,000,000",650.0,5,5,Semi-Furnished,vip
"5bdrm Duplex in Oral Estate, Lekki Phase 2 for sale","Lekki, Lekki Phase 2",Lekki Phase 2,Lekki,"₦ 450,000,000",280.0,5,5,Semi-Furnished,vip
"5bdrm Duplex in Royal Pine, Lekki Phase 2 for sale","Lekki, Lekki Phase 2",Lekki Phase 2,Lekki,"₦ 385,000,000",289.0,5,5,Semi-Furnished,vip
"Furnished 5bdrm Duplex in In An Estate , Sars, New Layout for sale","Port-Harcourt, New Layout",New Layout,Port-Harcourt,"₦ 580,000,000",700.0,5,5,Furnished,enterprise
"4bdrm Duplex in Ikota Villa, Lekki Phase 2 for sale","Lekki, Lekki Phase 2",Lekki Phase 2,Lekki,"₦ 160,000,000",900.0,4,4,Semi-Furnished,vip
Furnished 5bdrm Duplex in Lekki Phase 2 for sale,"Lekki, Lekki Phase 2",Lekki Phase 2,Lekki,"₦ 350,000,000",500.0,5,5,Furnished,diamond
20bdrm Apartment in Benin City for sale,"Edo State, Benin City",Benin City,Edo State,"₦ 97,000,000",900.0,20,20,Unfurnished,diamond
"4bdrm Duplex in Hi Life Estate, Lekki Phase 2 for sale","Lekki, Lekki Phase 2",Lekki Phase 2,Lekki,"₦ 135,000,000",130.0,4,4,Semi-Furnished,vip
4bdrm Duplex in Benin City for sale,"Edo State, Benin City",Benin City,Edo State,"₦ 20,000,000",450.0,4,4,Unfurnished,diamond
Furnished 6bdrm Duplex in Osapa london for sale,"Lekki, Osapa london",Osapa london,Lekki,"₦ 1,700,000,000",650.0,6,6,Furnished,diamond
4bdrm Duplex in Lekki for sale,"Lagos State, Lekki",Lekki,Lagos State,"₦ 220,000,000",250.0,4,4,Semi-Furnished,diamond
"4bdrm Duplex in Cedar Wood, Obio-Akpor for sale","Rivers State, Obio-Akpor",Obio-Akpor,Rivers State,"₦ 300,000,000",465.0,4,4,Unfurnished,enterprise
20bdrm Apartment in Benin City for sale,"Edo State, Benin City",Benin City,Edo State,"₦ 120,000,000",900.0,20,20,Unfurnished,diamond
4bdrm Bungalow in Benin City for sale,"Edo State, Benin City",Benin City,Edo State,"₦ 50,000,000",900.0,4,4,Unfurnished,diamond
"4bdrm Duplex in Discovery Park, Lekki Phase 2 for sale","Lekki, Lekki Phase 2",Lekki Phase 2,Lekki,"₦ 250,000,000",450.0,4,4,Unfurnished,vip
4bdrm Bungalow in Benin City for sale,"Edo State, Benin City",Benin City,Edo State,"₦ 30,000,000",900.0,4,4,Semi-Furnished,diamond
4bdrm Townhouse/Terrace in Ajah for sale,"Lagos State, Ajah",Ajah,Lagos State,"₦ 100,000,000",250.0,4,4,Semi-Furnished,diamond
3bdrm Apartment in Sangotedo for sale,"Ajah, Sangotedo",Sangotedo,Ajah,"₦ 145,000,000",200.0,3,3,Unfurnished,enterprise
2bdrm Block of Flats in Ikota for sale,"Lekki, Ikota",Ikota,Lekki,"₦ 160,000,000",400.0,2,2,Unfurnished,enterprise
5bdrm Duplex in Ikota for sale,"Lekki, Ikota",Ikota,Lekki,"₦ 370,000,000",450.0,5,5,Unfurnished,enterprise
"2bdrm Apartment in Ologolo Rd, Lekki Phase 1 for sale","Lekki, Lekki Phase 1",Lekki Phase 1,Lekki,"₦ 95,000,000",460.0,2,2,Semi-Furnished,vip
5bdrm Duplex in Lekki for sale,"Lagos State, Lekki",Lekki,Lagos State,"₦ 1,500,000,000",550.0,5,5,Unfurnished,enterprise
4bdrm Duplex in Lekki for sale,"Lagos State, Lekki",Lekki,Lagos State,"₦ 250,000,000",250.0,4,4,Unfurnished,enterprise
5bdrm Duplex in Adeniyi Jones for sale,"Ikeja, Adeniyi Jones",Adeniyi Jones,Ikeja,"₦ 650,000,000",350.0,5,5,Unfurnished,enterprise
2bdrm Bungalow in Ifako-Ijaiye for sale,"Lagos State, Ifako-Ijaiye",Ifako-Ijaiye,Lagos State,"₦ 60,000,000",1700.0,2,5,Semi-Furnished,False
10bdrm Bungalow in Lateef Jakande for sale,"Ifako-Ijaiye, Agbado",Agbado,Ifako-Ijaiye,"₦ 15,000,000",700.0,10,1,Unfurnished,False
"Furnished 4bdrm Duplex in Chime Estate, Enugu for sale","Enugu State, Enugu",Enugu,Enugu State,"₦ 260,000,000",600.0,4,6,Furnished,enterprise
4bdrm Duplex in Centenary City Enugu for sale,"Enugu State, Enugu",Enugu,Enugu State,"₦ 100,000,000",400.0,4,4,Semi-Furnished,diamond
Furnished 5bdrm Duplex in Lekki Phase 1 for sale,"Lekki, Lekki Phase 1",Lekki Phase 1,Lekki,"₦ 1,100,000,000",600.0,5,5,Furnished,enterprise
"Furnished Mini Flat in Freedom Way Lekki, Ikate for sale","Lekki, Ikate",Ikate,Lekki,"₦ 160,000,000",600.0,1,1,Furnished,diamond
Furnished 2bdrm Apartment in Odeda for sale,"Ogun State, Odeda",Odeda,Ogun State,"₦ 65,000,000",648.0,2,2,Furnished,False
2bdrm Block of Flats in Kubwa for sale,"Abuja (FCT), Kubwa",Kubwa,Abuja (FCT),"₦ 45,000,000",300.0,2,2,Semi-Furnished,basic
"4bdrm Block of Flats in Abagdo Roads, Alakuko for sale","Ifako-Ijaiye, Alakuko",Alakuko,Ifako-Ijaiye,"₦ 120,000,000",1000.0,4,4,Semi-Furnished,diamond
"4bdrm Duplex in New Layout Estate, for sale","Rivers State, Port-Harcourt",Port-Harcourt,Rivers State,"₦ 200,000,000",500.0,4,6,Semi-Furnished,enterprise
"20bdrm House in God’S Power Lodge, Akure for sale","Ondo State, Akure",Akure,Ondo State,"₦ 23,000,000",540.0,20,3,Unfurnished,False
"Furnished 1bdrm Apartment in Freedom Way, Ikate, for sale","Lekki, Lekki Phase 1",Lekki Phase 1,Lekki,"₦ 160,000,000",300.0,1,1,Furnished,enterprise
"Studio Apartment in Success, Ibadan for sale","Oyo State, Ibadan",Ibadan,Oyo State,"₦ 6,000,000",346.0,1,1,Unfurnished,enterprise
"Furnished Mini Flat in Gabas A, Kumbotso for sale","Kano State, Kumbotso",Kumbotso,Kano State,"₦ 21,000,000",150.0,3,3,Furnished,False
"6bdrm Duplex in Diamond Estate, for sale","Ipaja, Ipaja / Ipaja",Ipaja / Ipaja,Ipaja,"₦ 230,000,000",444.0,6,6,Semi-Furnished,False
"4bdrm Duplex in Orchid Roads Lekki, Chevron for sale","Lekki, Chevron",Chevron,Lekki,"₦ 330,000,000",500.0,4,4,Semi-Furnished,diamond
8bdrm Block of Flats in Choba for sale,"Port-Harcourt, Choba",Choba,Port-Harcourt,"₦ 80,000,000",930.0,8,4,Unfurnished,enterprise
2bdrm Apartment in Ikate for sale,"Lekki, Ikate",Ikate,Lekki,"₦ 190,000,000",160.0,2,2,Unfurnished,enterprise
"2bdrm Bungalow in Redeem, Oshimili South for sale","Delta State, Oshimili South",Oshimili South,Delta State,"₦ 50,000,000",350.0,2,3,Unfurnished,diamond
"5bdrm Apartment in Old Ikoyi, Lagos for sale","Ikoyi, Old Ikoyi",Old Ikoyi,Ikoyi,"₦ 2,700,000,000",300.0,5,5,Unfurnished,enterprise
"2bdrm Block of Flats in Not - Estate., Benin City for sale","Edo State, Benin City",Benin City,Edo State,"₦ 100,000,000",1000.0,2,2,Unfurnished,enterprise
3bdrm Bungalow in Kubwa for sale,"Abuja (FCT), Kubwa",Kubwa,Abuja (FCT),"₦ 60,000,000",500.0,3,3,Unfurnished,basic
2bdrm Apartment in Ikate for sale,"Lekki, Ikate",Ikate,Lekki,"₦ 220,000,000",180.0,2,2,Unfurnished,diamond
3bdrm Bungalow in Kubwa for sale,"Abuja (FCT), Kubwa",Kubwa,Abuja (FCT),"₦ 80,000,000",500.0,3,3,Semi-Furnished,basic
"2bdrm Bungalow in Abogun, Ifo for sale","Ogun State, Ifo",Ifo,Ogun State,"₦ 12,000,000",500.0,2,3,Unfurnished,False
"Furnished 3bdrm Bungalow in Omachi Estate, Obio-Akpor for sale","Rivers State, Obio-Akpor",Obio-Akpor,Rivers State,"₦ 97,000,000",200.0,3,4,Furnished,diamond
4bdrm Duplex in Chevron Lekki for sale,"Lekki, Chevron",Chevron,Lekki,"₦ 230,000,000",312.0,4,6,Unfurnished,vip
"4bdrm Duplex in Sunshine Garden, Sangotedo for sale","Ajah, Sangotedo",Sangotedo,Ajah,"₦ 210,000,000",300.0,4,5,Unfurnished,False
3bdrm Bungalow in Dakwo District for sale,"Abuja (FCT), Dakwo District",Dakwo District,Abuja (FCT),"₦ 120,000,000",500.0,3,3,Unfurnished,vip_gold
5bdrm Duplex in Chevron for sale,"Lekki, Chevron",Chevron,Lekki,"₦ 600,000,000",460.0,5,5,Unfurnished,diamond
"3bdrm Duplex in Estate, Ipaja / Ipaja for sale","Ipaja, Ipaja / Ipaja",Ipaja / Ipaja,Ipaja,"₦ 150,000,000",280.0,3,3,Semi-Furnished,enterprise
"4bdrm Duplex in Estate, Obafemi-Owode for sale","Ogun State, Obafemi-Owode",Obafemi-Owode,Ogun State,"₦ 185,000,000",500.0,4,4,Semi-Furnished,enterprise
"5bdrm Duplex in Secured Estate, Magodo Isheri for sale","Ojodu, Magodo Isheri",Magodo Isheri,Ojodu,"₦ 430,000,000",220.0,5,5,Semi-Furnished,enterprise
"5bdrm Duplex in Secured Area, Ifako-Ogba for sale","Ogba, Ifako-Ogba",Ifako-Ogba,Ogba,"₦ 380,000,000",300.0,5,5,Semi-Furnished,enterprise
"4bdrm Duplex in Estate, Magodo for sale","Lagos State, Magodo",Magodo,Lagos State,"₦ 560,000,000",290.0,4,4,Semi-Furnished,enterprise
"2bdrm Duplex in Secured Area, Abule Egba for sale","Lagos State, Abule Egba",Abule Egba,Lagos State,"₦ 140,000,000",300.0,2,2,Semi-Furnished,enterprise
"3bdrm Duplex in Secured Estate, Fagba for sale","Agege, Fagba",Fagba,Agege,"₦ 175,000,000",180.0,3,3,Semi-Furnished,enterprise
"4bdrm Duplex in Secured Area, Ifako-Ogba for sale","Ogba, Ifako-Ogba",Ifako-Ogba,Ogba,"₦ 240,000,000",250.0,4,4,Semi-Furnished,enterprise
"5bdrm Duplex in Secured Estate, Omole Phase 1 for sale","Ikeja, Omole Phase 1",Omole Phase 1,Ikeja,"₦ 650,000,000",300.0,5,5,Semi-Furnished,enterprise
3bdrm Bungalow in Wumba for sale,"Abuja (FCT), Wumba",Wumba,Abuja (FCT),"₦ 75,000,000",,3,4,Semi-Furnished,enterprise
"5bdrm House in Max Court Estate, Ado / Ajah for sale","Ajah, Ado / Ajah",Ado / Ajah,Ajah,"₦ 160,000,000",1000.0,5,5,Unfurnished,diamond
3bdrm Block of Flats in Wuye for sale,"Abuja (FCT), Wuye",Wuye,Abuja (FCT),"₦ 650,000,000",1000.0,3,3,Semi-Furnished,vip_gold
Furnished 4bdrm Duplex in Maitama Abuja for sale,"Abuja (FCT), Maitama",Maitama,Abuja (FCT),"₦ 600,000,000",1000.0,4,4,Furnished,vip_gold
3bdrm Block of Flats in Area 1 for sale,"Garki 1, Area 1",Area 1,Garki 1,"₦ 750,000,000",1000.0,3,3,Semi-Furnished,vip_gold
3bdrm Block of Flats in Apo Abuja for sale,"Abuja (FCT), Apo District",Apo District,Abuja (FCT),"₦ 850,000,000",2500.0,3,3,Unfurnished,vip_gold
3bdrm Block of Flats in Guzape District for sale,"Abuja (FCT), Guzape District",Guzape District,Abuja (FCT),"₦ 250,000,000",1000.0,3,7,Semi-Furnished,vip_gold
"4bdrm Duplex in Games Village, Kaura for sale","Abuja (FCT), Kaura",Kaura,Abuja (FCT),"₦ 1,300,000,000",1500.0,4,4,Semi-Furnished,vip_gold
7bdrm Duplex in Maitama Abuja for sale,"Abuja (FCT), Maitama",Maitama,Abuja (FCT),"₦ 8,000,000,000",1500.0,7,7,Semi-Furnished,vip_gold
6bdrm Duplex in Maitama Abuja for sale,"Abuja (FCT), Maitama",Maitama,Abuja (FCT),"₦ 3,500,000,000",1500.0,6,6,Semi-Furnished,vip_gold
5bdrm Duplex in Maitama Abuja for sale,"Abuja (FCT), Maitama",Maitama,Abuja (FCT),"₦ 3,400,000,000",1300.0,5,5,Semi-Furnished,vip_gold
4bdrm Duplex in Gwarinpa Abuja for sale,"Abuja (FCT), Gwarinpa",Gwarinpa,Abuja (FCT),"₦ 170,000,000",1000.0,4,4,Semi-Furnished,vip_gold
"5bdrm Duplex in Estate, Ikeja GRA for sale","Ikeja, Ikeja GRA",Ikeja GRA,Ikeja,"₦ 1,100,000,000",350.0,5,5,Semi-Furnished,enterprise
4bdrm Duplex in Jahi Glimore Abuja for sale,"Abuja (FCT), Jahi",Jahi,Abuja (FCT),"₦ 250,000,000",1000.0,4,4,Semi-Furnished,vip_gold
6bdrm Duplex in Mabushi Abuja for sale,"Abuja (FCT), Mabushi",Mabushi,Abuja (FCT),"₦ 650,000,000",1000.0,6,6,Semi-Furnished,vip_gold
5bdrm Duplex in Katampe Extension for sale,"Katampe, Katampe Extension",Katampe Extension,Katampe,"₦ 650,000,000",600.0,5,5,Semi-Furnished,vip_gold
Furnished 5bdrm Duplex in Mabushi Abuja for sale,"Abuja (FCT), Mabushi",Mabushi,Abuja (FCT),"₦ 480,000,000",1000.0,5,5,Furnished,vip_gold
3bdrm Apartment in Wuse Zone Abuja for sale,"Abuja (FCT), Wuse",Wuse,Abuja (FCT),"₦ 800,000,000",1000.0,3,3,Semi-Furnished,vip_gold
4bdrm Duplex in Lugbe Abuja for sale,"Abuja (FCT), Lugbe District",Lugbe District,Abuja (FCT),"₦ 250,000,000",500.0,4,4,Semi-Furnished,vip_gold
"Functional 5bedrm Duplex,Secured Estate in Guzape for Sale","Abuja (FCT), Guzape District",Guzape District,Abuja (FCT),"₦ 350,000,000",,5,5,Semi-Furnished,enterprise
4bdrm Duplex in Jabi Abuja for sale,"Abuja (FCT), Jabi",Jabi,Abuja (FCT),"₦ 300,000,000",500.0,4,4,Semi-Furnished,vip_gold
5bdrm Duplex in Asokoro Abuja for sale,"Abuja (FCT), Asokoro",Asokoro,Abuja (FCT),"₦ 7,000,000,000",2000.0,5,5,Semi-Furnished,vip_gold
4bdrm Duplex in Wuye Abuja for sale,"Abuja (FCT), Wuye",Wuye,Abuja (FCT),"₦ 1,000,000,000",1500.0,4,4,Semi-Furnished,vip_gold
5bdrm Duplex in Gudu Abuja for sale,"Abuja (FCT), Gudu",Gudu,Abuja (FCT),"₦ 380,000,000",1000.0,5,5,Semi-Furnished,vip_gold
6bdrm Duplex in Asokoro Main for sale,"Abuja (FCT), Asokoro",Asokoro,Abuja (FCT),"₦ 1,300,000,000",1100.0,6,6,Semi-Furnished,vip_gold
5bdrm Duplex in Guzape Main for sale,"Abuja (FCT), Guzape District",Guzape District,Abuja (FCT),"₦ 500,000,000",1000.0,5,5,Semi-Furnished,vip_gold
5bdrm Duplex in Utako Main for sale,"Abuja (FCT), Utako",Utako,Abuja (FCT),"₦ 1,300,000,000",2460.0,5,5,Semi-Furnished,vip_gold
4bdrm Duplex in Kado Abuja for sale,"Abuja (FCT), Kado",Kado,Abuja (FCT),"₦ 250,000,000",500.0,4,4,Semi-Furnished,vip_gold
2bdrm Duplex in Wuye Abuja for sale,"Abuja (FCT), Wuye",Wuye,Abuja (FCT),"₦ 700,000,000",1000.0,2,2,Semi-Furnished,vip_gold
3bdrm Apartment in Amagba Benin City for sale,"Edo State, Benin City",Benin City,Edo State,"₦ 65,000,000",1000.0,3,3,Semi-Furnished,vip_gold
4bdrm Duplex in Gwarinpa Abuja for sale,"Abuja (FCT), Gwarinpa",Gwarinpa,Abuja (FCT),"₦ 500,000,000",500.0,4,4,Semi-Furnished,vip_gold
5bdrm Duplex in Wuye Abuja for sale,"Abuja (FCT), Wuye",Wuye,Abuja (FCT),"₦ 620,000,000",1000.0,5,5,Semi-Furnished,vip_gold
"9bdrm Duplex in Games Village, Kaura for sale","Abuja (FCT), Kaura",Kaura,Abuja (FCT),"₦ 650,000,000",1000.0,9,9,Semi-Furnished,vip_gold
"5bdrm Duplex in Estate, Chevron for sale","Lekki, Chevron",Chevron,Lekki,"₦ 650,000,000",400.0,5,5,Semi-Furnished,enterprise
Furnished 2bdrm Apartment in Maitama Abuja for sale,"Abuja (FCT), Maitama",Maitama,Abuja (FCT),"₦ 12,000,000,000",1700.0,2,2,Furnished,vip_gold
7bdrm Duplex in Golf Annex Enugu for sale,"Enugu State, Enugu",Enugu,Enugu State,"₦ 260,000,000",700.0,7,7,Semi-Furnished,diamond
3bdrm Block of Flats in Wuse2 Abuja for sale,"Abuja (FCT), Wuse 2",Wuse 2,Abuja (FCT),"₦ 1,300,000,000",1000.0,3,3,Semi-Furnished,vip_gold
3bdrm Apartment in Wuse2 Abuja for sale,"Abuja (FCT), Wuse 2",Wuse 2,Abuja (FCT),"₦ 2,000,000,000",1300.0,3,3,Semi-Furnished,vip_gold
4bdrm Duplex in Idu District Abuja for sale,"Abuja (FCT), Idu Industrial",Idu Industrial,Abuja (FCT),"₦ 15,000,000,000",4000.0,4,4,Semi-Furnished,vip_gold
4bdrm Duplex in Katampe Extension for sale,"Abuja (FCT), Katampe",Katampe,Abuja (FCT),"₦ 400,000,000",1000.0,4,4,Semi-Furnished,vip_gold
9bdrm Duplex in Asokoro Main for sale,"Abuja (FCT), Asokoro",Asokoro,Abuja (FCT),"₦ 9,000,000,000",5000.0,9,9,Semi-Furnished,vip_gold
7bdrm Apartment in Asokoro Abuja for sale,"Abuja (FCT), Asokoro",Asokoro,Abuja (FCT),"₦ 8,000,000,000",5000.0,7,7,Semi-Furnished,vip_gold
5bdrm Duplex in Maitama Abuja for sale,"Abuja (FCT), Maitama",Maitama,Abuja (FCT),"₦ 1,000,000,000",500.0,5,5,Semi-Furnished,vip_gold
"4bdrm Duplex in Estate, Oko-Oba for sale","Agege, Oko-Oba",Oko-Oba,Agege,"₦ 380,000,000",300.0,4,4,Semi-Furnished,enterprise
5bdrm Duplex in Jahi Abuja for sale,"Abuja (FCT), Jahi",Jahi,Abuja (FCT),"₦ 270,000,000",500.0,5,5,Semi-Furnished,vip_gold
4bdrm Duplex in Apo Abuja for sale,"Abuja (FCT), Apo District",Apo District,Abuja (FCT),"₦ 230,000,000",500.0,4,4,Semi-Furnished,vip_gold
4bdrm Duplex in Dape for sale,"Gwarinpa, Dape",Dape,Gwarinpa,"₦ 460,000,000",920.0,4,5,Unfurnished,enterprise
4bdrm Duplex in Maitama Abuja for sale,"Abuja (FCT), Maitama",Maitama,Abuja (FCT),"₦ 550,000,000",1000.0,4,4,Semi-Furnished,vip_gold
"Furnished 6bdrm Mansion in Osborne Phrase 1, Ikoyi for sale","Lagos State, Ikoyi",Ikoyi,Lagos State,"₦ 8,500,000,000",3600.0,6,6,Furnished,vip_gold
Furnished 5bdrm Mansion in Banana Island Lagos for sale,"Ikoyi, Banana Island",Banana Island,Ikoyi,"₦ 13,000,000,000",1500.0,5,5,Furnished,vip_gold
Furnished 7bdrm Mansion in Banana Island Lagos for sale,"Ikoyi, Banana Island",Banana Island,Ikoyi,"₦ 25,500,000,000",5000.0,7,7,Furnished,vip_gold
4bdrm Duplex in Wuse2 Abuja for sale,"Abuja (FCT), Wuse 2",Wuse 2,Abuja (FCT),"₦ 450,000,000",1000.0,4,4,Semi-Furnished,vip_gold
4bdrm Duplex in Galadimawa District for sale,"Abuja (FCT), Galadimawa",Galadimawa,Abuja (FCT),"₦ 750,000,000",1000.0,4,4,Semi-Furnished,vip_gold
3bdrm Apartment in Life Camp Abuja for sale,"Gwarinpa, Life Camp",Life Camp,Gwarinpa,"₦ 65,000,000",1000.0,3,3,Semi-Furnished,vip_gold
2bdrm Apartment in Area 1 Abuja for sale,"Garki 1, Area 1",Area 1,Garki 1,"₦ 900,000,000",1000.0,2,2,Semi-Furnished,vip_gold
4bdrm Duplex in Asokoro Abuja for sale,"Abuja (FCT), Asokoro",Asokoro,Abuja (FCT),"₦ 700,000,000",700.0,4,4,Semi-Furnished,vip_gold
5bdrm Duplex in Guzape District for sale,"Abuja (FCT), Guzape District",Guzape District,Abuja (FCT),"₦ 680,000,000",1000.0,5,5,Semi-Furnished,vip_gold
"Furnished 3bdrm Block of Flats in Secured Estate, Adeniyi Jones","Ikeja, Adeniyi Jones",Adeniyi Jones,Ikeja,"₦ 280,000,000",600.0,3,3,Furnished,enterprise
"4bdrm Duplex in Secured Area, Oko-Oba for sale","Agege, Oko-Oba",Oko-Oba,Agege,"₦ 299,000,000",280.0,4,4,Semi-Furnished,enterprise
4bdrm Duplex in Apo Abuja for sale,"Abuja (FCT), Apo District",Apo District,Abuja (FCT),"₦ 125,000,000",500.0,4,4,Semi-Furnished,vip_gold
3bdrm Apartment in Wuye Abuja for sale,"Abuja (FCT), Wuye",Wuye,Abuja (FCT),"₦ 145,000,000",1000.0,3,3,Semi-Furnished,vip_gold
"5bdrm Duplex in Mabushi Abuja, Wuye for sale","Abuja (FCT), Wuye",Wuye,Abuja (FCT),"₦ 270,000,000",1000.0,5,5,Semi-Furnished,vip_gold
4bdrm Duplex in Mabushi Abuja for sale,"Abuja (FCT), Mabushi",Mabushi,Abuja (FCT),"₦ 350,000,000",1000.0,4,4,Semi-Furnished,vip_gold
4bdrm Duplex in Uzoba for sale,"Port-Harcourt, Uzoba",Uzoba,Port-Harcourt,"₦ 250,000,000",700.0,4,4,Semi-Furnished,enterprise
6bdrm Duplex in Trans Amadi for sale,"Port-Harcourt, Trans Amadi",Trans Amadi,Port-Harcourt,"₦ 250,000,000",465.0,6,8,Semi-Furnished,enterprise
3bdrm Apartment in Wuye Abuja for sale,"Abuja (FCT), Wuye",Wuye,Abuja (FCT),"₦ 160,000,000",1000.0,3,3,Semi-Furnished,vip_gold
5bdrm Duplex in Maitama Abuja for sale,"Abuja (FCT), Maitama",Maitama,Abuja (FCT),"₦ 2,500,000,000",1000.0,5,5,Semi-Furnished,vip_gold
7bdrm Duplex in Jabi Abuja for sale,"Abuja (FCT), Jabi",Jabi,Abuja (FCT),"₦ 3,000,000,000",1500.0,7,7,Semi-Furnished,vip_gold
3bdrm Block of Flats in Utako Abuja for sale,"Abuja (FCT), Utako",Utako,Abuja (FCT),"₦ 900,000,000",1000.0,3,3,Semi-Furnished,vip_gold
3bdrm Block of Flats in Jahi Abuja for sale,"Abuja (FCT), Jahi",Jahi,Abuja (FCT),"₦ 150,000,000",1000.0,3,3,Semi-Furnished,vip_gold
5bdrm Duplex in Guzape District for sale,"Abuja (FCT), Guzape District",Guzape District,Abuja (FCT),"₦ 600,000,000",1000.0,5,5,Semi-Furnished,vip_gold
5bdrm Duplex in Life Camp Abuja for sale,"Gwarinpa, Life Camp",Life Camp,Gwarinpa,"₦ 1,400,000,000",1250.0,5,5,Semi-Furnished,vip_gold
4bdrm Duplex in Guzape District for sale,"Abuja (FCT), Guzape District",Guzape District,Abuja (FCT),"₦ 1,500,000,000",2145.0,4,4,Semi-Furnished,vip_gold
3bdrm Apartment in Asokoro Main for sale,"Abuja (FCT), Asokoro",Asokoro,Abuja (FCT),"₦ 1,600,000,000",1572.0,3,3,Semi-Furnished,vip_gold
"3bdrm Block of Flats in Sunnyvale Estate, Lokogoma for sale","Abuja (FCT), Lokogoma",Lokogoma,Abuja (FCT),"₦ 70,000,000",1000.0,3,3,Semi-Furnished,vip_gold
4bdrm Duplex in Jabi Abuja for sale,"Abuja (FCT), Jabi",Jabi,Abuja (FCT),"₦ 1,000,000,000",1500.0,4,4,Semi-Furnished,vip_gold
11bdrm Duplex in Guzape District for sale,"Abuja (FCT), Guzape District",Guzape District,Abuja (FCT),"₦ 1,500,000,000",1500.0,11,11,Semi-Furnished,vip_gold
8bdrm Duplex in Maitama Main Abuja for sale,"Abuja (FCT), Maitama",Maitama,Abuja (FCT),"₦ 4,500,000,000",2300.0,8,8,Semi-Furnished,vip_gold
Furnished 3bdrm Bungalow in Galadimawa Sunnyvale for sale,"Abuja (FCT), Galadimawa",Galadimawa,Abuja (FCT),"₦ 120,000,000",1000.0,3,3,Furnished,vip_gold
5bdrm Duplex in Gwarinpa Abuja for sale,"Abuja (FCT), Gwarinpa",Gwarinpa,Abuja (FCT),"₦ 350,000,000",1000.0,5,5,Semi-Furnished,vip_gold
3bdrm Bungalow in Gaduwa Abuja for sale,"Abuja (FCT), Gaduwa",Gaduwa,Abuja (FCT),"₦ 150,000,000",1000.0,3,3,Semi-Furnished,vip_gold
3bdrm Duplex in Life Camp Abuja for sale,"Gwarinpa, Life Camp",Life Camp,Gwarinpa,"₦ 300,000,000",1000.0,3,3,Semi-Furnished,vip_gold
"5bdrm Duplex in Secured Area, Lekki Phase 1 for sale","Lekki, Lekki Phase 1",Lekki Phase 1,Lekki,"₦ 1,300,000,000",350.0,5,5,Semi-Furnished,enterprise
"5bdrm Duplex in Estate, Ojodu for sale","Lagos State, Ojodu",Ojodu,Lagos State,"₦ 390,000,000",350.0,5,5,Semi-Furnished,enterprise
4bdrm Duplex in Maitama District for sale,"Abuja (FCT), Maitama",Maitama,Abuja (FCT),"₦ 1,700,000,000",1100.0,4,4,Semi-Furnished,vip_gold
8bdrm Bungalow in Kado Abuja for sale,"Abuja (FCT), Kado",Kado,Abuja (FCT),"₦ 600,000,000",1600.0,8,8,Semi-Furnished,vip_gold
4bdrm Duplex in Kaura Abuja for sale,"Abuja (FCT), Kaura",Kaura,Abuja (FCT),"₦ 1,700,000,000",3000.0,4,4,Semi-Furnished,vip_gold
5bdrm Duplex in Wuse2 Abuja for sale,"Abuja (FCT), Wuse 2",Wuse 2,Abuja (FCT),"₦ 1,800,000,000",1000.0,5,5,Semi-Furnished,vip_gold
5bdrm Duplex in Jahi for sale,"Abuja (FCT), Jahi",Jahi,Abuja (FCT),"₦ 200,000,000",1000.0,5,5,Unfurnished,enterprise
3bdrm Bungalow in Dawaki Abuja for sale,"Gwarinpa, Dawaki",Dawaki,Gwarinpa,"₦ 100,000,000",1000.0,3,3,Semi-Furnished,vip_gold
"4bdrm Penthouse in Lokogoma Abuja, Dawaki for sale","Gwarinpa, Dawaki",Dawaki,Gwarinpa,"₦ 120,000,000",500.0,4,4,Semi-Furnished,vip_gold
3bdrm Block of Flats in Galadimawa Abuja for sale,"Abuja (FCT), Galadimawa",Galadimawa,Abuja (FCT),"₦ 90,000,000",1000.0,3,3,Semi-Furnished,vip_gold
5bdrm Duplex in Guzape District for sale,"Abuja (FCT), Guzape District",Guzape District,Abuja (FCT),"₦ 1,200,000,000",1000.0,5,5,Semi-Furnished,vip_gold
Furnished 4bdrm Duplex in Iife Camp Abuja for sale,"Gwarinpa, Life Camp",Life Camp,Gwarinpa,"₦ 210,000,000",800.0,4,4,Furnished,vip_gold
4bdrm Duplex in Life Camp Abuja for sale,"Gwarinpa, Life Camp",Life Camp,Gwarinpa,"₦ 3,500,000,000",3400.0,4,4,Semi-Furnished,vip_gold
4bdrm Duplex in Life Camp Abuja for sale,"Gwarinpa, Life Camp",Life Camp,Gwarinpa,"₦ 350,000,000",1000.0,4,4,Semi-Furnished,vip_gold
"6bdrm Duplex in Estate, Magodo Isheri for sale","Ojodu, Magodo Isheri",Magodo Isheri,Ojodu,"₦ 220,000,000",700.0,6,6,Semi-Furnished,enterprise
"4bdrm Duplex in Secured Area, Fagba for sale","Agege, Fagba",Fagba,Agege,"₦ 280,000,000",270.0,4,4,Semi-Furnished,enterprise
"3bdrm Duplex in Secured Area, Fagba for sale","Agege, Fagba",Fagba,Agege,"₦ 180,000,000",250.0,3,3,Semi-Furnished,enterprise
6bdrm Mansion in Guzape District for sale,"Abuja (FCT), Guzape District",Guzape District,Abuja (FCT),"₦ 1,500,000,000",1200.0,6,6,Semi-Furnished,vip_gold
Furnished 5bdrm Duplex in Katampe Extension for sale,"Katampe, Katampe Extension",Katampe Extension,Katampe,"₦ 1,500,000,000",1200.0,5,5,Furnished,vip_gold
5bdrm Duplex in Guzape District for sale,"Abuja (FCT), Guzape District",Guzape District,Abuja (FCT),"₦ 350,000,000",800.0,5,5,Semi-Furnished,vip_gold
2bdrm Block of Flats in Obio-Akpor for sale,"Rivers State, Obio-Akpor",Obio-Akpor,Rivers State,"₦ 550,000,000",4200.0,2,3,Unfurnished,enterprise
6bdrm Duplex in Asokoro Abuja for sale,"Abuja (FCT), Asokoro",Asokoro,Abuja (FCT),"₦ 1,800,000,000",1500.0,6,6,Semi-Furnished,vip_gold
5bdrm Duplex in Maitama Abuja for sale,"Abuja (FCT), Maitama",Maitama,Abuja (FCT),"₦ 5,500,000,000",3027.0,5,5,Semi-Furnished,vip_gold
5bdrm Duplex in Dawaki News for sale,"Gwarinpa, Dawaki",Dawaki,Gwarinpa,"₦ 80,000,000",500.0,5,5,Unfurnished,enterprise
5bdrm Duplex in Mabushi Abuja for sale,"Abuja (FCT), Mabushi",Mabushi,Abuja (FCT),"₦ 700,000,000",1000.0,5,5,Semi-Furnished,vip_gold
7bdrm Mansion in Guzape District for sale,"Abuja (FCT), Guzape District",Guzape District,Abuja (FCT),"₦ 3,500,000,000",1500.0,7,7,Semi-Furnished,vip_gold
7bdrm Mansion in Asokoro Abuja for sale,"Abuja (FCT), Asokoro",Asokoro,Abuja (FCT),"₦ 2,500,000,000",1000.0,7,7,Semi-Furnished,vip_gold
9bdrm Mansion in Guzape District for sale,"Abuja (FCT), Guzape District",Guzape District,Abuja (FCT),"₦ 3,000,000,000",1800.0,9,9,Semi-Furnished,vip_gold
7bdrm Duplex in Guzape District for sale,"Abuja (FCT), Guzape District",Guzape District,Abuja (FCT),"₦ 1,500,000,000",1000.0,7,7,Semi-Furnished,vip_gold
7bdrm Duplex in Asokoro Abuja for sale,"Abuja (FCT), Asokoro",Asokoro,Abuja (FCT),"₦ 2,000,000,000",1000.0,7,7,Semi-Furnished,vip_gold
6bdrm Mansion in Guzape District for sale,"Abuja (FCT), Guzape District",Guzape District,Abuja (FCT),"₦ 3,000,000,000",1500.0,6,6,Semi-Furnished,vip_gold
8bdrm Mansion in Asokoro Abuja for sale,"Abuja (FCT), Asokoro",Asokoro,Abuja (FCT),"₦ 5,000,000,000",2000.0,8,8,Semi-Furnished,vip_gold
8bdrm Duplex in Wuse2 Abuja for sale,"Abuja (FCT), Wuse 2",Wuse 2,Abuja (FCT),"₦ 3,000,000,000",1500.0,8,8,Semi-Furnished,vip_gold
4bdrm Duplex in Galadimawa Abuja for sale,"Abuja (FCT), Galadimawa",Galadimawa,Abuja (FCT),"₦ 155,000,000",1000.0,4,4,Semi-Furnished,vip_gold
3bdrm Bungalow in Lokogoma Abuja for sale,"Abuja (FCT), Lokogoma",Lokogoma,Abuja (FCT),"₦ 100,000,000",800.0,3,3,Semi-Furnished,vip_gold
3bdrm Duplex in Katampe Main Abuja for sale,"Katampe, Katampe (Main)",Katampe (Main),Katampe,"₦ 130,000,000",1000.0,3,3,Semi-Furnished,vip_gold
4bdrm Duplex in Life Camp Abuja for sale,"Gwarinpa, Life Camp",Life Camp,Gwarinpa,"₦ 300,000,000",1000.0,4,4,Semi-Furnished,vip_gold
5bdrm Duplex in Life Camp Abuja for sale,"Gwarinpa, Life Camp",Life Camp,Gwarinpa,"₦ 350,000,000",1000.0,5,5,Semi-Furnished,vip_gold
4bdrm Duplex in Lugbe Abuja for sale,"Abuja (FCT), Lugbe District",Lugbe District,Abuja (FCT),"₦ 140,000,000",450.0,4,4,Semi-Furnished,vip_gold
2bdrm Block of Flats in Mabushi Abuja for sale,"Abuja (FCT), Mabushi",Mabushi,Abuja (FCT),"₦ 500,000,000",885.0,2,2,Semi-Furnished,vip_gold
6bdrm Duplex in Mabushi Abuja for sale,"Abuja (FCT), Mabushi",Mabushi,Abuja (FCT),"₦ 520,000,000",1000.0,6,6,Semi-Furnished,vip_gold
4bdrm Duplex in Guzape Main for sale,"Abuja (FCT), Guzape District",Guzape District,Abuja (FCT),"₦ 1,800,000,000",1600.0,4,4,Semi-Furnished,vip_gold
5bdrm Duplex in Jabi Abuja for sale,"Abuja (FCT), Jabi",Jabi,Abuja (FCT),"₦ 650,000,000",1187.0,5,5,Semi-Furnished,vip_gold
"5bdrm Duplex in Secured Estate, Oko-Oba for sale","Agege, Oko-Oba",Oko-Oba,Agege,"₦ 380,000,000",300.0,5,5,Semi-Furnished,enterprise
"4bdrm Duplex in Golf Annex, Enugu for sale","Enugu State, Enugu",Enugu,Enugu State,"₦ 125,000,000",500.0,4,4,Semi-Furnished,diamond
7bdrm Duplex in Jabi Abuja for sale,"Abuja (FCT), Jabi",Jabi,Abuja (FCT),"₦ 3,000,000,000",2700.0,7,7,Semi-Furnished,vip_gold
3bdrm Apartment in Asokoro Abuja for sale,"Abuja (FCT), Asokoro",Asokoro,Abuja (FCT),"₦ 1,600,000,000",1570.0,3,3,Semi-Furnished,vip_gold
4bdrm Duplex in Mabushi Abuja for sale,"Abuja (FCT), Mabushi",Mabushi,Abuja (FCT),"₦ 300,000,000",1000.0,4,4,Semi-Furnished,vip_gold
Furnished 3bdrm Duplex in Wuye Abuja for sale,"Abuja (FCT), Wuye",Wuye,Abuja (FCT),"₦ 160,000,000",1000.0,3,3,Furnished,vip_gold
"4bdrm Duplex in Jabi Abuja, Wuye for sale","Abuja (FCT), Wuye",Wuye,Abuja (FCT),"₦ 1,700,000,000",1400.0,4,4,Semi-Furnished,vip_gold
6bdrm Duplex in Jabi Abuja for sale,"Abuja (FCT), Jabi",Jabi,Abuja (FCT),"₦ 900,000,000",1000.0,6,6,Semi-Furnished,vip_gold
6bdrm Maisonette in Navy Estate Karshi for Sale,"Abuja (FCT), Karshi",Karshi,Abuja (FCT),"₦ 150,000,000",1400.0,6,5,Semi-Furnished,enterprise
3bdrm Bungalow in Dakwo District Abuja for sale,"Abuja (FCT), Dakwo District",Dakwo District,Abuja (FCT),"₦ 180,000,000",1000.0,3,3,Semi-Furnished,vip_gold
3bdrm Bungalow in Dakwo District Abuja for sale,"Abuja (FCT), Dakwo District",Dakwo District,Abuja (FCT),"₦ 165,000,000",1000.0,3,3,Semi-Furnished,vip_gold
"4bdrm Duplex in New Road, Eneka for sale","Port-Harcourt, Eneka",Eneka,Port-Harcourt,"₦ 200,000,000",465.0,4,4,Semi-Furnished,premium
5bdrm Duplex in Jahi Abuja for sale,"Abuja (FCT), Jahi",Jahi,Abuja (FCT),"₦ 450,000,000",1000.0,5,5,Semi-Furnished,vip_gold
4bdrm Duplex in Maitama Abuja for sale,"Abuja (FCT), Maitama",Maitama,Abuja (FCT),"₦ 1,000,000,000",1000.0,4,4,Semi-Furnished,vip_gold
4bdrm Duplex in Wuye Abuja for sale,"Abuja (FCT), Wuye",Wuye,Abuja (FCT),"₦ 330,000,000",1000.0,4,4,Semi-Furnished,vip_gold
4bdrm Duplex in Wuye 2 Abuja for sale,"Abuja (FCT), Wuye",Wuye,Abuja (FCT),"₦ 800,000,000",1000.0,4,4,Semi-Furnished,vip_gold
2bdrm Block of Flats in Jahi Abuja for sale,"Abuja (FCT), Jahi",Jahi,Abuja (FCT),"₦ 100,000,000",1000.0,2,2,Semi-Furnished,vip_gold
4bdrm Duplex in Life Camp Abuja for sale,"Gwarinpa, Life Camp",Life Camp,Gwarinpa,"₦ 1,200,000,000",1000.0,4,4,Semi-Furnished,vip_gold
12bdrm Block of Flats in Benin City for sale,"Edo State, Benin City",Benin City,Edo State,"₦ 42,000,000",900.0,12,8,Unfurnished,diamond
4bdrm Duplex in Gwarinpa Abuja for sale,"Abuja (FCT), Gwarinpa",Gwarinpa,Abuja (FCT),"₦ 480,000,000",900.0,4,4,Semi-Furnished,vip_gold
4bdrm Duplex in Life Camp Abuja for sale,"Gwarinpa, Life Camp",Life Camp,Gwarinpa,"₦ 270,000,000",1000.0,4,4,Semi-Furnished,vip_gold
5bdrm Duplex in Wuye Abuja for sale,"Abuja (FCT), Wuye",Wuye,Abuja (FCT),"₦ 1,000,000,000",900.0,5,5,Semi-Furnished,vip_gold
5bdrm Duplex in Jabi Abuja for sale,"Abuja (FCT), Jabi",Jabi,Abuja (FCT),"₦ 650,000,000",1000.0,5,5,Semi-Furnished,vip_gold
6bdrm Duplex in Asokoro Abuja for sale,"Abuja (FCT), Asokoro",Asokoro,Abuja (FCT),"₦ 1,300,000,000",1136.0,6,6,Semi-Furnished,vip_gold
6bdrm Duplex in Wuse Abuja for sale,"Abuja (FCT), Wuse",Wuse,Abuja (FCT),"₦ 1,900,000,000",900.0,6,6,Semi-Furnished,vip_gold
"4bdrm Duplex in Secured Area, Aguda / Ogba for sale","Ogba, Aguda / Ogba",Aguda / Ogba,Ogba,"₦ 285,000,000",280.0,4,4,Semi-Furnished,enterprise
"3bdrm Block of Flats in Secured Area, Lekki Phase 1 for sale","Lekki, Lekki Phase 1",Lekki Phase 1,Lekki,"₦ 1,200,000,000",550.0,3,3,Semi-Furnished,enterprise
"4bdrm Duplex in Secured Area, Anthony Village for sale","Maryland, Anthony Village",Anthony Village,Maryland,"₦ 400,000,000",280.0,4,4,Semi-Furnished,enterprise
5bdrm Duplex in Apo Abuja for sale,"Abuja (FCT), Apo District",Apo District,Abuja (FCT),"₦ 800,000,000",1000.0,5,5,Semi-Furnished,vip_gold
4bdrm Duplex in Maitama Abuja for sale,"Abuja (FCT), Maitama",Maitama,Abuja (FCT),"₦ 700,000,000",1000.0,4,4,Semi-Furnished,vip_gold
"2bdrm Block of Flats in Lokogoma Abuja, Maitama for sale","Abuja (FCT), Maitama",Maitama,Abuja (FCT),"₦ 380,000,000",1000.0,2,2,Semi-Furnished,vip_gold
5bdrm Duplex in Guzape District for sale,"Abuja (FCT), Guzape District",Guzape District,Abuja (FCT),"₦ 500,000,000",1000.0,5,5,Semi-Furnished,vip_gold
3bdrm Block of Flats in Durumi Abuja for sale,"Abuja (FCT), Durumi",Durumi,Abuja (FCT),"₦ 90,000,000",1000.0,3,3,Semi-Furnished,vip_gold
4bdrm Duplex in Katampe Extension for sale,"Katampe, Katampe Extension",Katampe Extension,Katampe,"₦ 3,000,000,000",4000.0,4,4,Semi-Furnished,vip_gold
5bdrm Duplex in Maitama Abuja for sale,"Abuja (FCT), Maitama",Maitama,Abuja (FCT),"₦ 3,000,000,000",1200.0,5,5,Semi-Furnished,vip_gold
5bdrm Duplex in Guzape District for sale,"Abuja (FCT), Guzape District",Guzape District,Abuja (FCT),"₦ 20,000,000,000",1000.0,5,5,Semi-Furnished,vip_gold
5bdrm Duplex in Lokogoma Abuja for sale,"Abuja (FCT), Lokogoma",Lokogoma,Abuja (FCT),"₦ 360,000,000",1000.0,5,5,Semi-Furnished,vip_gold
4bdrm Duplex in Jahi Abuja for sale,"Abuja (FCT), Jahi",Jahi,Abuja (FCT),"₦ 280,000,000",1000.0,4,4,Semi-Furnished,vip_gold
4bdrm Duplex in Asokoro Abuja for sale,"Abuja (FCT), Asokoro",Asokoro,Abuja (FCT),"₦ 2,500,000,000",1000.0,4,4,Semi-Furnished,vip_gold
2bdrm Block of Flats in Maitama Abuja for sale,"Abuja (FCT), Maitama",Maitama,Abuja (FCT),"₦ 180,000,000",1000.0,2,2,Semi-Furnished,vip_gold
6bdrm Duplex in Garki Abuja for sale,"Jigawa State, Garki",Garki,Jigawa State,"₦ 1,000,000,000",1000.0,6,6,Semi-Furnished,vip_gold
7bdrm Mansion in Katampe Extension for sale,"Katampe, Katampe Extension",Katampe Extension,Katampe,"₦ 3,500,000,000",1000.0,7,7,Semi-Furnished,vip_gold
6bdrm Duplex in Jabi Abuja for sale,"Abuja (FCT), Jabi",Jabi,Abuja (FCT),"₦ 320,000,000",1000.0,6,6,Semi-Furnished,vip_gold
5bdrm Duplex in Apo Abuja for sale,"Abuja (FCT), Apo District",Apo District,Abuja (FCT),"₦ 600,000,000",1000.0,5,5,Semi-Furnished,vip_gold
3bdrm Bungalow in Benin City for sale,"Edo State, Benin City",Benin City,Edo State,"₦ 10,000,000",450.0,3,2,Unfurnished,diamond
"4bdrm Duplex in Estate, Adeniyi Jones for sale","Ikeja, Adeniyi Jones",Adeniyi Jones,Ikeja,"₦ 480,000,000",300.0,4,4,Semi-Furnished,enterprise
4bdrm Duplex in Rumuahalu for sale,"Port-Harcourt, Rumuahalu",Rumuahalu,Port-Harcourt,"₦ 210,000,000",245.0,4,4,Semi-Furnished,enterprise
4bdrm Duplex in Kado for sale,"Abuja (FCT), Kado",Kado,Abuja (FCT),"₦ 230,000,000",1900.0,4,4,Semi-Furnished,enterprise
"5bdrm Duplex in Mini Estate, Katampe Extension for sale","Katampe, Katampe Extension",Katampe Extension,Katampe,"₦ 250,000,000",1000.0,5,5,Semi-Furnished,enterprise
"14bdrm Block of Flats in White House, Okokomaiko for sale","Ojo, Okokomaiko",Okokomaiko,Ojo,"₦ 114,000,000",500.0,14,14,Semi-Furnished,diamond
"5bdrm Duplex in Secured Estate, Omole Phase 2 for sale","Ikeja, Omole Phase 2",Omole Phase 2,Ikeja,"₦ 650,000,000",300.0,5,5,Semi-Furnished,enterprise
5bdrm Bungalow in Obio-Akpor for sale,"Rivers State, Obio-Akpor",Obio-Akpor,Rivers State,"₦ 130,000,000",500.0,5,5,Semi-Furnished,enterprise
"6bdrm Duplex in Housing Estate Elega, Abeokuta South for sale","Ogun State, Abeokuta South",Abeokuta South,Ogun State,"₦ 38,500,000",1200.0,6,10,Semi-Furnished,diamond
"3bdrm Block of Flats in Secured Area, Allen Avenue for sale","Ikeja, Allen Avenue",Allen Avenue,Ikeja,"₦ 260,000,000",900.0,3,3,Semi-Furnished,enterprise
"5bdrm Duplex in Secured Estate, Omole Phase 2 for sale","Ikeja, Omole Phase 2",Omole Phase 2,Ikeja,"₦ 700,000,000",300.0,5,5,Semi-Furnished,enterprise
3bdrm Block of Flats in Jahi By Gilmor for sale,"Abuja (FCT), Jahi",Jahi,Abuja (FCT),"₦ 620,000,000",1000.0,3,3,Unfurnished,enterprise
Furnished 3bdrm Bungalow in Gudu for sale,"Abuja (FCT), Gudu",Gudu,Abuja (FCT),"₦ 280,000,000",700.0,3,3,Furnished,enterprise
"4bdrm Duplex in Estate, Abule Egba for sale","Lagos State, Abule Egba",Abule Egba,Lagos State,"₦ 265,000,000",450.0,4,4,Semi-Furnished,enterprise
"3bdrm Block of Flats in Secured Area, Allen Avenue for sale","Ikeja, Allen Avenue",Allen Avenue,Ikeja,"₦ 500,000,000",460.0,3,3,Semi-Furnished,enterprise
"4bdrm Duplex in Secured Estate, Omole Phase 1 for sale","Ikeja, Omole Phase 1",Omole Phase 1,Ikeja,"₦ 670,000,000",300.0,4,4,Semi-Furnished,enterprise
3bdrm Block of Flats in Brains And Hammers for sale,"Gwarinpa, Life Camp",Life Camp,Gwarinpa,"₦ 60,000,000",300.0,3,4,Unfurnished,enterprise
5bdrm Bungalow in Benin City for sale,"Edo State, Benin City",Benin City,Edo State,"₦ 120,000,000",900.0,5,5,Semi-Furnished,diamond
"4bdrm Duplex in Secured Estate, Adeniyi Jones for sale","Ikeja, Adeniyi Jones",Adeniyi Jones,Ikeja,"₦ 680,000,000",350.0,4,4,Semi-Furnished,enterprise
"4bdrm Duplex in Estate, Maryland for sale","Lagos State, Maryland",Maryland,Lagos State,"₦ 600,000,000",300.0,4,4,Semi-Furnished,enterprise
3bdrm Apartment in Jahi Gilmor for sale,"Abuja (FCT), Jahi",Jahi,Abuja (FCT),"₦ 140,000,000",1500.0,3,4,Semi-Furnished,enterprise
"3bdrm Bungalow in Secured Area, Oke-Afa for sale","Isolo, Oke-Afa",Oke-Afa,Isolo,"₦ 80,000,000",300.0,3,3,Semi-Furnished,enterprise
"Furnished Mini Flat in Langgate Home, Ajah for sale","Lagos State, Ajah",Ajah,Lagos State,"₦ 130,000,000",600.0,3,3,Furnished,diamond
"8bdrm Block of Flats in Infant Jesus Asaba, Oshimili South for sale","Delta State, Oshimili South",Oshimili South,Delta State,"₦ 250,000,000",500.0,8,8,Unfurnished,diamond
"4bdrm Duplex in Estate, Adeniyi Jones for sale","Ikeja, Adeniyi Jones",Adeniyi Jones,Ikeja,"₦ 360,000,000",290.0,4,4,Semi-Furnished,enterprise
"4bdrm Duplex in Secured Estate, Alakuko for sale","Ifako-Ijaiye, Alakuko",Alakuko,Ifako-Ijaiye,"₦ 270,000,000",280.0,4,4,Semi-Furnished,enterprise
2bdrm Block of Flats in Private Estate for sale,"Ikotun/Igando, Ikotun / Ikotun/Igando",Ikotun / Ikotun/Igando,Ikotun/Igando,"₦ 145,000,000",892.0,2,2,Semi-Furnished,diamond
"2bdrm Block of Flats in Cpc Community, Dawaki for sale","Gwarinpa, Dawaki",Dawaki,Gwarinpa,"₦ 350,000,000",550.0,2,2,Semi-Furnished,enterprise
"5bdrm Duplex in Estate, Ikate for sale","Lekki, Ikate",Ikate,Lekki,"₦ 1,200,000,000",500.0,5,5,Semi-Furnished,enterprise
"5bdrm Duplex in Secured Estate, Adeniyi Jones for sale","Ikeja, Adeniyi Jones",Adeniyi Jones,Ikeja,"₦ 550,000,000",350.0,5,5,Semi-Furnished,enterprise
"Furnished 4bdrm Duplex in Estate, Abule Egba for sale","Lagos State, Abule Egba",Abule Egba,Lagos State,"₦ 175,000,000",250.0,4,4,Furnished,enterprise
"4bdrm Duplex in Secured Estate, Adeniyi Jones for sale","Ikeja, Adeniyi Jones",Adeniyi Jones,Ikeja,"₦ 430,000,000",290.0,4,4,Semi-Furnished,enterprise
"5bdrm Duplex in Secured Estate, Magodo Isheri for sale","Ojodu, Magodo Isheri",Magodo Isheri,Ojodu,"₦ 400,000,000",300.0,5,5,Semi-Furnished,enterprise
4bdrm Duplex in Golf Estate Enugu for sale,Enugu State,Enugu State,,"₦ 160,000,000",500.0,4,4,Semi-Furnished,diamond
2bdrm Block of Flats in Obio-Akpor for sale,"Rivers State, Obio-Akpor",Obio-Akpor,Rivers State,"₦ 210,000,000",1630.0,2,2,Unfurnished,enterprise
3bdrm Block of Flats in Benin City for sale,"Edo State, Benin City",Benin City,Edo State,"₦ 120,000,000",900.0,3,3,Unfurnished,diamond
4bdrm Bungalow in Benin City for sale,"Edo State, Benin City",Benin City,Edo State,"₦ 53,000,000",450.0,4,3,Unfurnished,diamond
"2bdrm Block of Flats in Secured Area, Gbagada for sale","Lagos State, Gbagada",Gbagada,Lagos State,"₦ 80,000,000",600.0,2,2,Semi-Furnished,enterprise
"5bdrm Duplex in Secured Estate, Ogudu GRA for sale","Ogudu, Ogudu GRA",Ogudu GRA,Ogudu,"₦ 600,000,000",300.0,5,5,Semi-Furnished,enterprise
"4bdrm Bungalow in Free Solar Power, Elerangbe for sale","Ibeju, Elerangbe",Elerangbe,Ibeju,"₦ 85,000,000",300.0,4,4,Unfurnished,diamond
"4bdrm Duplex in Ogufayo, Lakowe for sale","Ibeju, Lakowe",Lakowe,Ibeju,"₦ 115,000,000",1000.0,4,4,Unfurnished,diamond
"5bdrm Bungalow in Unique Estate, Baruwa for sale","Ipaja, Baruwa",Baruwa,Ipaja,"₦ 135,000,000",600.0,5,4,Unfurnished,diamond
Furnished 6bdrm Duplex in Garki Area 8 for sale,"Garki 1, Area 8",Area 8,Garki 1,"₦ 1,000,000,000",1000.0,6,6,Furnished,vip_gold
Furnished 4bdrm Duplex in Rumuahalu for sale,"Port-Harcourt, Rumuahalu",Rumuahalu,Port-Harcourt,"₦ 100,000,000",465.0,4,4,Furnished,enterprise
4bdrm Bungalow in Rumuahalu for sale,"Port-Harcourt, Rumuahalu",Rumuahalu,Port-Harcourt,"₦ 90,000,000",230.0,4,4,Semi-Furnished,enterprise
"4bdrm Maisonette in Secured Area, Banana Island for sale","Ikoyi, Banana Island",Banana Island,Ikoyi,"₦ 1,700,000,000",1200.0,4,4,Semi-Furnished,enterprise
"Furnished 5bdrm Duplex in Secured Area, Magodo Isheri for sale","Ojodu, Magodo Isheri",Magodo Isheri,Ojodu,"₦ 600,000,000",400.0,5,5,Furnished,enterprise
"5bdrm Duplex in Secured Estate, Ogudu GRA for sale","Ogudu, Ogudu GRA",Ogudu GRA,Ogudu,"₦ 700,000,000",350.0,5,5,Semi-Furnished,enterprise
4bdrm Duplex in Galadimawa for sale,"Abuja (FCT), Galadimawa",Galadimawa,Abuja (FCT),"₦ 350,000,000",500.0,4,4,Unfurnished,enterprise
2bdrm Apartment in Lekki Chevron Toll for sale,"Lekki, Chevron",Chevron,Lekki,"₦ 95,000,000",1000.0,2,2,Semi-Furnished,enterprise
"1bdrm Apartment in Brains And Hammers 🔨, Life Camp for sale","Gwarinpa, Life Camp",Life Camp,Gwarinpa,"₦ 35,000,000",200.0,1,1,Semi-Furnished,enterprise
Furnished 3bdrm House in Ado / Ajah for sale,"Ajah, Ado / Ajah",Ado / Ajah,Ajah,"₦ 150,000,000",500.0,3,3,Furnished,diamond
5bdrm Duplex in Secured Estate for sale,"Isolo, Ajao Estate",Ajao Estate,Isolo,"₦ 260,000,000",290.0,5,5,Semi-Furnished,enterprise
"4bdrm Maisonette in Secured Area, Old Ikoyi for sale","Ikoyi, Old Ikoyi",Old Ikoyi,Ikoyi,"₦ 1,700,000,000",700.0,4,4,Semi-Furnished,enterprise
"5bdrm Duplex in Secured Estate, GRA Phase 1 for sale","Magodo, GRA Phase 1",GRA Phase 1,Magodo,"₦ 580,000,000",450.0,5,5,Semi-Furnished,enterprise
4bdrm Duplex in Thinkers Corner for sale,"Enugu State, Enugu",Enugu,Enugu State,"₦ 130,000,000",400.0,4,4,Unfurnished,diamond
"5bdrm Duplex in Secured Estate, Omole Phase 2 for sale","Ikeja, Omole Phase 2",Omole Phase 2,Ikeja,"₦ 750,000,000",350.0,5,5,Semi-Furnished,enterprise
"4bdrm Duplex in Secured Estate, Adeniyi Jones for sale","Ikeja, Adeniyi Jones",Adeniyi Jones,Ikeja,"₦ 370,000,000",250.0,4,4,Semi-Furnished,enterprise
5bdrm Duplex in Centenary City Enugu for sale,"Enugu State, Enugu",Enugu,Enugu State,"₦ 260,000,000",500.0,5,5,Semi-Furnished,diamond
2bdrm Apartment in Obio-Akpor for sale,"Rivers State, Obio-Akpor",Obio-Akpor,Rivers State,"₦ 40,000,000",465.0,2,2,Unfurnished,enterprise
"4bdrm Duplex in News Engineering, Dawaki for sale","Gwarinpa, Dawaki",Dawaki,Gwarinpa,"₦ 60,000,000",1000.0,4,5,Semi-Furnished,enterprise
"14bdrm Block of Flats in Marble Hill, Oshimili South for sale","Delta State, Oshimili South",Oshimili South,Delta State,"₦ 450,000,000",200.0,14,20,Unfurnished,diamond
"5bdrm Duplex in Secured Estate, Ikeja GRA for sale","Ikeja, Ikeja GRA",Ikeja GRA,Ikeja,"₦ 1,100,000,000",350.0,5,5,Semi-Furnished,enterprise
"2bdrm Block of Flats in Secured Are, Ikoyi S.W for sale","Ikoyi, Ikoyi S.W",Ikoyi S.W,Ikoyi,"₦ 270,000,000",500.0,2,2,Semi-Furnished,enterprise
"2bdrm Block of Flats in Secured Estate, Ipaja / Ipaja for sale","Ipaja, Ipaja / Ipaja",Ipaja / Ipaja,Ipaja,"₦ 70,000,000",1200.0,2,2,Semi-Furnished,enterprise
2bdrm Block of Flats in Uzoba for sale,"Port-Harcourt, Uzoba",Uzoba,Port-Harcourt,"₦ 130,000,000",1395.0,2,2,Semi-Furnished,enterprise
4bdrm Duplex in Dawaki for sale,"Gwarinpa, Dawaki",Dawaki,Gwarinpa,"₦ 280,000,000",1900.0,4,4,Semi-Furnished,enterprise
"5bdrm Duplex in Behind New General, Oshimili South for sale","Delta State, Oshimili South",Oshimili South,Delta State,"₦ 270,000,000",500.0,5,6,Semi-Furnished,diamond
"3bdrm Bungalow in Estate, Ayobo for sale","Ipaja, Ayobo",Ayobo,Ipaja,"₦ 95,000,000",350.0,3,3,Semi-Furnished,enterprise
"4bdrm Duplex in Olive Park Estate, Sangotedo for sale","Ajah, Sangotedo",Sangotedo,Ajah,"₦ 230,000,000",500.0,4,4,Unfurnished,diamond
4bdrm Duplex in Benin City for sale,"Edo State, Benin City",Benin City,Edo State,"₦ 200,000,000",450.0,4,4,Unfurnished,diamond
"3bdrm Block of Flats in Secured Area, Opebi for sale","Ikeja, Opebi",Opebi,Ikeja,"₦ 500,000,000",600.0,3,3,Semi-Furnished,enterprise
4bdrm Duplex in Transekulu New Gra for sale,"Enugu State, Enugu",Enugu,Enugu State,"₦ 150,000,000",500.0,4,4,Semi-Furnished,diamond
4bdrm Duplex in Transekulu New Gra for sale,"Enugu State, Enugu",Enugu,Enugu State,"₦ 130,000,000",400.0,4,4,Semi-Furnished,diamond
3bdrm Duplex in Obio-Akpor for sale,"Rivers State, Obio-Akpor",Obio-Akpor,Rivers State,"₦ 80,000,000",235.0,3,3,Unfurnished,enterprise
"6bdrm Duplex in Secured Area, Ikeja GRA for sale","Ikeja, Ikeja GRA",Ikeja GRA,Ikeja,"₦ 3,500,000,000",850.0,6,6,Semi-Furnished,enterprise
"4bdrm Duplex in Secured Estate, Wempco Road for sale","Ogba, Wempco Road",Wempco Road,Ogba,"₦ 340,000,000",270.0,4,4,Semi-Furnished,enterprise
"5bdrm Duplex in Secured Estate, Chevron for sale","Lekki, Chevron",Chevron,Lekki,"₦ 650,000,000",300.0,5,5,Semi-Furnished,enterprise
"4bdrm Duplex in Secured Area, Ifako-Ogba for sale","Ogba, Ifako-Ogba",Ifako-Ogba,Ogba,"₦ 215,000,000",270.0,4,4,Semi-Furnished,enterprise
Furnished 1bdrm Apartment in Brains And Hammers for sale,"Gwarinpa, Life Camp",Life Camp,Gwarinpa,"₦ 38,000,000",250.0,1,1,Furnished,enterprise
"Furnished 3bdrm Bungalow in Santos Estate, Lokogoma for sale","Abuja (FCT), Lokogoma",Lokogoma,Abuja (FCT),"₦ 120,000,000",650.0,3,3,Furnished,False
"4bdrm Duplex in Main Centenary, Enugu for sale","Enugu State, Enugu",Enugu,Enugu State,"₦ 220,000,000",500.0,4,5,Semi-Furnished,diamond
3bdrm Block of Flats in Off Ago-Palace Way for sale,"Isolo, Ago Palace",Ago Palace,Isolo,"₦ 230,000,000",650.0,3,3,Unfurnished,diamond
"3bdrm Bungalow in Secured Area, Ifo for sale","Ogun State, Ifo",Ifo,Ogun State,"₦ 35,000,000",600.0,3,3,Semi-Furnished,enterprise
"5bdrm Duplex in Estate, Omole Phase 1 for sale","Ikeja, Omole Phase 1",Omole Phase 1,Ikeja,"₦ 620,000,000",300.0,5,5,Semi-Furnished,enterprise
"4bdrm Duplex in Secured Estate, GRA Phase 1 for sale","Magodo, GRA Phase 1",GRA Phase 1,Magodo,"₦ 450,000,000",280.0,4,4,Semi-Furnished,enterprise
"4bdrm Duplex in Secured Area, Ifako-Ogba for sale","Ogba, Ifako-Ogba",Ifako-Ogba,Ogba,"₦ 220,000,000",250.0,4,4,Semi-Furnished,enterprise
9bdrm Duplex in Asokoro for sale,"Abuja (FCT), Asokoro",Asokoro,Abuja (FCT),"₦ 1,500,000,000",1500.0,9,5,Semi-Furnished,enterprise
4bdrm Duplex in Obio-Akpor for sale,"Rivers State, Obio-Akpor",Obio-Akpor,Rivers State,"₦ 180,000,000",465.0,4,4,Semi-Furnished,enterprise
2bdrm Block of Flats in Rukpokwu for sale,"Port-Harcourt, Rukpokwu",Rukpokwu,Port-Harcourt,"₦ 150,000,000",930.0,2,2,Unfurnished,enterprise
"3bdrm Duplex in Secured Area, Abule Egba for sale","Lagos State, Abule Egba",Abule Egba,Lagos State,"₦ 180,000,000",250.0,3,3,Semi-Furnished,enterprise
2bdrm Bungalow in Obio-Akpor for sale,"Rivers State, Obio-Akpor",Obio-Akpor,Rivers State,"₦ 55,000,000",700.0,2,2,Semi-Furnished,enterprise
"5bdrm Duplex in Police Service, Idu for sale","Jiwa, Idu",Idu,Jiwa,"₦ 120,000,000",1200.0,5,5,Unfurnished,enterprise
5bdrm Duplex in Guzape for sale,"Abuja (FCT), Guzape District",Guzape District,Abuja (FCT),"₦ 750,000,000",1000.0,5,5,Semi-Furnished,enterprise
3bdrm Duplex in Eleko for sale,"Ibeju, Eleko",Eleko,Ibeju,"₦ 109,440,000",500.0,3,3,Unfurnished,diamond
"5bdrm Duplex in Secured Area, Chevron for sale","Lekki, Chevron",Chevron,Lekki,"₦ 350,000,000",300.0,5,5,Semi-Furnished,enterprise
"4bdrm Duplex in Secured Estate, Magodo Isheri for sale","Ojodu, Magodo Isheri",Magodo Isheri,Ojodu,"₦ 380,000,000",250.0,4,4,Semi-Furnished,enterprise
Furnished 4bdrm Bungalow in Rukpokwu for sale,"Port-Harcourt, Rukpokwu",Rukpokwu,Port-Harcourt,"₦ 120,000,000",465.0,4,4,Furnished,enterprise
3bdrm Bungalow in Benin City for sale,"Edo State, Benin City",Benin City,Edo State,"₦ 70,000,000",1800.0,3,3,Unfurnished,diamond
3bdrm Duplex in Benin City for sale,"Edo State, Benin City",Benin City,Edo State,"₦ 85,000,000",900.0,3,3,Semi-Furnished,diamond
"4bdrm Duplex in Secured Estate, Ifako-Ogba for sale","Ogba, Ifako-Ogba",Ifako-Ogba,Ogba,"₦ 255,000,000",290.0,4,4,Semi-Furnished,enterprise
"5bdrm Duplex in Secured Estate, Ogba GRA for sale","Ogba, Ogba GRA",Ogba GRA,Ogba,"₦ 560,000,000",600.0,5,5,Semi-Furnished,enterprise
"4bdrm Duplex in Secured Estate, Opebi for sale","Ikeja, Opebi",Opebi,Ikeja,"₦ 480,000,000",300.0,4,4,Semi-Furnished,enterprise
"6bdrm Duplex in Secured Estate, GRA Phase 2 Shangisha for sale","Magodo, GRA Phase 2 Shangisha",GRA Phase 2 Shangisha,Magodo,"₦ 750,000,000",400.0,6,6,Semi-Furnished,enterprise
"Furnished 3bdrm Duplex in Secured Area, Abule Egba for sale","Lagos State, Abule Egba",Abule Egba,Lagos State,"₦ 190,000,000",250.0,3,3,Furnished,enterprise
4bdrm Duplex in Adeniyi Jones for sale,"Ikeja, Adeniyi Jones",Adeniyi Jones,Ikeja,"₦ 360,000,000",500.0,4,4,Unfurnished,vip_gold
"2bdrm Block of Flats in Secured Area, Ikate for sale","Lekki, Ikate",Ikate,Lekki,"₦ 210,000,000",1000.0,2,2,Semi-Furnished,enterprise
"4bdrm Duplex in Golf Annex, Enugu for sale","Enugu State, Enugu",Enugu,Enugu State,"₦ 110,000,000",450.0,4,4,Semi-Furnished,diamond
"5bdrm Duplex in Estate, Omole Phase 2 for sale","Ikeja, Omole Phase 2",Omole Phase 2,Ikeja,"₦ 700,000,000",300.0,5,5,Semi-Furnished,enterprise
"6bdrm Duplex in Secured Area, Ojodu for sale","Lagos State, Ojodu",Ojodu,Lagos State,"₦ 330,000,000",300.0,6,6,Semi-Furnished,enterprise
3bdrm Block of Flats in Uzoba for sale,"Port-Harcourt, Uzoba",Uzoba,Port-Harcourt,"₦ 250,000,000",700.0,3,3,Unfurnished,enterprise
"6bdrm Duplex in Gra Asaba, Oshimili South for sale","Delta State, Oshimili South",Oshimili South,Delta State,"₦ 350,000,000",800.0,6,5,Unfurnished,diamond
"5bdrm Duplex in Nta, Oshimili South for sale","Delta State, Oshimili South",Oshimili South,Delta State,"₦ 270,000,000",450.0,5,5,Semi-Furnished,diamond
"3bdrm Block of Flats in Estate, Abule Egba for sale","Lagos State, Abule Egba",Abule Egba,Lagos State,"₦ 180,000,000",600.0,3,3,Semi-Furnished,enterprise
"5bdrm Duplex in Secured Area, Maryland for sale","Lagos State, Maryland",Maryland,Lagos State,"₦ 550,000,000",350.0,5,5,Semi-Furnished,enterprise
"4bdrm Duplex in Secured Estate, Opebi for sale","Ikeja, Opebi",Opebi,Ikeja,"₦ 450,000,000",300.0,4,4,Semi-Furnished,enterprise
"3bdrm Block of Flats in Secured Area, Magodo Isheri for sale","Ojodu, Magodo Isheri",Magodo Isheri,Ojodu,"₦ 720,000,000",600.0,3,3,Semi-Furnished,enterprise
"5bdrm Duplex in Secured Estate, Magodo Isheri for sale","Ojodu, Magodo Isheri",Magodo Isheri,Ojodu,"₦ 670,000,000",350.0,5,5,Semi-Furnished,enterprise
"3bdrm Duplex in Estate, Gbagada for sale","Lagos State, Gbagada",Gbagada,Lagos State,"₦ 240,000,000",270.0,3,3,Semi-Furnished,enterprise
"6bdrm Block of Flats in Iduunu Avenue, Ibadan for sale","Oyo State, Ibadan",Ibadan,Oyo State,"₦ 45,000,000",672.0,6,4,Unfurnished,False
"2bdrm Block of Flats in Secured Area, Abule Egba for sale","Lagos State, Abule Egba",Abule Egba,Lagos State,"₦ 1,300,000",600.0,2,2,Semi-Furnished,enterprise
"4bdrm Duplex in Estate, Ogba GRA for sale","Ogba, Ogba GRA",Ogba GRA,Ogba,"₦ 330,000,000",280.0,4,4,Semi-Furnished,enterprise
"5bdrm Duplex in Secured Estate, Adeniyi Jones for sale","Ikeja, Adeniyi Jones",Adeniyi Jones,Ikeja,"₦ 700,000,000",300.0,5,5,Semi-Furnished,enterprise
"4bdrm Duplex in Secured Area, Ifako-Ogba for sale","Ogba, Ifako-Ogba",Ifako-Ogba,Ogba,"₦ 285,000,000",280.0,4,4,Semi-Furnished,enterprise
Furnished 4bdrm Bungalow in Ibeju for sale,"Lagos State, Ibeju",Ibeju,Lagos State,"₦ 80,000,000",600.0,4,4,Furnished,diamond
"4bdrm Duplex in Secured Area, Ikeja GRA for sale","Ikeja, Ikeja GRA",Ikeja GRA,Ikeja,"₦ 550,000,000",280.0,4,4,Semi-Furnished,enterprise
3bdrm Block of Flats in Off Ago for sale,"Isolo, Ago Palace",Ago Palace,Isolo,"₦ 450,000,000",650.0,3,1,Unfurnished,diamond
6bdrm Duplex in Guzape for sale,"Abuja (FCT), Guzape District",Guzape District,Abuja (FCT),"₦ 1,200,000,000",1500.0,6,5,Semi-Furnished,enterprise
"3bdrm Apartment in Crystal Apartments, Kado for sale","Abuja (FCT), Kado",Kado,Abuja (FCT),"₦ 140,000,000",2000.0,3,4,Semi-Furnished,enterprise
"4bdrm Duplex in Estate, Maryland for sale","Lagos State, Maryland",Maryland,Lagos State,"₦ 500,000,000",300.0,4,4,Semi-Furnished,enterprise
4bdrm Duplex in Katampe Extension for Sale,"Katampe, Katampe Extension",Katampe Extension,Katampe,"₦ 1,500,000,000",2500.0,4,5,Semi-Furnished,enterprise
Furnished 4bdrm Apartment in Ado / Ajah for sale,"Ajah, Ado / Ajah",Ado / Ajah,Ajah,"₦ 135,000,000",1000.0,4,4,Furnished,diamond
"3bdrm Duplex in Secured Are, Fagba for sale","Agege, Fagba",Fagba,Agege,"₦ 155,000,000",180.0,3,3,Semi-Furnished,enterprise
4bdrm Duplex in Apo Legislative Qtrs for sale,"Abuja (FCT), Apo District",Apo District,Abuja (FCT),"₦ 1,800,000,000",1300.0,4,4,Unfurnished,enterprise
2bdrm Block of Flats in Benin City for sale,"Edo State, Benin City",Benin City,Edo State,"₦ 40,000,000",450.0,2,2,Unfurnished,diamond
"4bdrm Duplex in Secured Area, Ikeja GRA for sale","Ikeja, Ikeja GRA",Ikeja GRA,Ikeja,"₦ 750,000,000",280.0,4,4,Semi-Furnished,enterprise
"Furnished 2bdrm Block of Flats in Secured Estate, Cement for sale","Agege, Cement",Cement,Agege,"₦ 110,000,000",700.0,2,2,Furnished,enterprise
"4bdrm Duplex in Secured Area, Ifako-Ogba for sale","Ogba, Ifako-Ogba",Ifako-Ogba,Ogba,"₦ 230,000,000",260.0,4,4,Semi-Furnished,enterprise
2bdrm Apartment in Monastery Sangotedo for sale,"Ajah, Sangotedo",Sangotedo,Ajah,"₦ 90,000,000",500.0,2,3,Semi-Furnished,enterprise
"2bdrm Block of Flats in Secured Estate, Oregun for sale","Ikeja, Oregun",Oregun,Ikeja,"₦ 160,000,000",600.0,2,2,Semi-Furnished,enterprise
"4bdrm Maisonette in Secured Area, Opebi for sale","Ikeja, Opebi",Opebi,Ikeja,"₦ 360,000,000",300.0,4,4,Semi-Furnished,enterprise
"4bdrm Duplex in Estate, Magodo Isheri for sale","Ojodu, Magodo Isheri",Magodo Isheri,Ojodu,"₦ 350,000,000",260.0,4,4,Semi-Furnished,enterprise
"3bdrm Block of Flats in Off 69 Road, Gwarinpa for sale","Abuja (FCT), Gwarinpa",Gwarinpa,Abuja (FCT),"₦ 330,000,000",1000.0,3,4,Semi-Furnished,enterprise
Furnished 4bdrm Bungalow in Benin City for sale,"Edo State, Benin City",Benin City,Edo State,"₦ 160,000,000",1000.0,4,4,Furnished,diamond
2bdrm Block of Flats in Benin City for sale,"Edo State, Benin City",Benin City,Edo State,"₦ 19,000,000",450.0,2,2,Unfurnished,diamond
"4bdrm Duplex in Estate, Ikeja GRA for sale","Ikeja, Ikeja GRA",Ikeja GRA,Ikeja,"₦ 350,000,000",280.0,4,4,Semi-Furnished,enterprise
"4bdrm Duplex in Estate, Ogudu GRA for sale","Ogudu, Ogudu GRA",Ogudu GRA,Ogudu,"₦ 500,000,000",300.0,4,4,Semi-Furnished,enterprise
"Furnished 6bdrm House in Private Property, Nasarawa-Kano for sale","Kano State, Nasarawa-Kano",Nasarawa-Kano,Kano State,"₦ 230,000,000",400.0,6,6,Furnished,False
4bdrm Block of Flats in Rumuigbo for sale,"Port-Harcourt, Rumuigbo",Rumuigbo,Port-Harcourt,"₦ 65,000,000",465.0,4,4,Semi-Furnished,enterprise
"2bdrm Block of Flats in Brains And Hammers, Life Camp for sale","Gwarinpa, Life Camp",Life Camp,Gwarinpa,"₦ 70,000,000",1000.0,2,2,Unfurnished,enterprise
"20bdrm Block of Flats in Delamo, Alakuko for sale","Ifako-Ijaiye, Alakuko",Alakuko,Ifako-Ijaiye,"₦ 45,000,000",700.0,20,20,Semi-Furnished,vip_gold
"20bdrm Block of Flats in Akesan, Igando / Ikotun/Igando for sale","Ikotun/Igando, Igando / Ikotun/Igando",Igando / Ikotun/Igando,Ikotun/Igando,"₦ 47,000,000",600.0,20,20,Semi-Furnished,vip_gold
"4bdrm Duplex in Ogufayo, Awoyaya for sale","Ibeju, Awoyaya",Awoyaya,Ibeju,"₦ 130,000,000",600.0,4,4,Unfurnished,diamond
4bdrm Apartment in Benin City for sale,"Edo State, Benin City",Benin City,Edo State,"₦ 28,000,000",450.0,4,4,Unfurnished,diamond
4bdrm Duplex in Rumuahalu for sale,"Port-Harcourt, Rumuahalu",Rumuahalu,Port-Harcourt,"₦ 300,000,000",465.0,4,5,Semi-Furnished,enterprise
3bdrm Apartment in Jahi Gmor for sale,"Abuja (FCT), Jahi",Jahi,Abuja (FCT),"₦ 500,000,000",1000.0,3,4,Unfurnished,enterprise
"4bdrm Duplex in Secured Estate, Ifako-Ogba for sale","Ogba, Ifako-Ogba",Ifako-Ogba,Ogba,"₦ 330,000,000",280.0,4,4,Semi-Furnished,enterprise
"4bdrm Duplex in Secured Area, Maryland for sale","Lagos State, Maryland",Maryland,Lagos State,"₦ 290,000,000",280.0,4,4,Semi-Furnished,enterprise
"Furnished 4bdrm Duplex in Secured Area, Aguda / Ogba for sale","Ogba, Aguda / Ogba",Aguda / Ogba,Ogba,"₦ 400,000,000",280.0,4,4,Furnished,enterprise
4bdrm Duplex in Centenary City Enugu for sale,"Enugu State, Enugu",Enugu,Enugu State,"₦ 180,000,000",500.0,4,4,Semi-Furnished,diamond
Semi Detached Duplex,"Katampe, Katampe Extension",Katampe Extension,Katampe,"₦ 650,000,000",,4,5,Furnished,enterprise
4bdrm Duplex in Jahi for sale,"Abuja (FCT), Jahi",Jahi,Abuja (FCT),"₦ 125,000,000",500.0,4,5,Unfurnished,enterprise
"2bdrm Block of Flats in Secured Area, Iju-Ishaga for sale","Agege, Iju-Ishaga",Iju-Ishaga,Agege,"₦ 130,000,000",650.0,2,2,Semi-Furnished,enterprise
"4bdrm Duplex in Secured Area, Ifako-Ogba for sale","Ogba, Ifako-Ogba",Ifako-Ogba,Ogba,"₦ 285,000,000",250.0,4,4,Semi-Furnished,enterprise
"Furnished 6bdrm Duplex in Estate, Egbeda for sale","Oyo State, Egbeda",Egbeda,Oyo State,"₦ 550,000,000",450.0,6,6,Furnished,enterprise
4bdrm Bungalow in Obio-Akpor for sale,"Rivers State, Obio-Akpor",Obio-Akpor,Rivers State,"₦ 100,000,000",465.0,4,4,Semi-Furnished,enterprise
"6bdrm Duplex in River Park Estate, Sabon Lugbe for sale","Lugbe District, Sabon Lugbe",Sabon Lugbe,Lugbe District,"₦ 500,000,000",1000.0,6,6,Unfurnished,diamond
"5bdrm Duplex in Secured Estate, GRA Phase 1 for sale","Magodo, GRA Phase 1",GRA Phase 1,Magodo,"₦ 550,000,000",400.0,5,5,Semi-Furnished,enterprise
"4bdrm Duplex in Secured Area, Oregun for sale","Ikeja, Oregun",Oregun,Ikeja,"₦ 290,000,000",300.0,4,4,Semi-Furnished,enterprise
5bdrm Duplex in Benin City for sale,"Edo State, Benin City",Benin City,Edo State,"₦ 185,000,000",900.0,5,5,Semi-Furnished,diamond
3bdrm Bungalow in Elerangbe for sale,"Ibeju, Elerangbe",Elerangbe,Ibeju,"₦ 72,000,000",500.0,3,3,Unfurnished,diamond
5bdrm Duplex in Woji for sale,"Port-Harcourt, Woji",Woji,Port-Harcourt,"₦ 180,000,000",465.0,5,5,Semi-Furnished,enterprise
3bdrm Apartment in Jahi for sale,"Abuja (FCT), Jahi",Jahi,Abuja (FCT),"₦ 120,000,000",1500.0,3,4,Semi-Furnished,enterprise
3bdrm Apartment in Katampe Extension for sale,"Katampe, Katampe Extension",Katampe Extension,Katampe,"₦ 120,000,000",2000.0,3,4,Semi-Furnished,enterprise
"8bdrm Block of Flats in Naira & Kobo Axis,, Oshimili South for sale","Delta State, Oshimili South",Oshimili South,Delta State,"₦ 180,000,000",450.0,8,16,Unfurnished,diamond
6bdrm Duplex in Obio-Akpor for sale,"Rivers State, Obio-Akpor",Obio-Akpor,Rivers State,"₦ 2,000,000,000",5000.0,6,8,Semi-Furnished,enterprise
"Furnished 3bdrm Bungalow in Ginti, Ijede / Ikorodu for sale","Ikorodu, Ijede / Ikorodu",Ijede / Ikorodu,Ikorodu,"₦ 39,000,000",300.0,3,3,Furnished,diamond
4bdrm Block of Flats in Rumuahalu for sale,"Port-Harcourt, Rumuahalu",Rumuahalu,Port-Harcourt,"₦ 45,000,000",465.0,4,4,Semi-Furnished,enterprise
"4bdrm Duplex in Ibusa Rd, Oshimili South for sale","Delta State, Oshimili South",Oshimili South,Delta State,"₦ 250,000,000",500.0,4,5,Unfurnished,diamond
4bdrm Duplex in Olokonla for sale,"Ajah, Olokonla",Olokonla,Ajah,"₦ 110,000,000",300.0,4,4,Unfurnished,False
"Furnished 2bdrm Block of Flats in Basin, Ilorin South for sale","Kwara State, Ilorin South",Ilorin South,Kwara State,"₦ 1,300,000,000",3150.0,2,2,Furnished,diamond
"Furnished 6bdrm Duplex in Goshen, Enugu for sale","Enugu State, Enugu",Enugu,Enugu State,"₦ 160,000,000",602.0,6,6,Furnished,premium
6bdrm House in Off Ago-Palace for sale,"Isolo, Ago Palace",Ago Palace,Isolo,"₦ 350,000,000",650.0,6,5,Unfurnished,diamond
"20bdrm Block of Flats in Adexson, Igando / Ikotun/Igando for sale","Ikotun/Igando, Igando / Ikotun/Igando",Igando / Ikotun/Igando,Ikotun/Igando,"₦ 72,000,000",700.0,20,20,Semi-Furnished,vip_gold
"20bdrm Block of Flats in Jendor, Igando / Ikotun/Igando for sale","Ikotun/Igando, Igando / Ikotun/Igando",Igando / Ikotun/Igando,Ikotun/Igando,"₦ 350,000,000",700.0,20,20,Semi-Furnished,vip_gold
2bdrm Apartment in Lekki Phase 1 for sale,"Lekki, Lekki Phase 1",Lekki Phase 1,Lekki,"₦ 200,000,000",600.0,2,3,Unfurnished,vip_gold
"6bdrm Duplex in Ada George Estate, Obio-Akpor for sale","Rivers State, Obio-Akpor",Obio-Akpor,Rivers State,"₦ 230,000,000",539.0,6,6,Unfurnished,enterprise
"4bdrm Block of Flats in Tera Haven Thomas, VGC / Ajah for sale","Ajah, VGC / Ajah",VGC / Ajah,Ajah,"₦ 250,000,000",600.0,4,4,Unfurnished,False
"20bdrm Block of Flats in Akesan, Igando / Ikotun/Igando for sale","Ikotun/Igando, Igando / Ikotun/Igando",Igando / Ikotun/Igando,Ikotun/Igando,"₦ 110,000,000",600.0,20,20,Semi-Furnished,vip_gold
Furnished 18bdrm Apartment in Benin City for sale,"Edo State, Benin City",Benin City,Edo State,"₦ 550,000,000",465.0,18,12,Furnished,diamond
"3bdrm House in Spring Garden Phase, VGC / Ajah for sale","Ajah, VGC / Ajah",VGC / Ajah,Ajah,"₦ 165,000,000",150.0,3,3,Unfurnished,False
"8bdrm Bungalow in Orire Estate, Ado Ekiti for sale","Ekiti State, Ado Ekiti",Ado Ekiti,Ekiti State,"₦ 28,000,000",854.0,8,8,Unfurnished,False
"3bdrm Block of Flats in Frigum Property, Benin City for sale","Edo State, Benin City",Benin City,Edo State,"₦ 35,000,000",100.0,3,3,Unfurnished,False
3bdrm Bungalow in Jos for sale,"Plateau State, Jos",Jos,Plateau State,"₦ 400,000,000",856.0,3,3,Semi-Furnished,False
3bdrm House in Berger for sale,"Ojodu, Berger",Berger,Ojodu,"₦ 1,600,000,000",3767.0,3,1,Unfurnished,enterprise
4bdrm Duplex in Victoria Island Extension for sale,"Victoria Island, Victoria Island Extension",Victoria Island Extension,Victoria Island,"₦ 850,000,000",1000.0,4,1,Unfurnished,enterprise
Furnished 4bdrm Apartment in Lekki Phase 1 for sale,"Lekki, Lekki Phase 1",Lekki Phase 1,Lekki,"₦ 350,000,000",500.0,4,5,Furnished,enterprise
3bdrm Bungalow in Eleko for sale,"Ibeju, Eleko",Eleko,Ibeju,"₦ 28,500,000",300.0,3,4,Unfurnished,enterprise
Furnished 4bdrm Duplex in Sangotedo for sale,"Ajah, Sangotedo",Sangotedo,Ajah,"₦ 150,000,000",500.0,4,5,Furnished,enterprise
"4bdrm Condo in Private Property, Maitama for sale","Abuja (FCT), Maitama",Maitama,Abuja (FCT),"₦ 5,500,000,000",2000.0,4,4,Semi-Furnished,enterprise
Furnished 4bdrm Block of Flats in Theranex Estate for sale,"Ajah, Sangotedo",Sangotedo,Ajah,"₦ 95,000,000",300.0,4,4,Furnished,enterprise
Furnished 2bdrm Apartment in Lekki Phase 1 for sale,"Lekki, Lekki Phase 1",Lekki Phase 1,Lekki,"₦ 260,000,000",600.0,2,2,Furnished,enterprise
5bdrm Duplex in Osapa london for sale,"Lekki, Osapa london",Osapa london,Lekki,"₦ 21,206,635,000",1000.0,5,1,Unfurnished,enterprise
Furnished 2bdrm Duplex in Mende for sale,"Maryland, Mende",Mende,Maryland,"₦ 140,000,000",1000.0,2,1,Furnished,enterprise
3bdrm House in Lekki Phase 1 for sale,"Lekki, Lekki Phase 1",Lekki Phase 1,Lekki,"₦ 300,000,000",1000.0,3,1,Unfurnished,enterprise
"4bdrm Duplex in Works & Housing, Gwarinpa for sale","Abuja (FCT), Gwarinpa",Gwarinpa,Abuja (FCT),"₦ 260,000,000",900.0,4,4,Unfurnished,enterprise
4bdrm Duplex in Lekki for sale,"Lagos State, Lekki",Lekki,Lagos State,"₦ 250,000,000",400.0,4,4,Semi-Furnished,enterprise
4bdrm Duplex in Lekki for sale,"Lagos State, Lekki",Lekki,Lagos State,"₦ 300,000,000",350.0,4,4,Semi-Furnished,enterprise
5bdrm Duplex in Ikoyi for sale,"Lagos State, Ikoyi",Ikoyi,Lagos State,"₦ 5,100,000,000",550.0,5,5,Semi-Furnished,enterprise
Furnished 5bdrm Bungalow in Jakande Estate for sale,"Lekki, Jakande",Jakande,Lekki,"₦ 170,000,000",500.0,5,6,Furnished,enterprise
"4bdrm Duplex in Magamond Estate, Ikota for sale","Lekki, Ikota",Ikota,Lekki,"₦ 480,000,000",420.0,4,5,Semi-Furnished,enterprise
6bdrm Duplex in Durumi By American for sale,"Abuja (FCT), Durumi",Durumi,Abuja (FCT),"₦ 600,000,000",550.0,6,7,Unfurnished,enterprise
"Furnished 4bdrm Apartment in Mercy Land Estate, Ibeju for sale","Lagos State, Ibeju",Ibeju,Lagos State,"₦ 170,000,000",400.0,4,4,Furnished,enterprise
"4bdrm Duplex in Umuoma Estate, Owerri for sale","Imo State, Owerri",Owerri,Imo State,"₦ 180,000,000",700.0,4,4,Unfurnished,enterprise
"6bdrm Duplex in Naf Valley Estate, Asokoro for sale","Abuja (FCT), Asokoro",Asokoro,Abuja (FCT),"₦ 1,000,000,000",1000.0,6,6,Unfurnished,enterprise
4bdrm Duplex in Ado / Ajah for sale,"Ajah, Ado / Ajah",Ado / Ajah,Ajah,"₦ 170,000,000",300.0,4,4,Semi-Furnished,enterprise
3bdrm Apartment in Lekki for sale,"Lagos State, Lekki",Lekki,Lagos State,"₦ 1,200,000,000",350.0,3,3,Semi-Furnished,enterprise
5bdrm Duplex in Ikoyi for sale,"Lagos State, Ikoyi",Ikoyi,Lagos State,"₦ 3,500,000,000",400.0,5,5,Semi-Furnished,enterprise
4bdrm Duplex in Ologolo for sale,"Lekki, Ologolo",Ologolo,Lekki,"₦ 350,000,000",10.0,4,4,Unfurnished,enterprise
5bdrm Duplex in Ikate for sale,"Lekki, Ikate",Ikate,Lekki,"₦ 980,000,000",500.0,5,5,Semi-Furnished,enterprise
2bdrm Apartment in Lekki Expressway for sale,"Lekki, Lekki Expressway",Lekki Expressway,Lekki,"₦ 350,000,000",300.0,2,3,Semi-Furnished,enterprise
4bdrm Duplex in Katampe Extension for sale,"Katampe, Katampe Extension",Katampe Extension,Katampe,"₦ 800,000,000",600.0,4,5,Unfurnished,enterprise
"6bdrm Duplex in Lugbe Seaman Estate, FHA for sale","Lugbe District, FHA",FHA,Lugbe District,"₦ 190,000,000",1000.0,6,7,Unfurnished,enterprise
3bdrm Apartment in Ogba for sale,"Ogba, Ifako-Ogba",Ifako-Ogba,Ogba,"₦ 190,000,000",1000.0,3,4,Unfurnished,enterprise
"14bdrm Duplex in Private Property, Asokoro for sale","Abuja (FCT), Asokoro",Asokoro,Abuja (FCT),"₦ 5,000,000,000",4000.0,14,14,Semi-Furnished,enterprise
5bdrm Duplex in Lekki for sale,"Lagos State, Lekki",Lekki,Lagos State,"₦ 550,000,000",400.0,5,5,Semi-Furnished,enterprise
4bdrm Duplex in Lekki for sale,"Lagos State, Lekki",Lekki,Lagos State,"₦ 220,000,000",300.0,4,4,Semi-Furnished,enterprise
"Furnished 2bdrm Block of Flats in Ikate Lekki ,Off for sale","Lekki, Ikate",Ikate,Lekki,"₦ 250,000,000",200.0,2,3,Furnished,enterprise
4bdrm Duplex in Enugu for sale,"Enugu State, Enugu",Enugu,Enugu State,"₦ 200,000,000",600.0,4,4,Unfurnished,enterprise
3bdrm Bungalow in Enugu for sale,"Enugu State, Enugu",Enugu,Enugu State,"₦ 100,000,000",400.0,3,4,Unfurnished,enterprise
5bdrm Duplex in Ikota for sale,"Lekki, Ikota",Ikota,Lekki,"₦ 650,000,000",450.0,5,5,Unfurnished,enterprise
3bdrm Apartment in Victoria Island for sale,"Lagos State, Victoria Island",Victoria Island,Lagos State,"₦ 750,000,000",180.0,3,3,Unfurnished,enterprise
4bdrm Duplex in Lekki Palm City for sale,"Lagos State, Lekki",Lekki,Lagos State,"₦ 170,000,000",10.0,4,4,Unfurnished,enterprise
"5bdrm Duplex in Okebadan Estate, Akobo for sale","Ibadan, Akobo",Akobo,Ibadan,"₦ 185,000,000",450.0,5,6,Semi-Furnished,enterprise
5bdrm House in Osapa london for sale,"Lekki, Osapa london",Osapa london,Lekki,"₦ 1,700,000,000",1000.0,5,1,Unfurnished,enterprise
5bdrm House in Ikoyi Lagos for sale,"Ikoyi, Old Ikoyi",Old Ikoyi,Ikoyi,"₦ 3,500,000,000",500.0,5,6,Semi-Furnished,enterprise
5bdrm Duplex in Lekki for sale,"Lagos State, Lekki",Lekki,Lagos State,"₦ 600,000,000",400.0,5,5,Semi-Furnished,enterprise
4bdrm Duplex in Lekki for sale,"Lagos State, Lekki",Lekki,Lagos State,"₦ 400,000,000",350.0,4,4,Semi-Furnished,enterprise
4bdrm Duplex in Lekki for sale,"Lagos State, Lekki",Lekki,Lagos State,"₦ 200,000,000",350.0,4,4,Semi-Furnished,enterprise
6bdrm Duplex in Life Camp for sale,"Gwarinpa, Life Camp",Life Camp,Gwarinpa,"₦ 600,000,000",600.0,6,7,Unfurnished,enterprise
3bdrm Apartment in Wuse Zone 1 for sale,"Abuja (FCT), Wuse",Wuse,Abuja (FCT),"₦ 145,000,000",300.0,3,4,Unfurnished,enterprise
2bdrm Apartment in Ikate for sale,"Lekki, Ikate",Ikate,Lekki,"₦ 250,000,000",100.0,2,2,Unfurnished,enterprise
Furnished 4bdrm Duplex in Lekki for sale,"Lagos State, Lekki",Lekki,Lagos State,"₦ 220,000,000",300.0,4,4,Furnished,enterprise
4bdrm Duplex in Ajah for sale,"Lagos State, Ajah",Ajah,Lagos State,"₦ 150,000,000",200.0,4,4,Unfurnished,enterprise
7bdrm Block of Flats in Alakuko for sale,"Ifako-Ijaiye, Alakuko",Alakuko,Ifako-Ijaiye,"₦ 220,000,000",1338.0,7,7,Unfurnished,enterprise
Furnished 4bdrm Apartment in Ikota for sale,"Lekki, Ikota",Ikota,Lekki,"₦ 285,000,000",500.0,4,5,Furnished,enterprise
Furnished 7bdrm House in Guzape District for sale,"Abuja (FCT), Guzape District",Guzape District,Abuja (FCT),"₦ 3,800,000,000",1780.0,7,10,Furnished,enterprise
6bdrm Duplex in Idu for sale,"Jiwa, Idu",Idu,Jiwa,"₦ 300,000,000",800.0,6,6,Semi-Furnished,enterprise
3bdrm Bungalow in Medium Income Estate for sale,"Kaduna State, Kaduna / Kaduna State",Kaduna / Kaduna State,Kaduna State,"₦ 40,500,000",320.0,3,3,Unfurnished,enterprise
5bdrm Duplex in Osapa London Lekki for sale,"Lekki, Osapa london",Osapa london,Lekki,"₦ 1,400,000,000",1000.0,5,6,Semi-Furnished,enterprise
"5bdrm House in Victoria Island, Sanusi Fafunwa for sale","Victoria Island, Sanusi Fafunwa",Sanusi Fafunwa,Victoria Island,"₦ 850,000,000",300.0,5,5,Unfurnished,enterprise
3bdrm Apartment in Ikeja Gra Lagos for sale,"Ikeja, Ikeja GRA",Ikeja GRA,Ikeja,"₦ 450,000,000",1000.0,3,4,Semi-Furnished,enterprise
"3bdrm Apartment in Private Property, Utako for sale","Abuja (FCT), Utako",Utako,Abuja (FCT),"₦ 750,000,000",1000.0,3,3,Unfurnished,enterprise
5bdrm Duplex in Lekki for sale,"Lagos State, Lekki",Lekki,Lagos State,"₦ 849,000,000",450.0,5,5,Semi-Furnished,enterprise
4bdrm Duplex in Lekki for sale,"Lagos State, Lekki",Lekki,Lagos State,"₦ 240,000,000",350.0,4,4,Semi-Furnished,enterprise
5bdrm Duplex in Asokoro for sale,"Abuja (FCT), Asokoro",Asokoro,Abuja (FCT),"₦ 1,800,000,000",2000.0,5,5,Unfurnished,enterprise
10bdrm Block of Flats in Ogba Lagos for sale,"Lagos State, Ogba",Ogba,Lagos State,"₦ 150,000,000",300.0,10,14,Unfurnished,enterprise
3bdrm Duplex in Sangotedo By Blenco for sale,"Ajah, Sangotedo",Sangotedo,Ajah,"₦ 130,000,000",300.0,3,3,Semi-Furnished,enterprise
"5bdrm Duplex in Naf Valley, Asokoro for sale","Abuja (FCT), Asokoro",Asokoro,Abuja (FCT),"₦ 970,000,000",500.0,5,6,Unfurnished,enterprise
5bdrm Duplex in Lekki for sale,"Lagos State, Lekki",Lekki,Lagos State,"₦ 600,000,000",400.0,5,5,Unfurnished,enterprise
5bdrm Duplex in Lekki for sale,"Lagos State, Lekki",Lekki,Lagos State,"₦ 870,000,000",450.0,5,5,Unfurnished,enterprise
5bdrm Duplex in Ajah for sale,"Lagos State, Ajah",Ajah,Lagos State,"₦ 330,000,000",350.0,5,5,Unfurnished,enterprise
4bdrm Duplex in Ikeja for sale,"Lagos State, Ikeja",Ikeja,Lagos State,"₦ 450,000,000",400.0,4,4,Unfurnished,enterprise
4bdrm Duplex in Ajah for sale,"Lagos State, Ajah",Ajah,Lagos State,"₦ 210,000,000",250.0,4,4,Unfurnished,enterprise
4bdrm Duplex in Victoria Island for sale,"Lagos State, Victoria Island",Victoria Island,Lagos State,"₦ 700,000,000",350.0,4,4,Unfurnished,enterprise
"3bdrm Bungalow in Eliparawon Off Ada, Rumueprikom for sale","Port-Harcourt, Rumueprikom",Rumueprikom,Port-Harcourt,"₦ 115,000,000",465.0,3,3,Semi-Furnished,enterprise
"Furnished 9bdrm Duplex in Ada-George, Port for sale","Rivers State, Port-Harcourt",Port-Harcourt,Rivers State,"₦ 300,000,000",500.0,9,11,Furnished,enterprise
Furnished 5bdrm Duplex in Bunkoro for sale,"Gwarinpa, Bunkoro",Bunkoro,Gwarinpa,"₦ 650,000,000",900.0,5,6,Furnished,enterprise
2bdrm House in GRA Phase 1 for sale,"Magodo, GRA Phase 1",GRA Phase 1,Magodo,"₦ 350,000,000",1000.0,2,1,Unfurnished,enterprise
3bdrm Block of Flats in Berger for sale,"Ojodu, Berger",Berger,Ojodu,"₦ 250,000,000",1000.0,3,1,Unfurnished,enterprise
Furnished 6bdrm House in Banana Island Ikoyi for sale,"Ikoyi, Banana Island",Banana Island,Ikoyi,"₦ 11,500,000,000",2245.0,6,7,Furnished,enterprise
4bdrm Duplex in Chevron for sale,"Lekki, Chevron",Chevron,Lekki,"₦ 380,000,000",400.0,4,5,Unfurnished,enterprise
5bdrm Duplex in Lekki for sale,"Lagos State, Lekki",Lekki,Lagos State,"₦ 650,000,000",400.0,5,5,Semi-Furnished,enterprise
"3bdrm Bungalow in Von Axis, Lugbe District for sale","Abuja (FCT), Lugbe District",Lugbe District,Abuja (FCT),"₦ 60,000,000",350.0,3,4,Unfurnished,enterprise
5bdrm Duplex in Lekki for sale,"Lagos State, Lekki",Lekki,Lagos State,"₦ 550,000,000",350.0,5,5,Unfurnished,enterprise
4bdrm Duplex in Ikeja for sale,"Lagos State, Ikeja",Ikeja,Lagos State,"₦ 450,000,000",250.0,4,4,Unfurnished,enterprise
5bdrm Duplex in VGC / Ajah for sale,"Ajah, VGC / Ajah",VGC / Ajah,Ajah,"₦ 800,000,000",650.0,5,5,Semi-Furnished,enterprise
"5bdrm Duplex in Rroyal Gardens, Off Lekki-Epe Expressway for sale","Ajah, Off Lekki-Epe Expressway",Off Lekki-Epe Expressway,Ajah,"₦ 900,000,000",600.0,5,5,Semi-Furnished,enterprise
5bdrm Duplex in Zone B for sale,"Apo District, Zone B",Zone B,Apo District,"₦ 2,000,000,000",2300.0,5,6,Unfurnished,enterprise
4bdrm House in Ikota for sale,"Lekki, Ikota",Ikota,Lekki,"₦ 180,000,000",1000.0,4,5,Unfurnished,enterprise
5bdrm Duplex in Chevron for sale,"Lekki, Chevron",Chevron,Lekki,"₦ 450,000,000",1000.0,5,1,Unfurnished,enterprise
5bdrm House in Chevron for sale,"Lekki, Chevron",Chevron,Lekki,"₦ 550,000,000",1000.0,5,5,Unfurnished,enterprise
5bdrm Duplex in Orchid Lekki for sale,"Lekki, Lekki Expressway",Lekki Expressway,Lekki,"₦ 480,000,000",1000.0,5,6,Semi-Furnished,enterprise
2bdrm Penthouse in Lekki for sale,"Lagos State, Lekki",Lekki,Lagos State,"₦ 180,000,000",350.0,2,2,Semi-Furnished,enterprise
3bdrm Apartment in Lekki for sale,"Lagos State, Lekki",Lekki,Lagos State,"₦ 290,000,000",350.0,3,3,Semi-Furnished,enterprise
6bdrm Duplex in Wuse Zone 7 for sale,"Abuja (FCT), Wuse",Wuse,Abuja (FCT),"₦ 850,000,000",450.0,6,7,Unfurnished,enterprise
5bdrm Duplex in Ajah for sale,"Lagos State, Ajah",Ajah,Lagos State,"₦ 220,000,000",350.0,5,5,Unfurnished,enterprise
5bdrm Duplex in Ado / Ajah for sale,"Ajah, Ado / Ajah",Ado / Ajah,Ajah,"₦ 300,000,000",350.0,5,5,Semi-Furnished,enterprise
5bdrm Duplex in Osapa london for sale,"Lekki, Osapa london",Osapa london,Lekki,"₦ 350,000,000",1000.0,5,1,Unfurnished,enterprise
4bdrm Maisonette in Ikoyi South West for sale,"Ikoyi, Ikoyi S.W",Ikoyi S.W,Ikoyi,"₦ 450,000,000",500.0,4,5,Semi-Furnished,enterprise
"4bdrm Duplex in Ikeja, Opebi for sale","Ikeja, Opebi",Opebi,Ikeja,"₦ 570,000,000",300.0,4,5,Semi-Furnished,enterprise
"3bdrm Bungalow in Spring Meadow, Apo Resettlement for sale","Apo District, Apo Resettlement",Apo Resettlement,Apo District,"₦ 115,000,000",650.0,3,4,Unfurnished,enterprise
5bdrm Duplex in Chevron for sale,"Lekki, Chevron",Chevron,Lekki,"₦ 600,000,000",350.0,5,5,Unfurnished,enterprise
5bdrm Duplex in Jabi for sale,"Abuja (FCT), Jabi",Jabi,Abuja (FCT),"₦ 2,000,000,000",500.0,5,5,Unfurnished,enterprise
"3bdrm Bungalow in Rumuakparali, Obio-Akpor for sale","Rivers State, Obio-Akpor",Obio-Akpor,Rivers State,"₦ 95,000,000",300.0,3,3,Semi-Furnished,enterprise
5bdrm Duplex in Enugu for sale,"Enugu State, Enugu",Enugu,Enugu State,"₦ 600,000,000",500.0,5,5,Semi-Furnished,enterprise
2bdrm Bungalow in Eleko for sale,"Ibeju, Eleko",Eleko,Ibeju,"₦ 4,500,000",150.0,2,1,Unfurnished,enterprise
3bdrm Block of Flats in Garki Abuja Nigeria for sale,"Jigawa State, Garki",Garki,Jigawa State,"₦ 4,800,000,000",2500.0,3,4,Semi-Furnished,enterprise
"Mini Flat in Bricks & More Plaza, Gwarinpa for sale","Abuja (FCT), Gwarinpa",Gwarinpa,Abuja (FCT),"₦ 75,000,000",40.0,1,1,Unfurnished,enterprise
12bdrm Block of Flats in Abule Egba for sale,"Lagos State, Abule Egba",Abule Egba,Lagos State,"₦ 110,000,000",60.0,12,8,Unfurnished,enterprise
3bdrm Penthouse in Happy Land Sangotedo for sale,"Ajah, Sangotedo",Sangotedo,Ajah,"₦ 120,000,000",252.0,3,3,Unfurnished,enterprise
6bdrm Duplex in Lekki for sale,"Lagos State, Lekki",Lekki,Lagos State,"₦ 2,300,000,000",800.0,6,6,Unfurnished,enterprise
4bdrm Apartment in Ikeja GRA for sale,"Ikeja, Ikeja GRA",Ikeja GRA,Ikeja,"₦ 500,000,000",350.0,4,4,Unfurnished,enterprise
2bdrm Apartment in Ogba for sale,"Lagos State, Ogba",Ogba,Lagos State,"₦ 95,000,000",100.0,2,2,Unfurnished,enterprise
"4bdrm Duplex in Peter Odili, Port-Harcourt for sale","Rivers State, Port-Harcourt",Port-Harcourt,Rivers State,"₦ 330,000,000",500.0,4,4,Semi-Furnished,enterprise
"5bdrm Duplex in Lekki Palm City, Ajah for sale","Lagos State, Ajah",Ajah,Lagos State,"₦ 190,000,000",10.0,5,5,Unfurnished,enterprise
5bdrm Duplex in Asokoro Main Abuja for sale,"Abuja (FCT), Asokoro",Asokoro,Abuja (FCT),"₦ 950,000,000",700.0,5,6,Semi-Furnished,enterprise
5bdrm Duplex in Nta Road Behind Ait for sale,"Rivers State, Port-Harcourt",Port-Harcourt,Rivers State,"₦ 130,000,000",466.0,5,7,Semi-Furnished,enterprise
4bdrm Duplex in Chevron for sale,"Lekki, Chevron",Chevron,Lekki,"₦ 230,000,000",350.0,4,4,Semi-Furnished,enterprise
"Furnished 4bdrm Block of Flats in Oke Aro Estate, Giwa for sale","Kaduna State, Giwa",Giwa,Kaduna State,"₦ 19,000,000",370.0,4,2,Furnished,enterprise
4bdrm Duplex in Citec Mbora for sale,"Abuja (FCT), Mbora",Mbora,Abuja (FCT),"₦ 250,000,000",350.0,4,5,Unfurnished,enterprise
"18bdrm Block of Flats in River Park Estate, Lugbe District for sale","Abuja (FCT), Lugbe District",Lugbe District,Abuja (FCT),"₦ 460,000,000",1200.0,18,18,Unfurnished,enterprise
4bdrm Duplex in Ajah for sale,"Lagos State, Ajah",Ajah,Lagos State,"₦ 220,000,000",350.0,4,4,Unfurnished,enterprise
3bdrm Duplex in Ajah for sale,"Lagos State, Ajah",Ajah,Lagos State,"₦ 130,000,000",10.0,3,3,Unfurnished,enterprise
Furnished 5bdrm Duplex in Sangotedo for sale,"Ajah, Sangotedo",Sangotedo,Ajah,"₦ 150,000,000",500.0,5,6,Furnished,enterprise
2bdrm Apartment in Iwaya for sale,"Yaba, Iwaya",Iwaya,Yaba,"₦ 100,000,000",400.0,2,2,Unfurnished,enterprise
Furnished 3bdrm Apartment in Lekki Phase 2 for sale,"Lekki, Lekki Phase 2",Lekki Phase 2,Lekki,"₦ 130,000,000",500.0,3,4,Furnished,enterprise
Furnished 2bdrm Apartment in Abraham Adesanya for sale,"Surulere, Abraham Adesanya",Abraham Adesanya,Surulere,"₦ 97,500,000",500.0,2,2,Furnished,enterprise
Furnished 2bdrm Apartment in Lekki Phase 1 for sale,"Lekki, Lekki Phase 1",Lekki Phase 1,Lekki,"₦ 250,000,000",500.0,2,3,Furnished,enterprise
5bdrm House in Osapa london for sale,"Lekki, Osapa london",Osapa london,Lekki,"₦ 1,650,000,000",1000.0,5,1,Unfurnished,enterprise
3bdrm Apartment in Lekki for sale,"Lagos State, Lekki",Lekki,Lagos State,"₦ 300,000,000",400.0,3,3,Semi-Furnished,enterprise
Furnished 4bdrm Maisonette in Ikoyi for sale,"Lagos State, Ikoyi",Ikoyi,Lagos State,"₦ 4,500,000,000",450.0,4,4,Furnished,enterprise
4bdrm Duplex in Chevron for sale,"Lekki, Chevron",Chevron,Lekki,"₦ 320,000,000",350.0,4,4,Unfurnished,enterprise
"5bdrm Duplex in Centenary City, Enugu for sale","Enugu State, Enugu",Enugu,Enugu State,"₦ 210,000,000",500.0,5,6,Unfurnished,enterprise
4bdrm Duplex in Enugu for sale,"Enugu State, Enugu",Enugu,Enugu State,"₦ 140,000,000",300.0,4,5,Unfurnished,enterprise
3bdrm Apartment in Ikeja for sale,"Lagos State, Ikeja",Ikeja,Lagos State,"₦ 155,000,000",150.0,3,3,Unfurnished,enterprise
"4bdrm Duplex in Sangotedo, Ajah for sale","Lagos State, Ajah",Ajah,Lagos State,"₦ 180,000,000",10.0,4,4,Unfurnished,enterprise
"3bdrm Bungalow in Tinubu Estate, Iwo Road for sale","Ibadan, Iwo Road",Iwo Road,Ibadan,"₦ 68,000,000",350.0,3,4,Semi-Furnished,enterprise
5bdrm Duplex in Parkview Estate for sale,"Ikoyi, Parkview Estate",Parkview Estate,Ikoyi,"₦ 5,100,000,000",550.0,5,5,Semi-Furnished,enterprise
4bdrm Duplex in Abraham Adesanya Estate for sale,"Ajah, Abraham Adesanya Estate",Abraham Adesanya Estate,Ajah,"₦ 180,000,000",250.0,4,4,Semi-Furnished,enterprise
4bdrm Duplex in Abijo for sale,"Ibeju, Abijo",Abijo,Ibeju,"₦ 221,000,000",3420.0,4,4,Semi-Furnished,enterprise
Furnished 4bdrm Duplex in Peter Odili Road for sale,"Rivers State, Port-Harcourt",Port-Harcourt,Rivers State,"₦ 380,000,000",400.0,4,4,Furnished,enterprise
5bdrm Duplex in Ogudu GRA for sale,"Ogudu, Ogudu GRA",Ogudu GRA,Ogudu,"₦ 550,000,000",1000.0,5,1,Unfurnished,enterprise
2bdrm Apartment in Ologolo Lekki Lagos for sale,"Lekki, Ologolo",Ologolo,Lekki,"₦ 95,000,000",650.0,2,3,Semi-Furnished,enterprise
5bdrm Duplex in Gwarinpa for sale,"Abuja (FCT), Gwarinpa",Gwarinpa,Abuja (FCT),"₦ 800,000,000",900.0,5,5,Semi-Furnished,enterprise
5bdrm Duplex in Lekki for sale,"Lagos State, Lekki",Lekki,Lagos State,"₦ 750,000,000",350.0,5,5,Semi-Furnished,enterprise
"4bdrm Duplex in River Park Estate, Lugbe District for sale","Abuja (FCT), Lugbe District",Lugbe District,Abuja (FCT),"₦ 200,000,000",300.0,4,5,Unfurnished,enterprise
4bdrm Bungalow in Eligbolo Off Eliozu for sale,"Port-Harcourt, Eliozu",Eliozu,Port-Harcourt,"₦ 75,000,000",350.0,4,4,Semi-Furnished,enterprise
"3bdrm Bungalow in Celica Estate, Alakia for sale","Ibadan, Alakia",Alakia,Ibadan,"₦ 85,000,000",600.0,3,4,Semi-Furnished,enterprise
2bdrm Apartment in Lekki Expressway for sale,"Lekki, Lekki Expressway",Lekki Expressway,Lekki,"₦ 220,000,000",400.0,2,2,Unfurnished,enterprise
"3bdrm Bungalow in Maryland, Mende for sale","Maryland, Mende",Mende,Maryland,"₦ 530,000,000",486.0,3,3,Unfurnished,enterprise
4bdrm Duplex in Off Admiralty Way for sale,"Lekki, Lekki Phase 1",Lekki Phase 1,Lekki,"₦ 780,000,000",377.0,4,5,Semi-Furnished,enterprise
4bdrm Duplex in Lekki for sale,"Lagos State, Lekki",Lekki,Lagos State,"₦ 350,000,000",350.0,4,4,Semi-Furnished,enterprise
4bdrm Duplex in Lekki for sale,"Lagos State, Lekki",Lekki,Lagos State,"₦ 190,000,000",350.0,4,4,Semi-Furnished,enterprise
5bdrm Duplex in Lekki for sale,"Lagos State, Lekki",Lekki,Lagos State,"₦ 480,000,000",400.0,5,5,Semi-Furnished,enterprise
Furnished 4bdrm Duplex in Abuja (FCT) for sale,Abuja (FCT),Abuja (FCT),,"₦ 700,000,000",350.0,4,4,Furnished,enterprise
5bdrm Duplex in Osapa london for sale,"Lekki, Osapa london",Osapa london,Lekki,"₦ 1,500,000,000",400.0,5,5,Unfurnished,enterprise
4bdrm Duplex in Lekki for sale,"Lagos State, Lekki",Lekki,Lagos State,"₦ 160,000,000",350.0,4,4,Unfurnished,enterprise
2bdrm Apartment in Victoria Island for sale,"Lagos State, Victoria Island",Victoria Island,Lagos State,"₦ 300,000,000",150.0,2,2,Unfurnished,enterprise
3bdrm Apartment in Lekki for sale,"Lagos State, Lekki",Lekki,Lagos State,"₦ 500,000,000",250.0,3,3,Unfurnished,enterprise
"4bdrm Duplex in Engr. Lere Adigun, Ibadan for sale","Oyo State, Ibadan",Ibadan,Oyo State,"₦ 370,000,000",450.0,4,4,Semi-Furnished,enterprise
6bdrm Duplex in Asokoro Main Abuja for sale,"Abuja (FCT), Asokoro",Asokoro,Abuja (FCT),"₦ 1,500,000,000",600.0,6,7,Semi-Furnished,enterprise
8bdrm Mansion in Maitama Main Abuja for sale,"Abuja (FCT), Maitama",Maitama,Abuja (FCT),"₦ 7,800,000,000",2000.0,8,9,Semi-Furnished,enterprise
7bdrm Mansion in Zone 2 / Wuse for sale,"Wuse, Zone 2 / Wuse",Zone 2 / Wuse,Wuse,"₦ 3,000,000,000",1500.0,7,7,Unfurnished,enterprise
"Furnished 2bdrm Apartment in Mojisola Onikoyi, Lekki Phase 1 for sale","Lekki, Lekki Phase 1",Lekki Phase 1,Lekki,"₦ 650,000,000",600.0,2,3,Furnished,enterprise
Furnished 4bdrm Duplex in Sangotedo for sale,"Ajah, Sangotedo",Sangotedo,Ajah,"₦ 220,000,000",500.0,4,5,Furnished,enterprise
4bdrm House in Lafiaji for sale,"Lekki, Lafiaji",Lafiaji,Lekki,"₦ 155,000,000",1000.0,4,1,Unfurnished,enterprise
5bdrm House in Osapa London Lekki for sale,"Lekki, Osapa london",Osapa london,Lekki,"₦ 1,720,000,000",1000.0,5,6,Semi-Furnished,enterprise
"4bdrm Duplex in Kayfarm Estate, Ifako-Ogba for sale","Ogba, Ifako-Ogba",Ifako-Ogba,Ogba,"₦ 255,000,000",450.0,4,4,Unfurnished,enterprise
"4bdrm Apartment in Victoria Island, Kofo Abayomi for sale","Victoria Island, Kofo Abayomi",Kofo Abayomi,Victoria Island,"₦ 2,250,000,000",1000.0,4,5,Semi-Furnished,enterprise
4bdrm Duplex in Labak Estate for sale,"Lagos State, Abule Egba",Abule Egba,Lagos State,"₦ 200,000,000",557.0,4,5,Unfurnished,enterprise
5bdrm Duplex in Lekki for sale,"Lagos State, Lekki",Lekki,Lagos State,"₦ 400,000,000",350.0,5,5,Semi-Furnished,enterprise
"2bdrm Bungalow in Valley View Estate, Iyana Ipaja for sale","Ipaja, Iyana Ipaja",Iyana Ipaja,Ipaja,"₦ 35,000,000",200.0,2,3,Unfurnished,enterprise
"4bdrm Duplex in Golf Annex, Enugu for sale","Enugu State, Enugu",Enugu,Enugu State,"₦ 130,000,000",400.0,4,5,Unfurnished,enterprise
5bdrm Duplex in Lekki for sale,"Lagos State, Lekki",Lekki,Lagos State,"₦ 2,000,000,000",400.0,5,5,Semi-Furnished,enterprise
5bdrm Duplex in Lekki for sale,"Lagos State, Lekki",Lekki,Lagos State,"₦ 700,000,000",350.0,5,5,Unfurnished,enterprise
5bdrm Duplex in Osapa london for sale,"Lekki, Osapa london",Osapa london,Lekki,"₦ 1,750,000,000",350.0,5,5,Unfurnished,enterprise
4bdrm Duplex in Ajah for sale,"Lagos State, Ajah",Ajah,Lagos State,"₦ 120,000,000",350.0,4,4,Unfurnished,enterprise
"4bdrm Duplex in Royal Garden Estate, Obio-Akpor for sale","Rivers State, Obio-Akpor",Obio-Akpor,Rivers State,"₦ 250,000,000",300.0,4,4,Semi-Furnished,enterprise
4bdrm Duplex in Sangotedo for sale,"Ajah, Sangotedo",Sangotedo,Ajah,"₦ 360,000,000",350.0,4,4,Semi-Furnished,enterprise
4bdrm Duplex in Sangotedo for sale,"Ajah, Sangotedo",Sangotedo,Ajah,"₦ 180,000,000",400.0,4,4,Unfurnished,enterprise
5bdrm House in Chevron Drive Lekki for sale,"Lekki, Chevron",Chevron,Lekki,"₦ 800,000,000",600.0,5,6,Semi-Furnished,enterprise
5bdrm Duplex in Megamond Estate for sale,"Lekki, Ikota",Ikota,Lekki,"₦ 650,000,000",500.0,5,6,Semi-Furnished,enterprise
5bdrm Duplex in Chevron for sale,"Lekki, Chevron",Chevron,Lekki,"₦ 1,500,000,000",400.0,5,5,Semi-Furnished,enterprise
5bdrm Duplex in Maitama for sale,"Abuja (FCT), Maitama",Maitama,Abuja (FCT),"₦ 6,000,000,000",1000.0,5,5,Unfurnished,enterprise
"5bdrm Duplex in River Park Estate, Lugbe District for sale","Abuja (FCT), Lugbe District",Lugbe District,Abuja (FCT),"₦ 300,000,000",550.0,5,6,Unfurnished,enterprise
4bdrm Duplex in Guzape District for sale,"Abuja (FCT), Guzape District",Guzape District,Abuja (FCT),"₦ 400,000,000",300.0,4,4,Semi-Furnished,enterprise
5bdrm Duplex in Lekki for sale,"Lagos State, Lekki",Lekki,Lagos State,"₦ 350,000,000",250.0,5,5,Unfurnished,enterprise
4bdrm Duplex in Lekki Phase 1 for sale,"Lekki, Lekki Phase 1",Lekki Phase 1,Lekki,"₦ 750,000,000",250.0,4,4,Unfurnished,enterprise
5bdrm Duplex in Ojodu for sale,"Lagos State, Ojodu",Ojodu,Lagos State,"₦ 400,000,000",550.0,5,5,Unfurnished,enterprise
4bdrm Duplex in Banana Island for sale,"Ikoyi, Banana Island",Banana Island,Ikoyi,"₦ 2,700,000,000",350.0,4,4,Unfurnished,enterprise
4bdrm Duplex in Gbalajam Woji for sale,"Port-Harcourt, Woji",Woji,Port-Harcourt,"₦ 330,000,000",330.0,4,4,Semi-Furnished,enterprise
4bdrm Duplex in Lekki for sale,"Lagos State, Lekki",Lekki,Lagos State,"₦ 100,000,000",250.0,4,4,Semi-Furnished,diamond
"3bdrm Duplex in Naf Harmony Estate, Port-Harcourt for sale","Rivers State, Port-Harcourt",Port-Harcourt,Rivers State,"₦ 300,000,000",465.0,3,4,Semi-Furnished,enterprise
5bdrm Duplex in Ada George Port for sale,"Rivers State, Port-Harcourt",Port-Harcourt,Rivers State,"₦ 400,000,000",955.0,5,7,Semi-Furnished,enterprise
"Furnished 3bdrm Block of Flats in Kings Court, Ikeja GRA for sale","Ikeja, Ikeja GRA",Ikeja GRA,Ikeja,"₦ 450,000,000",600.0,3,3,Furnished,enterprise
Furnished 4bdrm Maisonette in Banana Island for sale,"Ikoyi, Banana Island",Banana Island,Ikoyi,"₦ 4,500,000,000",1000.0,4,1,Furnished,enterprise
5bdrm Duplex in Osapa London Lekki for sale,"Lekki, Osapa london",Osapa london,Lekki,"₦ 1,650,000,000",1000.0,5,6,Semi-Furnished,enterprise
"5bdrm Duplex in Naf Valley Estate, Asokoro for sale","Abuja (FCT), Asokoro",Asokoro,Abuja (FCT),"₦ 650,000,000",820.0,5,5,Unfurnished,enterprise
2bdrm Block of Flats in Lokogoma for sale,"Abuja (FCT), Lokogoma",Lokogoma,Abuja (FCT),"₦ 55,000,000",250.0,2,2,Unfurnished,enterprise
5bdrm Duplex in Omole Phase 1 for sale,"Ikeja, Omole Phase 1",Omole Phase 1,Ikeja,"₦ 850,000,000",400.0,5,5,Unfurnished,enterprise
5bdrm Duplex in Lekki for sale,"Lagos State, Lekki",Lekki,Lagos State,"₦ 1,300,000,000",500.0,5,5,Semi-Furnished,enterprise
4bdrm Duplex in Guzape District for sale,"Abuja (FCT), Guzape District",Guzape District,Abuja (FCT),"₦ 450,000,000",200.0,4,4,Semi-Furnished,enterprise
5bdrm Duplex in Off Lekki-Epe Expressway for sale,"Ajah, Off Lekki-Epe Expressway",Off Lekki-Epe Expressway,Ajah,"₦ 700,000,000",450.0,5,5,Semi-Furnished,enterprise
5bdrm Duplex in Maitama for sale,"Abuja (FCT), Maitama",Maitama,Abuja (FCT),"₦ 2,000,000,000",700.0,5,6,Unfurnished,enterprise
3bdrm Duplex in Pen Cinema for sale,"Agege, Pen Cinema",Pen Cinema,Agege,"₦ 140,000,000",1000.0,3,1,Unfurnished,enterprise
2bdrm Apartment in Alausa Ikeja Lagos for sale,"Ikeja, Alausa",Alausa,Ikeja,"₦ 230,000,000",1000.0,2,2,Semi-Furnished,enterprise
5bdrm Duplex in Lekki for sale,"Lagos State, Lekki",Lekki,Lagos State,"₦ 650,000,000",450.0,5,5,Semi-Furnished,enterprise
5bdrm Duplex in Lekki for sale,"Lagos State, Lekki",Lekki,Lagos State,"₦ 470,000,000",400.0,5,5,Semi-Furnished,enterprise
Furnished 4bdrm Duplex in Sangotedo Lagos for sale,"Ajah, Sangotedo",Sangotedo,Ajah,"₦ 240,000,000",767.0,4,3,Furnished,enterprise
4bdrm Duplex in Ajah for sale,"Lagos State, Ajah",Ajah,Lagos State,"₦ 170,000,000",250.0,4,4,Unfurnished,enterprise
5bdrm Duplex in Ojodu for sale,"Lagos State, Ojodu",Ojodu,Lagos State,"₦ 580,000,000",400.0,5,5,Unfurnished,enterprise
"3bdrm Bungalow in Ada George, Port-Harcourt for sale","Rivers State, Port-Harcourt",Port-Harcourt,Rivers State,"₦ 100,000,000",465.0,3,3,Semi-Furnished,enterprise
5bdrm Duplex in Lekki Palm City for sale,"Lagos State, Lekki",Lekki,Lagos State,"₦ 260,000,000",10.0,5,5,Unfurnished,enterprise
8bdrm Mansion in Maitama Main Abuja for sale,"Abuja (FCT), Maitama",Maitama,Abuja (FCT),"₦ 8,000,000,000",2300.0,8,9,Semi-Furnished,enterprise
3bdrm Duplex in Ikota for sale,"Lekki, Ikota",Ikota,Lekki,"₦ 170,000,000",1000.0,3,1,Unfurnished,enterprise
4bdrm Duplex in Alaka Estate for sale,"Surulere, Alaka Estate",Alaka Estate,Surulere,"₦ 450,000,000",1000.0,4,1,Unfurnished,enterprise
4bdrm House in Old Ikoyi for sale,"Ikoyi, Old Ikoyi",Old Ikoyi,Ikoyi,"₦ 450,000,000",1000.0,4,1,Unfurnished,enterprise
4bdrm House in Ikeja GRA for sale,"Ikeja, Ikeja GRA",Ikeja GRA,Ikeja,"₦ 800,000,000",1000.0,4,1,Unfurnished,enterprise
4bdrm Duplex in Life Camp for sale,"Gwarinpa, Life Camp",Life Camp,Gwarinpa,"₦ 200,000,000",350.0,4,6,Unfurnished,enterprise
"5bdrm Duplex in Efab City Estate, Life Camp for sale","Gwarinpa, Life Camp",Life Camp,Gwarinpa,"₦ 400,000,000",620.0,5,5,Semi-Furnished,enterprise
4bdrm Block of Flats in Ejigbo for sale,"Ejigbo, Ejigbo / Ejigbo",Ejigbo / Ejigbo,Ejigbo,"₦ 120,000,000",500.0,4,4,Unfurnished,enterprise
7bdrm Duplex in Galadimawa for sale,"Abuja (FCT), Galadimawa",Galadimawa,Abuja (FCT),"₦ 315,000,000",500.0,7,8,Unfurnished,enterprise
3bdrm Maisonette in Osborne Foreshore Estate for sale,"Ikoyi, Osborne Foreshore Estate",Osborne Foreshore Estate,Ikoyi,"₦ 540,000,000",150.0,3,3,Unfurnished,enterprise
7bdrm Duplex in Lekki for sale,"Lagos State, Lekki",Lekki,Lagos State,"₦ 800,000,000",500.0,7,7,Unfurnished,enterprise
4bdrm Maisonette in Banana Island for sale,"Ikoyi, Banana Island",Banana Island,Ikoyi,"₦ 4,500,000,000",35.0,4,4,Unfurnished,enterprise
3bdrm Duplex in Ilupeju for sale,"Lagos State, Ilupeju",Ilupeju,Lagos State,"₦ 300,000,000",200.0,3,3,Unfurnished,enterprise
6bdrm Duplex in Apo Resettlement for sale,"Apo District, Apo Resettlement",Apo Resettlement,Apo District,"₦ 665,000,000",600.0,6,7,Semi-Furnished,enterprise
"5bdrm Duplex in Barnawa Gra Phase 1, Kaduna / Kaduna State for sale","Kaduna State, Kaduna / Kaduna State",Kaduna / Kaduna State,Kaduna State,"₦ 108,000,000",900.0,5,5,Semi-Furnished,enterprise
5bdrm Duplex in Lekki Phase 1 for sale,"Lekki, Lekki Phase 1",Lekki Phase 1,Lekki,"₦ 1,100,000,000",1000.0,5,1,Unfurnished,enterprise
5bdrm Duplex in Lekki Phase 1 for sale,"Lekki, Lekki Phase 1",Lekki Phase 1,Lekki,"₦ 1,200,000,000",1000.0,5,1,Unfurnished,enterprise
4bdrm Duplex in Opebi Ikeja Lagos for sale,"Ikeja, Opebi",Opebi,Ikeja,"₦ 370,000,000",2000.0,4,4,Semi-Furnished,enterprise
4bdrm Duplex in Lekki for sale,"Lagos State, Lekki",Lekki,Lagos State,"₦ 280,000,000",300.0,4,4,Semi-Furnished,enterprise
8bdrm Block of Flats in Igando / Ikotun/Igando for sale,"Ikotun/Igando, Igando / Ikotun/Igando",Igando / Ikotun/Igando,Ikotun/Igando,"₦ 55,000,000",300.0,8,8,Unfurnished,enterprise
5bdrm Duplex in Ayobo for sale,"Ipaja, Ayobo",Ayobo,Ipaja,"₦ 70,000,000",167.0,5,6,Unfurnished,enterprise
6bdrm Duplex in Lokogoma for sale,"Abuja (FCT), Lokogoma",Lokogoma,Abuja (FCT),"₦ 330,000,000",600.0,6,7,Unfurnished,enterprise
"5bdrm Duplex in Bricks Garden, Lugbe District for sale","Abuja (FCT), Lugbe District",Lugbe District,Abuja (FCT),"₦ 90,000,000",500.0,5,6,Unfurnished,enterprise
5bdrm Duplex in Sangotedo Ajah for sale,"Ajah, Sangotedo",Sangotedo,Ajah,"₦ 400,000,000",400.0,5,5,Semi-Furnished,enterprise
"4bdrm Duplex in Nuga Luxury, Lugbe District for sale","Abuja (FCT), Lugbe District",Lugbe District,Abuja (FCT),"₦ 75,000,000",350.0,4,5,Unfurnished,enterprise
5bdrm House in Lekki for sale,"Lagos State, Lekki",Lekki,Lagos State,"₦ 650,000,000",500.0,5,5,Unfurnished,enterprise
5bdrm Duplex in Abuja (FCT) for sale,Abuja (FCT),Abuja (FCT),,"₦ 390,000,000",400.0,5,5,Unfurnished,enterprise
"4bdrm Duplex in Choose Estate Off, Rumuosi for sale","Port-Harcourt, Rumuosi",Rumuosi,Port-Harcourt,"₦ 120,000,000",320.0,4,4,Semi-Furnished,enterprise
"3bdrm Duplex in Harmony Estate Off, Obio-Akpor for sale","Rivers State, Obio-Akpor",Obio-Akpor,Rivers State,"₦ 300,000,000",468.0,3,3,Semi-Furnished,enterprise
5bdrm Duplex in Guzape Main Abuja for sale,"Abuja (FCT), Guzape District",Guzape District,Abuja (FCT),"₦ 807,500,000",500.0,5,6,Semi-Furnished,enterprise
"Furnished 4bdrm Duplex in Centenary City, Enugu for sale","Enugu State, Enugu",Enugu,Enugu State,"₦ 200,000,000",500.0,4,5,Furnished,enterprise
5bdrm House in Osapa london for sale,"Lekki, Osapa london",Osapa london,Lekki,"₦ 1,700,000,000",1000.0,5,1,Unfurnished,enterprise
5bdrm Duplex in Chevron for sale,"Lekki, Chevron",Chevron,Lekki,"₦ 600,000,000",1000.0,5,1,Unfurnished,enterprise
4bdrm Penthouse in Banana Island Ikoyi for sale,"Ikoyi, Banana Island",Banana Island,Ikoyi,"₦ 2,250,000,000",1000.0,4,5,Semi-Furnished,enterprise
5bdrm Duplex in Adeniyi Jones Ikeja for sale,"Ikeja, Adeniyi Jones",Adeniyi Jones,Ikeja,"₦ 750,000,000",600.0,5,6,Semi-Furnished,enterprise
"6bdrm Duplex in Private Property, Katampe Extension for sale","Katampe, Katampe Extension",Katampe Extension,Katampe,"₦ 1,500,000,000",4000.0,6,6,Semi-Furnished,enterprise
"3bdrm Apartment in Private Property, Katampe (Main) for sale","Katampe, Katampe (Main)",Katampe (Main),Katampe,"₦ 120,000,000",2200.0,3,3,Unfurnished,enterprise
2bdrm Apartment in Chevron for sale,"Lekki, Chevron",Chevron,Lekki,"₦ 100,000,000",300.0,2,2,Semi-Furnished,enterprise
5bdrm Duplex in Lekki for sale,"Lagos State, Lekki",Lekki,Lagos State,"₦ 480,000,000",400.0,5,5,Semi-Furnished,enterprise
"4bdrm Duplex in Riverview (Tinubu), Berger for sale","Ojodu, Berger",Berger,Ojodu,"₦ 250,000,000",250.0,4,5,Unfurnished,enterprise
8bdrm Mansion in Asokoro Main for sale,"Abuja (FCT), Asokoro",Asokoro,Abuja (FCT),"₦ 2,500,000,000",450.0,8,9,Unfurnished,enterprise
"4bdrm Bungalow in Royal Garden, Lugbe District for sale","Abuja (FCT), Lugbe District",Lugbe District,Abuja (FCT),"₦ 80,000,000",400.0,4,5,Unfurnished,enterprise
2bdrm Apartment in Yaba for sale,"Lagos State, Yaba",Yaba,Lagos State,"₦ 150,000,000",250.0,2,2,Unfurnished,enterprise
5bdrm Duplex in Ajah for sale,"Lagos State, Ajah",Ajah,Lagos State,"₦ 530,000,000",500.0,5,5,Unfurnished,enterprise
4bdrm Duplex in Lekki for sale,"Lagos State, Lekki",Lekki,Lagos State,"₦ 250,000,000",250.0,4,4,Unfurnished,enterprise
"Furnished 5bdrm Duplex in Ada George, Port-Harcourt for sale","Rivers State, Port-Harcourt",Port-Harcourt,Rivers State,"₦ 400,000,000",1860.0,5,5,Furnished,enterprise
"3bdrm Bungalow in Rumuosi, Port-Harcourt for sale","Rivers State, Port-Harcourt",Port-Harcourt,Rivers State,"₦ 65,000,000",450.0,3,3,Semi-Furnished,enterprise
4bdrm Duplex in Guzape Main Abuja for sale,"Abuja (FCT), Guzape District",Guzape District,Abuja (FCT),"₦ 850,000,000",500.0,4,5,Semi-Furnished,enterprise
4bdrm Duplex in Gbalajam-Woji Port for sale,"Port-Harcourt, Woji",Woji,Port-Harcourt,"₦ 330,000,000",400.0,4,5,Semi-Furnished,enterprise
"Furnished 4bdrm Apartment in Victoria Crest 2, Chevron for sale","Lekki, Chevron",Chevron,Lekki,"₦ 240,000,000",300.0,4,5,Furnished,enterprise
3bdrm Apartment in Lekki Phase 1 for sale,"Lekki, Lekki Phase 1",Lekki Phase 1,Lekki,"₦ 160,000,000",500.0,3,3,Unfurnished,enterprise
5bdrm Duplex in Jakande for sale,"Lekki, Jakande",Jakande,Lekki,"₦ 600,000,000",1000.0,5,1,Unfurnished,enterprise
"3bdrm Bungalow in Pyakasa Axis, Lugbe District for sale","Abuja (FCT), Lugbe District",Lugbe District,Abuja (FCT),"₦ 95,000,000",600.0,3,4,Unfurnished,enterprise
"6bdrm Duplex in Country Home, Lugbe District for sale","Abuja (FCT), Lugbe District",Lugbe District,Abuja (FCT),"₦ 93,000,000",450.0,6,7,Unfurnished,enterprise
"5bdrm Duplex in Independence Layout, Enugu for sale","Enugu State, Enugu",Enugu,Enugu State,"₦ 700,000,000",1200.0,5,6,Unfurnished,enterprise
Furnished 4bdrm Duplex in Katampe Extension for sale,"Katampe, Katampe Extension",Katampe Extension,Katampe,"₦ 650,000,000",500.0,4,5,Furnished,enterprise
4bdrm Duplex in Ikota for sale,"Lekki, Ikota",Ikota,Lekki,"₦ 200,000,000",250.0,4,4,Unfurnished,enterprise
"5bdrm Duplex in New Road Ada George, Port-Harcourt for sale","Rivers State, Port-Harcourt",Port-Harcourt,Rivers State,"₦ 135,000,000",465.0,5,6,Semi-Furnished,enterprise
Furnished 4bdrm Duplex in Sangotedo for sale,"Ajah, Sangotedo",Sangotedo,Ajah,"₦ 180,000,000",500.0,4,4,Furnished,enterprise
2bdrm House in Bode Thomas for sale,"Surulere, Bode Thomas",Bode Thomas,Surulere,"₦ 95,000,000",1000.0,2,1,Unfurnished,enterprise
5bdrm Duplex in Chevron Drive Lekki for sale,"Lekki, Chevron",Chevron,Lekki,"₦ 600,000,000",500.0,5,6,Semi-Furnished,enterprise
6bdrm Duplex in Katampe for sale,"Abuja (FCT), Katampe",Katampe,Abuja (FCT),"₦ 850,000,000",500.0,6,7,Unfurnished,enterprise
5bdrm Villa in Apo District for sale,"Abuja (FCT), Apo District",Apo District,Abuja (FCT),"₦ 650,000,000",600.0,5,7,Unfurnished,enterprise
5bdrm Duplex in Akobo for sale,"Ibadan, Akobo",Akobo,Ibadan,"₦ 190,000,000",500.0,5,6,Unfurnished,enterprise
5bdrm Duplex in Asokoro for sale,"Abuja (FCT), Asokoro",Asokoro,Abuja (FCT),"₦ 1,000,000,000",800.0,5,5,Unfurnished,enterprise
Furnished 4bdrm Apartment in Lekki Phase 2 for sale,"Lekki, Lekki Phase 2",Lekki Phase 2,Lekki,"₦ 340,000,000",400.0,4,4,Furnished,enterprise
2bdrm Apartment in Katampe Extension for sale,"Katampe, Katampe Extension",Katampe Extension,Katampe,"₦ 150,000,000",150.0,2,2,Semi-Furnished,enterprise
18bdrm Block of Flats in Wuse 2 Abuja Nigeria for sale,"Abuja (FCT), Wuse 2",Wuse 2,Abuja (FCT),"₦ 7,000,000,000",2700.0,18,2,Unfurnished,enterprise
5bdrm Duplex in Lekki for sale,"Lagos State, Lekki",Lekki,Lagos State,"₦ 500,000,000",450.0,5,5,Semi-Furnished,enterprise
5bdrm Duplex in Lekki for sale,"Lagos State, Lekki",Lekki,Lagos State,"₦ 480,000,000",450.0,5,5,Unfurnished,enterprise
4bdrm Duplex in Banana Island for sale,"Ikoyi, Banana Island",Banana Island,Ikoyi,"₦ 3,500,000,000",400.0,4,4,Unfurnished,enterprise
Furnished 4bdrm Duplex in Lekki Phase 2 for sale,"Lekki, Lekki Phase 2",Lekki Phase 2,Lekki,"₦ 230,000,000",500.0,4,5,Furnished,enterprise
4bdrm Duplex in Ayobo for sale,"Ipaja, Ayobo",Ayobo,Ipaja,"₦ 120,000,000",1000.0,4,1,Unfurnished,enterprise
4bdrm Duplex in Opebi for sale,"Ikeja, Opebi",Opebi,Ikeja,"₦ 520,000,000",1000.0,4,1,Unfurnished,enterprise
"3bdrm Duplex in Citadel City, Sangotedo for sale","Ajah, Sangotedo",Sangotedo,Ajah,"₦ 206,000,000",500.0,3,4,Semi-Furnished,enterprise
5bdrm Duplex in Lekki for sale,"Lagos State, Lekki",Lekki,Lagos State,"₦ 1,400,000,000",400.0,5,5,Semi-Furnished,enterprise
3bdrm Apartment in Idu By Nizamiye for sale,"Jiwa, Idu",Idu,Jiwa,"₦ 110,000,000",250.0,3,4,Unfurnished,enterprise
2bdrm Bungalow in Fha Lugbe for sale,"Abuja (FCT), Lugbe District",Lugbe District,Abuja (FCT),"₦ 50,000,000",300.0,2,3,Unfurnished,enterprise
5bdrm Duplex in Abuja (FCT) for sale,Abuja (FCT),Abuja (FCT),,"₦ 2,000,000,000",160.0,5,5,Unfurnished,enterprise
5bdrm Duplex in Omole Phase 1 for sale,"Ikeja, Omole Phase 1",Omole Phase 1,Ikeja,"₦ 700,000,000",450.0,5,5,Unfurnished,enterprise
Furnished 2bdrm Apartment in Lekki Phase 1 for sale,"Lekki, Lekki Phase 1",Lekki Phase 1,Lekki,"₦ 270,000,000",150.0,2,2,Furnished,enterprise
Furnished 2bdrm Penthouse in Lekki for sale,"Lagos State, Lekki",Lekki,Lagos State,"₦ 180,000,000",150.0,2,2,Furnished,enterprise
7bdrm Duplex in Lekki for sale,"Lagos State, Lekki",Lekki,Lagos State,"₦ 2,200,000,000",500.0,7,7,Unfurnished,enterprise
"3bdrm Bungalow in Ada George, Obio-Akpor for sale","Rivers State, Obio-Akpor",Obio-Akpor,Rivers State,"₦ 100,000,000",465.0,3,3,Semi-Furnished,enterprise
"4bdrm Duplex in Lekki Palm City, Ajah for sale","Lagos State, Ajah",Ajah,Lagos State,"₦ 250,000,000",10.0,4,4,Unfurnished,enterprise
"4bdrm Duplex in Ikota Gra, Lekki for sale","Lagos State, Lekki",Lekki,Lagos State,"₦ 200,000,000",10.0,4,4,Unfurnished,enterprise
"4bdrm Duplex in General Paint, Ajah for sale","Lagos State, Ajah",Ajah,Lagos State,"₦ 160,000,000",10.0,4,4,Unfurnished,enterprise
2bdrm House in Epe for sale,"Lagos State, Epe",Epe,Lagos State,"₦ 40,000,000",200.0,2,3,Unfurnished,enterprise
5bdrm Duplex in Chevron for sale,"Lekki, Chevron",Chevron,Lekki,"₦ 849,000,000",1000.0,5,1,Unfurnished,enterprise
4bdrm Duplex in Adeniyi Jones for sale,"Ikeja, Adeniyi Jones",Adeniyi Jones,Ikeja,"₦ 550,000,000",1000.0,4,1,Unfurnished,enterprise
6bdrm House in Ikeja GRA for sale,"Ikeja, Ikeja GRA",Ikeja GRA,Ikeja,"₦ 3,500,000,000",1000.0,6,1,Unfurnished,enterprise
3bdrm Duplex in Galadimawa for sale,"Abuja (FCT), Galadimawa",Galadimawa,Abuja (FCT),"₦ 200,000,000",950.0,3,3,Unfurnished,enterprise
5bdrm Duplex in Ogudu Gra Lagos for sale,"Ogudu, Ogudu GRA",Ogudu GRA,Ogudu,"₦ 600,000,000",1000.0,5,6,Semi-Furnished,enterprise
6bdrm Duplex in Ijegun Ikotun Lagos for sale,"Ikotun/Igando, Ijegun",Ijegun,Ikotun/Igando,"₦ 180,000,000",678.0,6,7,Semi-Furnished,enterprise
4bdrm Apartment in Banana Island Ikoyi for sale,"Ikoyi, Banana Island",Banana Island,Ikoyi,"₦ 2,200,000,000",2000.0,4,5,Semi-Furnished,enterprise
Furnished 5bdrm House in Banana Island Ikoyi for sale,"Ikoyi, Banana Island",Banana Island,Ikoyi,"₦ 8,500,000,000",2000.0,5,6,Furnished,enterprise
6bdrm Duplex in Ikoyi for sale,"Lagos State, Ikoyi",Ikoyi,Lagos State,"₦ 7,000,000,000",450.0,6,6,Semi-Furnished,enterprise
4bdrm Duplex in Ajah for sale,"Lagos State, Ajah",Ajah,Lagos State,"₦ 175,000,000",350.0,4,4,Semi-Furnished,enterprise
"5bdrm Block of Flats in Blue Roof, Ajah for sale","Lagos State, Ajah",Ajah,Lagos State,"₦ 60,000,000",313.0,5,8,Unfurnished,enterprise
"5bdrm Duplex in Light House Estate, Lugbe District for sale","Abuja (FCT), Lugbe District",Lugbe District,Abuja (FCT),"₦ 370,000,000",763.0,5,6,Semi-Furnished,enterprise
"3bdrm Duplex in F01, Kubwa for sale","Abuja (FCT), Kubwa",Kubwa,Abuja (FCT),"₦ 90,000,000",250.0,3,4,Unfurnished,enterprise
3bdrm Apartment in Yaba for sale,"Lagos State, Yaba",Yaba,Lagos State,"₦ 220,000,000",250.0,3,3,Unfurnished,enterprise
5bdrm Duplex in Ikoyi for sale,"Lagos State, Ikoyi",Ikoyi,Lagos State,"₦ 6,000,000,000",350.0,5,5,Unfurnished,enterprise
5bdrm Duplex in Lekki for sale,"Lagos State, Lekki",Lekki,Lagos State,"₦ 350,000,000",350.0,5,5,Unfurnished,enterprise
4bdrm Bungalow in Akobo for sale,"Ibadan, Akobo",Akobo,Ibadan,"₦ 95,000,000",500.0,4,5,Unfurnished,enterprise
"3bdrm Duplex in Rayfield ,, Ibadan for sale","Oyo State, Ibadan",Ibadan,Oyo State,"₦ 150,000,000",450.0,3,3,Unfurnished,enterprise
4bdrm Duplex in Ibadan for sale,"Oyo State, Ibadan",Ibadan,Oyo State,"₦ 185,000,000",450.0,4,4,Unfurnished,enterprise
3bdrm Bungalow in Majesty Estate Off for sale,"Rivers State, Port-Harcourt",Port-Harcourt,Rivers State,"₦ 125,000,000",300.0,3,4,Semi-Furnished,enterprise
5bdrm Duplex in Sangotedo for sale,"Ajah, Sangotedo",Sangotedo,Ajah,"₦ 300,000,000",320.0,5,5,Semi-Furnished,enterprise
2bdrm Bungalow in Ogombo for sale,"Ajah, Ogombo",Ogombo,Ajah,"₦ 67,000,000",200.0,2,2,Semi-Furnished,enterprise
3bdrm House in Omole Phase 1 for sale,"Ikeja, Omole Phase 1",Omole Phase 1,Ikeja,"₦ 320,000,000",1000.0,3,1,Unfurnished,enterprise
3bdrm Block of Flats in Off Egbeda Iyana for sale,"Egbeda, Egbeda / Egbeda",Egbeda / Egbeda,Egbeda,"₦ 250,000,000",641.0,3,4,Semi-Furnished,enterprise
Furnished 5bdrm Duplex in Ogba Gra Didiolu for sale,"Ogba, Ogba GRA",Ogba GRA,Ogba,"₦ 540,000,000",450.0,5,6,Furnished,enterprise
5bdrm Duplex in Lekki Phase 1 for sale,"Lekki, Lekki Phase 1",Lekki Phase 1,Lekki,"₦ 1,300,000,000",300.0,5,5,Semi-Furnished,enterprise
2bdrm Apartment in Lekki for sale,"Lagos State, Lekki",Lekki,Lagos State,"₦ 200,000,000",350.0,2,2,Semi-Furnished,enterprise
3bdrm Duplex in Giwa Oke Aro Clean for sale,"Kaduna State, Giwa",Giwa,Kaduna State,"₦ 45,000,000",235.0,3,4,Semi-Furnished,enterprise
6bdrm Duplex in 3Rd Avenue Gwarinpa for sale,"Abuja (FCT), Gwarinpa",Gwarinpa,Abuja (FCT),"₦ 850,000,000",600.0,6,7,Unfurnished,enterprise
5bdrm Duplex in Osapa Lekki Lagos for sale,"Lekki, Osapa london",Osapa london,Lekki,"₦ 350,000,000",400.0,5,5,Semi-Furnished,enterprise
"4bdrm Duplex in Centenary City, Enugu for sale","Enugu State, Enugu",Enugu,Enugu State,"₦ 220,000,000",500.0,4,5,Unfurnished,enterprise
4bdrm Duplex in Ogudu for sale,"Lagos State, Ogudu",Ogudu,Lagos State,"₦ 550,000,000",250.0,4,4,Unfurnished,enterprise
5bdrm Duplex in Banana Island for sale,"Ikoyi, Banana Island",Banana Island,Ikoyi,"₦ 5,500,000,000",400.0,5,5,Unfurnished,enterprise
4bdrm Duplex in Lekki for sale,"Lagos State, Lekki",Lekki,Lagos State,"₦ 300,000,000",350.0,4,4,Unfurnished,enterprise
"6bdrm Duplex in Royal Estate, Obio-Akpor for sale","Rivers State, Obio-Akpor",Obio-Akpor,Rivers State,"₦ 220,000,000",465.0,6,6,Unfurnished,enterprise
5bdrm Duplex in Ikate for sale,"Lekki, Ikate",Ikate,Lekki,"₦ 450,000,000",10.0,5,5,Unfurnished,enterprise
4bdrm Maisonette in Ikoyi S.W for sale,"Ikoyi, Ikoyi S.W",Ikoyi S.W,Ikoyi,"₦ 1,800,000,000",1000.0,4,1,Unfurnished,enterprise
5bdrm House in Alausa for sale,"Ikeja, Alausa",Alausa,Ikeja,"₦ 800,000,000",1000.0,5,1,Unfurnished,enterprise
5bdrm Duplex in Chevron for sale,"Lekki, Chevron",Chevron,Lekki,"₦ 849,000,000",1000.0,5,1,Unfurnished,enterprise
3bdrm Block of Flats in Igbo-Efun Lekki for sale,"Lekki, Igbo-efon",Igbo-efon,Lekki,"₦ 350,000,000",708.0,3,3,Semi-Furnished,enterprise
Furnished 5bdrm Duplex in Western Foreshore for sale,"Lekki, Lekki Phase 1",Lekki Phase 1,Lekki,"₦ 1,200,000,000",600.0,5,6,Furnished,enterprise
2bdrm Apartment in Abijo Gra Lagos for sale,"Ibeju, Abijo",Abijo,Ibeju,"₦ 80,000,000",1000.0,2,2,Semi-Furnished,enterprise
3bdrm Apartment in Mabushi for sale,"Abuja (FCT), Mabushi",Mabushi,Abuja (FCT),"₦ 185,000,000",300.0,3,3,Unfurnished,enterprise
4bdrm Duplex in Ogudu GRA for sale,"Ogudu, Ogudu GRA",Ogudu GRA,Ogudu,"₦ 550,000,000",350.0,4,4,Unfurnished,enterprise
5bdrm Duplex in Lekki for sale,"Lagos State, Lekki",Lekki,Lagos State,"₦ 550,000,000",600.0,5,5,Unfurnished,enterprise
5bdrm Duplex in Lekki for sale,"Lagos State, Lekki",Lekki,Lagos State,"₦ 1,400,000,000",400.0,5,5,Unfurnished,enterprise
5bdrm Duplex in Lekki for sale,"Lagos State, Lekki",Lekki,Lagos State,"₦ 550,000,000",350.0,5,5,Unfurnished,enterprise
3bdrm Duplex in Ajah for sale,"Lagos State, Ajah",Ajah,Lagos State,"₦ 95,000,000",300.0,3,3,Unfurnished,enterprise
5bdrm Duplex in Apo Resettlement for sale,"Apo District, Apo Resettlement",Apo Resettlement,Apo District,"₦ 665,000,000",600.0,5,6,Semi-Furnished,enterprise
Furnished 5bdrm Duplex in Jahi for sale,"Abuja (FCT), Jahi",Jahi,Abuja (FCT),"₦ 600,000,000",650.0,5,6,Furnished,enterprise
3bdrm Block of Flats in Guzape District for sale,"Abuja (FCT), Guzape District",Guzape District,Abuja (FCT),"₦ 350,000,000",250.0,3,4,Unfurnished,enterprise
5bdrm Duplex in Osapa london for sale,"Lekki, Osapa london",Osapa london,Lekki,"₦ 1,800,000,000",1000.0,5,1,Unfurnished,enterprise
5bdrm House in Banana Island for sale,"Ikoyi, Banana Island",Banana Island,Ikoyi,"₦ 7,657,210,000",1000.0,5,1,Unfurnished,enterprise
4bdrm Duplex in Ogba Gra for sale,"Ogba, Ogba GRA",Ogba GRA,Ogba,"₦ 260,000,000",2000.0,4,5,Semi-Furnished,enterprise
4bdrm Maisonette in Old Ikoyi Lagos for sale,"Ikoyi, Old Ikoyi",Old Ikoyi,Ikoyi,"₦ 2,000,000,000",1000.0,4,5,Semi-Furnished,enterprise
3bdrm Apartment in Gbagada Lagos for sale,"Gbagada, Ifako-Gbagada",Ifako-Gbagada,Gbagada,"₦ 200,000,000",1000.0,3,4,Semi-Furnished,enterprise
5bdrm Duplex in Lekki Phase 1 Lagos for sale,"Lekki, Lekki Phase 1",Lekki Phase 1,Lekki,"₦ 1,600,000,000",500.0,5,6,Semi-Furnished,enterprise
"8bdrm Duplex in Victoria Island, Karimu Kotun for sale","Victoria Island, Karimu Kotun",Karimu Kotun,Victoria Island,"₦ 5,500,000,000",1757.0,8,8,Unfurnished,enterprise
4bdrm Duplex in Naf Valley Estate for sale,"Abuja (FCT), Asokoro",Asokoro,Abuja (FCT),"₦ 850,000,000",650.0,4,4,Unfurnished,enterprise
4bdrm House in Wuse for sale,"Abuja (FCT), Wuse 2",Wuse 2,Abuja (FCT),"₦ 650,000,000",450.0,4,4,Unfurnished,enterprise
2bdrm Apartment in Lekki for sale,"Lagos State, Lekki",Lekki,Lagos State,"₦ 370,000,000",350.0,2,2,Semi-Furnished,enterprise
4bdrm Duplex in Lekki for sale,"Lekki, Lekki Phase 1",Lekki Phase 1,Lekki,"₦ 600,000,000",300.0,4,5,Unfurnished,enterprise
"Furnished 6bdrm Duplex in Ochacho Estate, Life Camp for sale","Gwarinpa, Life Camp",Life Camp,Gwarinpa,"₦ 450,000,000",350.0,6,7,Furnished,enterprise
4bdrm Duplex in Sangotedo Ajah for sale,"Ajah, Sangotedo",Sangotedo,Ajah,"₦ 161,000,000",342.0,4,4,Semi-Furnished,enterprise
2bdrm Apartment in Lekki for sale,"Lagos State, Lekki",Lekki,Lagos State,"₦ 280,000,000",150.0,2,2,Unfurnished,enterprise
4bdrm Duplex in Ajah for sale,"Lagos State, Ajah",Ajah,Lagos State,"₦ 230,000,000",500.0,4,4,Unfurnished,enterprise
Furnished 3bdrm Apartment in Ikoyi for sale,"Lagos State, Ikoyi",Ikoyi,Lagos State,"₦ 680,000,000",250.0,3,3,Furnished,enterprise
5bdrm Duplex in Idado for sale,"Lekki, Idado",Idado,Lekki,"₦ 400,000,000",350.0,5,5,Unfurnished,enterprise
"5bdrm Duplex in Gwarinpa Main Abuja, Life Camp for sale","Gwarinpa, Life Camp",Life Camp,Gwarinpa,"₦ 850,000,000",450.0,5,6,Semi-Furnished,enterprise
Furnished 2bdrm Apartment in Iwaya for sale,"Yaba, Iwaya",Iwaya,Yaba,"₦ 100,000,000",600.0,2,2,Furnished,enterprise
4bdrm House in Alaka Estate for sale,"Surulere, Alaka Estate",Alaka Estate,Surulere,"₦ 450,000,000",1000.0,4,1,Unfurnished,enterprise
5bdrm Bungalow in Lokogoma for sale,"Abuja (FCT), Lokogoma",Lokogoma,Abuja (FCT),"₦ 130,000,000",850.0,5,5,Unfurnished,enterprise
3bdrm Block of Flats in Abulegba Lagos for sale,"Lagos State, Abule Egba",Abule Egba,Lagos State,"₦ 300,000,000",600.0,3,4,Semi-Furnished,enterprise
"3bdrm Block of Flats in Private Property, Dape for sale","Gwarinpa, Dape",Dape,Gwarinpa,"₦ 120,000,000",850.0,3,3,Unfurnished,enterprise
4bdrm Duplex in Life Camp for sale,"Gwarinpa, Life Camp",Life Camp,Gwarinpa,"₦ 350,000,000",250.0,4,4,Unfurnished,enterprise
4bdrm Duplex in Lekki for sale,"Lagos State, Lekki",Lekki,Lagos State,"₦ 470,000,000",800.0,4,4,Unfurnished,enterprise
5bdrm Duplex in Lekki for sale,"Lagos State, Lekki",Lekki,Lagos State,"₦ 470,000,000",400.0,5,5,Semi-Furnished,enterprise
Furnished 2bdrm Apartment in Ikate Palm Spring for sale,"Lekki, Ikate",Ikate,Lekki,"₦ 200,000,000",200.0,2,3,Furnished,enterprise
5bdrm Duplex in Utako for sale,"Abuja (FCT), Utako",Utako,Abuja (FCT),"₦ 800,000,000",500.0,5,6,Unfurnished,enterprise
"4bdrm Duplex in Nuga Luxury Estate, Lugbe District for sale","Abuja (FCT), Lugbe District",Lugbe District,Abuja (FCT),"₦ 150,000,000",350.0,4,5,Unfurnished,enterprise
"7bdrm Duplex in River Park Estate, Lugbe District for sale","Abuja (FCT), Lugbe District",Lugbe District,Abuja (FCT),"₦ 350,000,000",750.0,7,8,Unfurnished,enterprise
5bdrm Duplex in Jabi for sale,"Abuja (FCT), Jabi",Jabi,Abuja (FCT),"₦ 1,100,000,000",350.0,5,5,Unfurnished,enterprise
5bdrm Duplex in Lekki for sale,"Lagos State, Lekki",Lekki,Lagos State,"₦ 650,000,000",450.0,5,5,Unfurnished,enterprise
3bdrm Apartment in Surulere for sale,"Lagos State, Surulere",Surulere,Lagos State,"₦ 170,000,000",200.0,3,3,Semi-Furnished,enterprise
2bdrm Apartment in Chevron for sale,"Lekki, Chevron",Chevron,Lekki,"₦ 180,000,000",150.0,2,2,Unfurnished,enterprise
"4bdrm Duplex in Ikota Gra, Lekki for sale","Lagos State, Lekki",Lekki,Lagos State,"₦ 250,000,000",10.0,4,4,Unfurnished,enterprise
5bdrm Duplex in Wuye Abuja for sale,"Abuja (FCT), Wuye",Wuye,Abuja (FCT),"₦ 1,400,000,000",500.0,5,6,Semi-Furnished,enterprise
3bdrm Apartment in Jahi for sale,"Abuja (FCT), Jahi",Jahi,Abuja (FCT),"₦ 250,000,000",200.0,3,3,Unfurnished,enterprise
"5bdrm Duplex in Osapa London, Jakande for sale","Lekki, Jakande",Jakande,Lekki,"₦ 400,000,000",200.0,5,5,Unfurnished,enterprise
5bdrm Duplex in Osapa london for sale,"Lekki, Osapa london",Osapa london,Lekki,"₦ 1,720,000,000",450.0,5,5,Semi-Furnished,enterprise
"3bdrm Bungalow in High Cost, Kaduna / Kaduna State for sale","Kaduna State, Kaduna / Kaduna State",Kaduna / Kaduna State,Kaduna State,"₦ 82,800,000",900.0,3,4,Unfurnished,enterprise
"6bdrm Duplex in Private Property, Guzape District for sale","Abuja (FCT), Guzape District",Guzape District,Abuja (FCT),"₦ 750,000,000",500.0,6,6,Unfurnished,enterprise
3bdrm Apartment in Lekki Phase 1 for sale,"Lekki, Lekki Phase 1",Lekki Phase 1,Lekki,"₦ 320,000,000",300.0,3,3,Semi-Furnished,enterprise
2bdrm Apartment in Lekki Phase 1 for sale,"Lekki, Lekki Phase 1",Lekki Phase 1,Lekki,"₦ 300,000,000",300.0,2,2,Semi-Furnished,enterprise
11bdrm Apartment in Aguda Surulere Lagos for sale,"Surulere, Aguda / Surulere",Aguda / Surulere,Surulere,"₦ 400,000,000",613.0,11,13,Unfurnished,enterprise
"3bdrm Bungalow in Jedo Estate, Lugbe District for sale","Abuja (FCT), Lugbe District",Lugbe District,Abuja (FCT),"₦ 130,000,000",500.0,3,4,Unfurnished,enterprise
"4bdrm Duplex in Unity Estate Off, Obio-Akpor for sale","Rivers State, Obio-Akpor",Obio-Akpor,Rivers State,"₦ 130,000,000",465.0,4,4,Semi-Furnished,enterprise
5bdrm Duplex in Apo Resettlement for sale,"Apo District, Apo Resettlement",Apo Resettlement,Apo District,"₦ 550,000,000",600.0,5,6,Semi-Furnished,enterprise
"Furnished 4bdrm Duplex in Valley Estate, Enugu for sale","Enugu State, Enugu",Enugu,Enugu State,"₦ 260,000,000",500.0,4,5,Furnished,enterprise
5bdrm Duplex in Opebi for sale,"Ikeja, Opebi",Opebi,Ikeja,"₦ 650,000,000",1000.0,5,1,Unfurnished,enterprise
5bdrm Duplex in Apo Resettlement for sale,"Apo District, Apo Resettlement",Apo Resettlement,Apo District,"₦ 750,000,000",466.0,5,1,Unfurnished,enterprise
3bdrm Apartment in Lekki for sale,"Lagos State, Lekki",Lekki,Lagos State,"₦ 450,000,000",350.0,3,3,Semi-Furnished,enterprise
2bdrm Apartment in Wuye for sale,"Abuja (FCT), Wuye",Wuye,Abuja (FCT),"₦ 110,000,000",200.0,2,3,Unfurnished,enterprise
5bdrm Duplex in Osapa London for sale,"Lekki, Osapa london",Osapa london,Lekki,"₦ 460,000,000",450.0,5,5,Semi-Furnished,enterprise
"7bdrm Duplex in Efab Global Estate, Idu Industrial for sale","Abuja (FCT), Idu Industrial",Idu Industrial,Abuja (FCT),"₦ 450,000,000",700.0,7,8,Unfurnished,enterprise
2bdrm Apartment in Ajah for sale,"Lagos State, Ajah",Ajah,Lagos State,"₦ 90,000,000",150.0,2,2,Unfurnished,enterprise
4bdrm Duplex in Lekki for sale,"Lagos State, Lekki",Lekki,Lagos State,"₦ 250,000,000",350.0,4,4,Unfurnished,enterprise
5bdrm Duplex in Gbagada for sale,"Lagos State, Gbagada",Gbagada,Lagos State,"₦ 600,000,000",350.0,5,5,Unfurnished,enterprise
3bdrm Maisonette in Lekki Phase 1 for sale,"Lekki, Lekki Phase 1",Lekki Phase 1,Lekki,"₦ 320,000,000",150.0,3,3,Unfurnished,enterprise
"4bdrm Duplex in Odani Estate Off, Port-Harcourt for sale","Rivers State, Port-Harcourt",Port-Harcourt,Rivers State,"₦ 220,000,000",500.0,4,4,Semi-Furnished,enterprise
6bdrm Bungalow in Alakia for sale,"Ibadan, Alakia",Alakia,Ibadan,"₦ 85,000,000",750.0,6,6,Unfurnished,enterprise
Furnished 3bdrm Duplex in Idu Industrial for sale,"Abuja (FCT), Idu Industrial",Idu Industrial,Abuja (FCT),"₦ 160,000,000",300.0,3,3,Furnished,enterprise
5bdrm Duplex in Asokoro for sale,"Abuja (FCT), Asokoro",Asokoro,Abuja (FCT),"₦ 850,000,000",800.0,5,5,Unfurnished,enterprise
"5bdrm Duplex in Royal Pine Estate, Lekki Phase 2 for sale","Lekki, Lekki Phase 2",Lekki Phase 2,Lekki,"₦ 480,000,000",350.0,5,5,Semi-Furnished,enterprise
"5bdrm Duplex in Royal Pine Estate, Lekki Phase 2 for sale","Lekki, Lekki Phase 2",Lekki Phase 2,Lekki,"₦ 480,000,000",340.0,5,5,Semi-Furnished,enterprise
"4bdrm Duplex in Lekki Scheme Two, Abraham Adesanya Estate for sale","Ajah, Abraham Adesanya Estate",Abraham Adesanya Estate,Ajah,"₦ 200,000,000",250.0,4,4,Semi-Furnished,enterprise
"Furnished 4bdrm Duplex in Country Mews Court, Ibeju for sale","Lagos State, Ibeju",Ibeju,Lagos State,"₦ 110,000,000",1296.0,4,4,Furnished,enterprise
2bdrm Apartment in Lekki for sale,"Lagos State, Lekki",Lekki,Lagos State,"₦ 100,000,000",600.0,2,3,Semi-Furnished,enterprise
"5bdrm Mansion in River Park Estate,, FHA for sale","Lugbe District, FHA",FHA,Lugbe District,"₦ 350,000,000",450.0,5,8,Semi-Furnished,False
Furnished 4bdrm Duplex in Sangotedo for sale,"Ajah, Sangotedo",Sangotedo,Ajah,"₦ 220,000,000",500.0,4,5,Furnished,enterprise
4bdrm Duplex in Maitama for sale,"Abuja (FCT), Maitama",Maitama,Abuja (FCT),"₦ 1,500,000,000",700.0,4,5,Unfurnished,enterprise
7bdrm House in Ikate for sale,"Lekki, Ikate",Ikate,Lekki,"₦ 1,800,000,000",1000.0,7,1,Unfurnished,enterprise
2bdrm House in Lekki Phase 1 for sale,"Lekki, Lekki Phase 1",Lekki Phase 1,Lekki,"₦ 280,000,000",1000.0,2,1,Unfurnished,enterprise
5bdrm Duplex in Lekki for sale,"Lagos State, Lekki",Lekki,Lagos State,"₦ 700,000,000",400.0,5,5,Semi-Furnished,enterprise
5bdrm Duplex in Lekki for sale,"Lagos State, Lekki",Lekki,Lagos State,"₦ 870,000,000",400.0,5,5,Semi-Furnished,enterprise
5bdrm Duplex in Banana Island for sale,"Ikoyi, Banana Island",Banana Island,Ikoyi,"₦ 6,000,000,000",400.0,5,5,Semi-Furnished,enterprise
"4bdrm Duplex in Area In Surulere, for sale","Surulere, Aguda / Surulere",Aguda / Surulere,Surulere,"₦ 300,000,000",301.0,4,5,Unfurnished,enterprise
"3bdrm Bungalow in Palm Height Estate, Lugbe District for sale","Abuja (FCT), Lugbe District",Lugbe District,Abuja (FCT),"₦ 100,000,000",500.0,3,4,Unfurnished,enterprise
"4bdrm Bungalow in Sunnyvale Estate, Lokogoma for sale","Abuja (FCT), Lokogoma",Lokogoma,Abuja (FCT),"₦ 300,000,000",600.0,4,5,Semi-Furnished,enterprise
"4bdrm Duplex in Technocrats, Lugbe District for sale","Abuja (FCT), Lugbe District",Lugbe District,Abuja (FCT),"₦ 100,000,000",450.0,4,5,Unfurnished,enterprise
3bdrm Apartment in Utako for sale,"Abuja (FCT), Utako",Utako,Abuja (FCT),"₦ 165,000,000",300.0,3,4,Unfurnished,enterprise
4bdrm Duplex in Ikoyi for sale,"Lagos State, Ikoyi",Ikoyi,Lagos State,"₦ 1,400,000,000",350.0,4,4,Unfurnished,enterprise
2bdrm Apartment in Lekki for sale,"Lagos State, Lekki",Lekki,Lagos State,"₦ 245,000,000",220.0,2,2,Semi-Furnished,enterprise
5bdrm Duplex in Lekki for sale,"Lagos State, Lekki",Lekki,Lagos State,"₦ 580,000,000",500.0,5,5,Unfurnished,enterprise
4bdrm Duplex in Ikota for sale,"Lekki, Ikota",Ikota,Lekki,"₦ 170,000,000",300.0,4,4,Unfurnished,enterprise
"4bdrm Duplex in Harris Drive, Lekki for sale","Lagos State, Lekki",Lekki,Lagos State,"₦ 200,000,000",10.0,4,4,Unfurnished,enterprise
3bdrm Apartment in Ibadan for sale,"Oyo State, Ibadan",Ibadan,Oyo State,"₦ 75,000,000",400.0,3,3,Unfurnished,enterprise
4bdrm Duplex in Karsana Gwarinpa for sale,"Gwagwa, Karsana",Karsana,Gwagwa,"₦ 270,000,000",450.0,4,5,Semi-Furnished,enterprise
3bdrm House in Jahi for sale,"Abuja (FCT), Jahi",Jahi,Abuja (FCT),"₦ 175,000,000",2000.0,3,4,Semi-Furnished,enterprise
5bdrm Duplex in Orchid Lekki Lagos for sale,"Lekki, Lekki Expressway",Lekki Expressway,Lekki,"₦ 480,000,000",650.0,5,6,Semi-Furnished,enterprise
4bdrm Duplex in Lekki for sale,"Lagos State, Lekki",Lekki,Lagos State,"₦ 250,000,000",350.0,4,4,Semi-Furnished,enterprise
2bdrm Apartment in Lekki for sale,"Lagos State, Lekki",Lekki,Lagos State,"₦ 320,000,000",300.0,2,2,Semi-Furnished,enterprise
"4bdrm Penthouse in Nut, Lugbe District for sale","Abuja (FCT), Lugbe District",Lugbe District,Abuja (FCT),"₦ 170,000,000",450.0,4,5,Unfurnished,enterprise
2bdrm Apartment in Victoria Island for sale,"Lagos State, Victoria Island",Victoria Island,Lagos State,"₦ 650,000,000",130.0,2,2,Unfurnished,enterprise
"6bdrm Duplex in Royal Gardens, Ajah for sale","Lagos State, Ajah",Ajah,Lagos State,"₦ 750,000,000",600.0,6,6,Unfurnished,enterprise
"5bdrm Duplex in Circular Road, Woji for sale","Port-Harcourt, Woji",Woji,Port-Harcourt,"₦ 650,000,000",1275.0,5,7,Semi-Furnished,enterprise
5bdrm Duplex in Guzape District for sale,"Abuja (FCT), Guzape District",Guzape District,Abuja (FCT),"₦ 1,500,000,000",600.0,5,6,Unfurnished,enterprise
5bdrm Duplex in Ikate for sale,"Lekki, Ikate",Ikate,Lekki,"₦ 1,200,000,000",1000.0,5,1,Unfurnished,enterprise
5bdrm Duplex in Old Ikoyi Lagos for sale,"Ikoyi, Old Ikoyi",Old Ikoyi,Ikoyi,"₦ 5,100,000,000",550.0,5,6,Semi-Furnished,enterprise
5bdrm Duplex in Vgc for sale,"Ajah, VGC / Ajah",VGC / Ajah,Ajah,"₦ 800,000,000",650.0,5,6,Semi-Furnished,enterprise
"4bdrm Duplex in Naf Valley, Asokoro for sale","Abuja (FCT), Asokoro",Asokoro,Abuja (FCT),"₦ 1,000,000,000",1200.0,4,4,Unfurnished,enterprise
5bdrm Duplex in Lekki for sale,"Lagos State, Lekki",Lekki,Lagos State,"₦ 650,000,000",450.0,5,5,Semi-Furnished,enterprise
4bdrm Duplex in Lekki for sale,"Lagos State, Lekki",Lekki,Lagos State,"₦ 250,000,000",400.0,4,4,Semi-Furnished,enterprise
5bdrm Duplex in Osapa London for sale,"Lekki, Osapa london",Osapa london,Lekki,"₦ 250,000,000",211.0,5,5,Semi-Furnished,enterprise
"5bdrm Duplex in Centenary City, Enugu for sale","Enugu State, Enugu",Enugu,Enugu State,"₦ 210,000,000",500.0,5,6,Unfurnished,enterprise
5bdrm Duplex in Ajah for sale,"Lagos State, Ajah",Ajah,Lagos State,"₦ 270,000,000",500.0,5,5,Unfurnished,enterprise
5bdrm Duplex in Lekki for sale,"Lagos State, Lekki",Lekki,Lagos State,"₦ 1,300,000,000",450.0,5,5,Unfurnished,enterprise
5bdrm House in Banana Island for sale,"Ikoyi, Banana Island",Banana Island,Ikoyi,"₦ 3,500,000,000",350.0,5,5,Unfurnished,enterprise
Furnished 4bdrm Duplex in Naf Harmony Estate for sale,"Rivers State, Port-Harcourt",Port-Harcourt,Rivers State,"₦ 450,000,000",550.0,4,6,Furnished,enterprise
5bdrm Duplex in Osapa london for sale,"Lekki, Osapa london",Osapa london,Lekki,"₦ 1,300,000,000",400.0,5,5,Semi-Furnished,enterprise
4bdrm Duplex in Chevron for sale,"Lekki, Chevron",Chevron,Lekki,"₦ 230,000,000",300.0,4,4,Semi-Furnished,enterprise
"4bdrm Duplex in Crown Estate, Sangotedo for sale","Ajah, Sangotedo",Sangotedo,Ajah,"₦ 450,000,000",350.0,4,4,Semi-Furnished,enterprise
4bdrm Apartment in Ibeju for sale,"Lagos State, Ibeju",Ibeju,Lagos State,"₦ 115,000,000",520.0,4,4,Semi-Furnished,enterprise
4bdrm Duplex in Guzape District for sale,"Abuja (FCT), Guzape District",Guzape District,Abuja (FCT),"₦ 800,000,000",430.0,4,5,Unfurnished,enterprise
5bdrm Duplex in Omole Phase 1 for sale,"Ikeja, Omole Phase 1",Omole Phase 1,Ikeja,"₦ 750,000,000",1000.0,5,1,Unfurnished,enterprise
4bdrm Duplex in Lekki Phase 1 for sale,"Lekki, Lekki Phase 1",Lekki Phase 1,Lekki,"₦ 600,000,000",1000.0,4,1,Unfurnished,enterprise
5bdrm Duplex in Adeniyi Jones for sale,"Ikeja, Adeniyi Jones",Adeniyi Jones,Ikeja,"₦ 700,000,000",1000.0,5,1,Unfurnished,enterprise
5bdrm House in Pinewood Estate for sale,"Lekki, Lekki Phase 1",Lekki Phase 1,Lekki,"₦ 750,000,000",650.0,5,6,Semi-Furnished,enterprise
"3bdrm Block of Flats in Onipetese Estate, Osapa london for sale","Lekki, Osapa london",Osapa london,Lekki,"₦ 250,000,000",664.0,3,2,Unfurnished,enterprise
"2bdrm Duplex in Fadeyi, Jibowu for sale","Yaba, Jibowu",Jibowu,Yaba,"₦ 90,000,000",250.0,2,3,Unfurnished,enterprise
4bdrm Duplex in Behind Blenco for sale,"Ajah, Sangotedo",Sangotedo,Ajah,"₦ 170,000,000",355.0,4,4,Semi-Furnished,enterprise
4bdrm Duplex in Sangotedo Ajah for sale,"Ajah, Sangotedo",Sangotedo,Ajah,"₦ 160,000,000",350.0,4,4,Semi-Furnished,enterprise
5bdrm Duplex in Behind Blenco for sale,"Ajah, Sangotedo",Sangotedo,Ajah,"₦ 330,000,000",350.0,5,5,Semi-Furnished,enterprise
6bdrm Duplex in Lekki for sale,"Lagos State, Lekki",Lekki,Lagos State,"₦ 850,000,000",500.0,6,6,Unfurnished,enterprise
5bdrm Maisonette in Victoria Island for sale,"Lagos State, Victoria Island",Victoria Island,Lagos State,"₦ 500,000,000",400.0,5,5,Unfurnished,enterprise
4bdrm House in Maryland for sale,"Lagos State, Maryland",Maryland,Lagos State,"₦ 500,000,000",250.0,4,4,Unfurnished,enterprise
4bdrm Duplex in VGC / Ajah for sale,"Ajah, VGC / Ajah",VGC / Ajah,Ajah,"₦ 210,000,000",10.0,4,4,Unfurnished,enterprise
12bdrm Block of Flats in Ojoo for sale,"Ibadan, Ojoo",Ojoo,Ibadan,"₦ 85,000,000",700.0,12,16,Unfurnished,enterprise
5bdrm Duplex in Chevron for sale,"Lekki, Chevron",Chevron,Lekki,"₦ 550,000,000",300.0,5,5,Semi-Furnished,enterprise
"Furnished 4bdrm Apartment in Bother Court Estate, Ibeju for sale","Lagos State, Ibeju",Ibeju,Lagos State,"₦ 130,000,000",400.0,4,4,Furnished,enterprise
Furnished 5bdrm Apartment in Ikoyi for sale,"Lagos State, Ikoyi",Ikoyi,Lagos State,"₦ 5,700,000,000",500.0,5,6,Furnished,enterprise
4bdrm Apartment in Ajah for sale,"Lagos State, Ajah",Ajah,Lagos State,"₦ 140,000,000",300.0,4,5,Semi-Furnished,enterprise
4bdrm Duplex in Aboru Harmony Estate for sale,"Ipaja, Iyana Ipaja",Iyana Ipaja,Ipaja,"₦ 220,000,000",500.0,4,5,Semi-Furnished,enterprise
5bdrm Duplex in Lekki for sale,"Lagos State, Lekki",Lekki,Lagos State,"₦ 350,000,000",300.0,5,5,Semi-Furnished,enterprise
"5bdrm Duplex in Pearl Garden, Sangotedo for sale","Ajah, Sangotedo",Sangotedo,Ajah,"₦ 300,000,000",450.0,5,5,Semi-Furnished,enterprise
4bdrm Duplex in Agege for sale,"Lagos State, Agege",Agege,Lagos State,"₦ 180,000,000",250.0,4,4,Unfurnished,enterprise
"2bdrm Block of Flats in Rumuigbo, Port-Harcourt for sale","Rivers State, Port-Harcourt",Port-Harcourt,Rivers State,"₦ 140,000,000",989.0,2,2,Semi-Furnished,enterprise
"4bdrm Duplex in Ikota Gra, Lekki for sale","Lagos State, Lekki",Lekki,Lagos State,"₦ 160,000,000",10.0,4,4,Unfurnished,enterprise
5bdrm Duplex in VGC / Ajah for sale,"Ajah, VGC / Ajah",VGC / Ajah,Ajah,"₦ 470,000,000",300.0,5,5,Semi-Furnished,enterprise
5bdrm Duplex in Ikota for sale,"Lekki, Ikota",Ikota,Lekki,"₦ 480,000,000",1000.0,5,1,Unfurnished,enterprise
3bdrm House in Opebi for sale,"Ikeja, Opebi",Opebi,Ikeja,"₦ 250,000,000",1000.0,3,1,Unfurnished,enterprise
3bdrm House in Ketu-Ikosi for sale,"Kosofe, Ketu-Ikosi",Ketu-Ikosi,Kosofe,"₦ 160,000,000",1000.0,3,1,Unfurnished,enterprise
4bdrm Duplex in Osborne Foreshore Estate for sale,"Ikoyi, Osborne Foreshore Estate",Osborne Foreshore Estate,Ikoyi,"₦ 800,000,000",1000.0,4,1,Unfurnished,enterprise
"4bdrm Duplex in Private Estate, Katampe Extension for sale","Katampe, Katampe Extension",Katampe Extension,Katampe,"₦ 750,000,000",400.0,4,4,Unfurnished,enterprise
"2bdrm Duplex in Olorunfemi Estate, for sale","Ikotun/Igando, Igando / Ikotun/Igando",Igando / Ikotun/Igando,Ikotun/Igando,"₦ 700,000,000",300.0,2,18,Semi-Furnished,enterprise
"6bdrm Duplex in Green Estate, Sangotedo for sale","Ajah, Sangotedo",Sangotedo,Ajah,"₦ 170,000,000",400.0,6,6,Unfurnished,enterprise
"4bdrm Duplex in Centenary City, Enugu for sale","Enugu State, Enugu",Enugu,Enugu State,"₦ 220,000,000",400.0,4,5,Unfurnished,enterprise
4bdrm House in Lekki for sale,"Lagos State, Lekki",Lekki,Lagos State,"₦ 450,000,000",350.0,4,4,Unfurnished,enterprise
Furnished 2bdrm Penthouse in Lekki for sale,"Lagos State, Lekki",Lekki,Lagos State,"₦ 400,000,000",150.0,2,2,Furnished,enterprise
"4bdrm Duplex in Woji Port Harcourt, Obio-Akpor for sale","Rivers State, Obio-Akpor",Obio-Akpor,Rivers State,"₦ 300,000,000",460.0,4,4,Semi-Furnished,enterprise
"4bdrm Duplex in Oke-Badan Estate, Akobo for sale","Ibadan, Akobo",Akobo,Ibadan,"₦ 200,000,000",1000.0,4,5,Unfurnished,enterprise
4bdrm Duplex in Sangotedo for sale,"Ajah, Sangotedo",Sangotedo,Ajah,"₦ 170,000,000",200.0,4,4,Semi-Furnished,enterprise
5bdrm Duplex in VGC / Ajah for sale,"Ajah, VGC / Ajah",VGC / Ajah,Ajah,"₦ 470,000,000",300.0,5,5,Semi-Furnished,enterprise
4bdrm Duplex in Ado / Ajah for sale,"Ajah, Ado / Ajah",Ado / Ajah,Ajah,"₦ 150,000,000",200.0,4,4,Unfurnished,enterprise
5bdrm Duplex in VGC / Ajah for sale,"Ajah, VGC / Ajah",VGC / Ajah,Ajah,"₦ 550,000,000",300.0,5,5,Semi-Furnished,enterprise
Furnished 5bdrm Duplex in Osapa london for sale,"Lekki, Osapa london",Osapa london,Lekki,"₦ 1,720,000,000",500.0,5,6,Furnished,enterprise
5bdrm Duplex in Ogudu Gra Lagos for sale,"Ogudu, Ogudu GRA",Ogudu GRA,Ogudu,"₦ 1,500,000,000",1000.0,5,6,Semi-Furnished,enterprise
2bdrm Apartment in Lekki Phase 1 for sale,"Lekki, Lekki Phase 1",Lekki Phase 1,Lekki,"₦ 300,000,000",350.0,2,2,Semi-Furnished,enterprise
6bdrm Duplex in Ikoyi for sale,"Lagos State, Ikoyi",Ikoyi,Lagos State,"₦ 2,600,000,000",400.0,6,6,Semi-Furnished,enterprise
2bdrm Apartment in Chevron for sale,"Lekki, Chevron",Chevron,Lekki,"₦ 150,000,000",100.0,2,2,Unfurnished,enterprise
5bdrm Duplex in Lekki for sale,"Lagos State, Lekki",Lekki,Lagos State,"₦ 480,000,000",300.0,5,5,Unfurnished,enterprise
5bdrm Duplex in Lekki for sale,"Lagos State, Lekki",Lekki,Lagos State,"₦ 850,000,000",200.0,5,5,Unfurnished,enterprise
"4bdrm Duplex in Carlton Gate Estate, Akobo for sale","Ibadan, Akobo",Akobo,Ibadan,"₦ 270,000,000",500.0,4,5,Unfurnished,enterprise
4bdrm Duplex in Sangotedo for sale,"Ajah, Sangotedo",Sangotedo,Ajah,"₦ 260,000,000",320.0,4,4,Semi-Furnished,enterprise
6bdrm Duplex in Ikeja GRA for sale,"Ikeja, Ikeja GRA",Ikeja GRA,Ikeja,"₦ 1,300,000,000",1000.0,6,1,Unfurnished,enterprise
5bdrm Duplex in GRA Phase 1 for sale,"Magodo, GRA Phase 1",GRA Phase 1,Magodo,"₦ 750,000,000",1000.0,5,1,Unfurnished,enterprise
5bdrm House in Osapa London Lekki for sale,"Lekki, Osapa london",Osapa london,Lekki,"₦ 1,700,000,000",1000.0,5,6,Semi-Furnished,enterprise
5bdrm Duplex in Ajah for sale,"Lagos State, Ajah",Ajah,Lagos State,"₦ 350,000,000",400.0,5,5,Semi-Furnished,enterprise
6bdrm Duplex in Banana Island for sale,"Ikoyi, Banana Island",Banana Island,Ikoyi,"₦ 9,000,000,000",400.0,6,6,Semi-Furnished,enterprise
4bdrm Duplex in Durumi for sale,"Abuja (FCT), Durumi",Durumi,Abuja (FCT),"₦ 300,000,000",400.0,4,4,Unfurnished,enterprise
4bdrm Duplex in Sangotedo Behind for sale,"Ajah, Sangotedo",Sangotedo,Ajah,"₦ 200,000,000",350.0,4,4,Semi-Furnished,enterprise
2bdrm Apartment in Victoria Island for sale,"Lagos State, Victoria Island",Victoria Island,Lagos State,"₦ 290,000,000",180.0,2,2,Unfurnished,enterprise
Furnished 4bdrm Duplex in Lekki for sale,"Lagos State, Lekki",Lekki,Lagos State,"₦ 350,000,000",350.0,4,4,Furnished,enterprise
5bdrm Duplex in VGC / Ajah for sale,"Ajah, VGC / Ajah",VGC / Ajah,Ajah,"₦ 400,000,000",10.0,5,5,Unfurnished,enterprise
5bdrm Duplex in Katampe Extension for sale,"Katampe, Katampe Extension",Katampe Extension,Katampe,"₦ 550,000,000",500.0,5,5,Unfurnished,enterprise
5bdrm Duplex in Oniru Victoria for sale,"Victoria Island, Victoria Island Extension",Victoria Island Extension,Victoria Island,"₦ 1,000,000,000",1000.0,5,6,Semi-Furnished,enterprise
"4bdrm Duplex in Lekki Garden Estate, Abraham Adesanya for sale","Surulere, Abraham Adesanya",Abraham Adesanya,Surulere,"₦ 115,000,000",500.0,4,4,Unfurnished,enterprise
5bdrm Duplex in Ait Ray Power for sale,"Ifako-Ijaiye, Alagbado",Alagbado,Ifako-Ijaiye,"₦ 150,000,000",650.0,5,5,Semi-Furnished,enterprise
4bdrm Duplex in Chevron Drive Lekki for sale,"Lekki, Chevron",Chevron,Lekki,"₦ 150,000,000",500.0,4,5,Semi-Furnished,enterprise
3bdrm Block of Flats in Agbelekale Abulegba for sale,"Lagos State, Abule Egba",Abule Egba,Lagos State,"₦ 200,000,000",500.0,3,3,Unfurnished,enterprise
5bdrm Duplex in Chevron for sale,"Lekki, Chevron",Chevron,Lekki,"₦ 600,000,000",500.0,5,6,Unfurnished,enterprise
5bdrm Duplex in Asokoro for sale,"Abuja (FCT), Asokoro",Asokoro,Abuja (FCT),"₦ 550,000,000",500.0,5,6,Unfurnished,enterprise
"5bdrm Duplex in Vinehill Estate, Lugbe District for sale","Abuja (FCT), Lugbe District",Lugbe District,Abuja (FCT),"₦ 280,000,000",550.0,5,6,Unfurnished,enterprise
3bdrm Bungalow in Citec Mbora for sale,"Abuja (FCT), Mbora",Mbora,Abuja (FCT),"₦ 185,000,000",300.0,3,4,Unfurnished,enterprise
3bdrm Duplex in Kubwa for sale,"Abuja (FCT), Kubwa",Kubwa,Abuja (FCT),"₦ 100,000,000",250.0,3,3,Unfurnished,enterprise
"Furnished 4bdrm Bungalow in Mbodo Aluu, Port for sale","Rivers State, Port-Harcourt",Port-Harcourt,Rivers State,"₦ 55,000,000",465.0,4,5,Furnished,enterprise
5bdrm House in Osapa london for sale,"Lekki, Osapa london",Osapa london,Lekki,"₦ 1,100,000,000",1000.0,5,1,Unfurnished,enterprise
5bdrm Duplex in Lekki Phase 1 for sale,"Lekki, Lekki Phase 1",Lekki Phase 1,Lekki,"₦ 1,500,000,000",1000.0,5,1,Unfurnished,enterprise
6bdrm House in Old Ikoyi for sale,"Ikoyi, Old Ikoyi",Old Ikoyi,Ikoyi,"₦ 2,700,000,000",1000.0,6,1,Unfurnished,enterprise
4bdrm Duplex in Adeniyi Jones Ikeja for sale,"Ikeja, Adeniyi Jones",Adeniyi Jones,Ikeja,"₦ 450,000,000",1000.0,4,4,Semi-Furnished,enterprise
5bdrm Duplex in Chevron Drive Lekki for sale,"Lekki, Chevron",Chevron,Lekki,"₦ 350,000,000",600.0,5,6,Semi-Furnished,enterprise
5bdrm Duplex in Lekki for sale,"Lagos State, Lekki",Lekki,Lagos State,"₦ 1,300,000,000",400.0,5,5,Semi-Furnished,enterprise
3bdrm Maisonette in Lekki for sale,"Lagos State, Lekki",Lekki,Lagos State,"₦ 300,000,000",350.0,3,3,Semi-Furnished,enterprise
"4bdrm Duplex in Floursh Estate, Lugbe District for sale","Abuja (FCT), Lugbe District",Lugbe District,Abuja (FCT),"₦ 110,000,000",350.0,4,5,Unfurnished,enterprise
3bdrm Bungalow in Lokogoma By Express for sale,"Abuja (FCT), Lokogoma",Lokogoma,Abuja (FCT),"₦ 145,000,000",541.0,3,4,Unfurnished,enterprise
"4bdrm Duplex in Nut/Behind Shafa, Lugbe District for sale","Abuja (FCT), Lugbe District",Lugbe District,Abuja (FCT),"₦ 60,000,000",450.0,4,5,Unfurnished,enterprise
"4bdrm Duplex in Wtc Estate, Enugu for sale","Enugu State, Enugu",Enugu,Enugu State,"₦ 350,000,000",500.0,4,5,Unfurnished,enterprise
5bdrm Duplex in Chevron for sale,"Lekki, Chevron",Chevron,Lekki,"₦ 1,300,000,000",400.0,5,5,Unfurnished,enterprise
4bdrm Duplex in Ajah for sale,"Lagos State, Ajah",Ajah,Lagos State,"₦ 210,000,000",300.0,4,4,Unfurnished,enterprise
4bdrm Duplex in Akobo for sale,"Ibadan, Akobo",Akobo,Ibadan,"₦ 210,000,000",500.0,4,5,Unfurnished,enterprise
Furnished 3bdrm Apartment in Abraham Adesanya for sale,"Surulere, Abraham Adesanya",Abraham Adesanya,Surulere,"₦ 107,500,000",600.0,3,3,Furnished,enterprise
3bdrm Apartment in Banana Island Ikoyi for sale,"Ikoyi, Banana Island",Banana Island,Ikoyi,"₦ 975,000,000",1000.0,3,4,Semi-Furnished,enterprise
3bdrm Apartment in Lekki Phase 1 Right for sale,"Lekki, Lekki Phase 1",Lekki Phase 1,Lekki,"₦ 230,000,000",1000.0,3,4,Semi-Furnished,enterprise
4bdrm Duplex in Lekki for sale,"Lagos State, Lekki",Lekki,Lagos State,"₦ 750,000,000",400.0,4,4,Semi-Furnished,enterprise
5bdrm Duplex in Chevron for sale,"Lekki, Chevron",Chevron,Lekki,"₦ 470,000,000",500.0,5,6,Unfurnished,enterprise
4bdrm Duplex in Osapa Lekki for sale,"Lekki, Osapa london",Osapa london,Lekki,"₦ 250,000,000",300.0,4,4,Semi-Furnished,enterprise
2bdrm Apartment in Olokonla Sangotedo for sale,"Ajah, Sangotedo",Sangotedo,Ajah,"₦ 75,000,000",111.0,2,2,Unfurnished,enterprise
"Furnished 3bdrm Townhouse/Terrace in Behind Dunamis, Lugbe District","Abuja (FCT), Lugbe District",Lugbe District,Abuja (FCT),"₦ 180,000,000",300.0,3,4,Furnished,enterprise
5bdrm Duplex in Osapa Lekki Lagos for sale,"Lekki, Osapa london",Osapa london,Lekki,"₦ 455,000,000",550.0,5,5,Semi-Furnished,enterprise
5bdrm Duplex in Lekki for sale,"Lagos State, Lekki",Lekki,Lagos State,"₦ 850,000,000",500.0,5,5,Unfurnished,enterprise
4bdrm Duplex in Lekki for sale,"Lagos State, Lekki",Lekki,Lagos State,"₦ 350,000,000",550.0,4,4,Unfurnished,enterprise
6bdrm Duplex in Lekki for sale,"Lagos State, Lekki",Lekki,Lagos State,"₦ 1,400,000,000",500.0,6,6,Unfurnished,enterprise
"4bdrm Duplex in Atlantic Layout, Ajah for sale","Lagos State, Ajah",Ajah,Lagos State,"₦ 170,000,000",10.0,4,4,Unfurnished,enterprise
3bdrm Bungalow in Ibadan for sale,"Oyo State, Ibadan",Ibadan,Oyo State,"₦ 90,000,000",500.0,3,3,Unfurnished,enterprise
"5bdrm Duplex in Peter Odili, Port for sale","Rivers State, Port-Harcourt",Port-Harcourt,Rivers State,"₦ 550,000,000",470.0,5,6,Semi-Furnished,enterprise
4bdrm Duplex in Berger for sale,"Ojodu, Berger",Berger,Ojodu,"₦ 150,000,000",1000.0,4,1,Unfurnished,enterprise
5bdrm House in Ikota for sale,"Lekki, Ikota",Ikota,Lekki,"₦ 330,000,000",1000.0,5,5,Unfurnished,enterprise
"4bdrm Duplex in Heliu Estate, Enugu for sale","Enugu State, Enugu",Enugu,Enugu State,"₦ 200,000,000",500.0,4,5,Unfurnished,enterprise
4bdrm Duplex in Ajah for sale,"Lagos State, Ajah",Ajah,Lagos State,"₦ 270,000,000",250.0,4,4,Unfurnished,enterprise
4bdrm Duplex in Lekki for sale,"Lagos State, Lekki",Lekki,Lagos State,"₦ 195,000,000",300.0,4,4,Unfurnished,enterprise
5bdrm Duplex in Lekki for sale,"Lagos State, Lekki",Lekki,Lagos State,"₦ 470,000,000",349.0,5,5,Unfurnished,enterprise
4bdrm Duplex in Ojodu for sale,"Lagos State, Ojodu",Ojodu,Lagos State,"₦ 450,000,000",300.0,4,4,Unfurnished,enterprise
5bdrm House in Lekki for sale,"Lagos State, Lekki",Lekki,Lagos State,"₦ 1,800,000,000",350.0,5,5,Unfurnished,enterprise
"5bdrm Duplex in General Paint, Ajah for sale","Lagos State, Ajah",Ajah,Lagos State,"₦ 260,000,000",10.0,5,5,Unfurnished,enterprise
3bdrm Bungalow in Awoyaya for sale,"Ibeju, Awoyaya",Awoyaya,Ibeju,"₦ 67,000,000",300.0,3,3,Semi-Furnished,enterprise
2bdrm Apartment in Bogije for sale,"Ibeju, Bogije",Bogije,Ibeju,"₦ 125,000,000",400.0,2,3,Unfurnished,enterprise
"2bdrm Block of Flats in Gerald Estate, Lekki Phase 1 for sale","Lekki, Lekki Phase 1",Lekki Phase 1,Lekki,"₦ 100,000,000",600.0,2,3,Unfurnished,enterprise
5bdrm Duplex in Guzape District for sale,"Abuja (FCT), Guzape District",Guzape District,Abuja (FCT),"₦ 600,000,000",700.0,5,6,Unfurnished,enterprise
6bdrm Duplex in Guzape District for sale,"Abuja (FCT), Guzape District",Guzape District,Abuja (FCT),"₦ 1,400,000,000",1300.0,6,7,Unfurnished,enterprise
2bdrm House in Ikate for sale,"Lekki, Ikate",Ikate,Lekki,"₦ 250,000,000",1000.0,2,1,Unfurnished,enterprise
Furnished 4bdrm Duplex in Galadimawa for sale,"Abuja (FCT), Galadimawa",Galadimawa,Abuja (FCT),"₦ 130,000,000",900.0,4,5,Furnished,enterprise
5bdrm Duplex in Banana Island for sale,"Ikoyi, Banana Island",Banana Island,Ikoyi,"₦ 5,500,000,000",400.0,5,5,Semi-Furnished,enterprise
6bdrm Duplex in Jabi Main for sale,"Abuja (FCT), Jabi",Jabi,Abuja (FCT),"₦ 2,500,000,000",600.0,6,7,Unfurnished,enterprise
4bdrm Duplex in Ogba for sale,"Lagos State, Ogba",Ogba,Lagos State,"₦ 220,000,000",250.0,4,4,Unfurnished,enterprise
"4bdrm Duplex in Makogi, Obafemi-Owode for sale","Ogun State, Obafemi-Owode",Obafemi-Owode,Ogun State,"₦ 55,000,000",324.0,4,4,Unfurnished,enterprise
5bdrm Duplex in Ikota for sale,"Lekki, Ikota",Ikota,Lekki,"₦ 450,000,000",400.0,5,5,Semi-Furnished,enterprise
4bdrm Duplex in Mercyland Extension for sale,"Rivers State, Port-Harcourt",Port-Harcourt,Rivers State,"₦ 225,000,000",465.0,4,5,Semi-Furnished,enterprise
7bdrm House in Zone 1 / Wuse for sale,"Wuse, Zone 1 / Wuse",Zone 1 / Wuse,Wuse,"₦ 870,000,000",610.0,7,10,Semi-Furnished,enterprise
5bdrm Duplex in Banana Island Ikoyi for sale,"Ikoyi, Banana Island",Banana Island,Ikoyi,"₦ 6,300,000,000",500.0,5,6,Semi-Furnished,enterprise
"4bdrm Duplex in Centenary City, Enugu for sale","Enugu State, Enugu",Enugu,Enugu State,"₦ 210,000,000",500.0,4,5,Unfurnished,enterprise
5bdrm Duplex in Lekki for sale,"Lagos State, Lekki",Lekki,Lagos State,"₦ 875,000,000",600.0,5,5,Semi-Furnished,enterprise
2bdrm Apartment in Lekki for sale,"Lagos State, Lekki",Lekki,Lagos State,"₦ 170,000,000",300.0,2,2,Unfurnished,enterprise
4bdrm Duplex in Lekki for sale,"Lagos State, Lekki",Lekki,Lagos State,"₦ 230,000,000",350.0,4,4,Unfurnished,enterprise
4bdrm Duplex in Lekki for sale,"Lagos State, Lekki",Lekki,Lagos State,"₦ 150,000,000",350.0,4,4,Semi-Furnished,enterprise
"5bdrm Duplex in Ikota Gra, Lekki for sale","Lagos State, Lekki",Lekki,Lagos State,"₦ 270,000,000",10.0,5,5,Unfurnished,enterprise
"4bdrm Penthouse in Carlton Gate Estate, Ibadan for sale","Oyo State, Ibadan",Ibadan,Oyo State,"₦ 380,000,000",450.0,4,4,Semi-Furnished,enterprise
Furnished 5bdrm House in Guzape District for sale,"Abuja (FCT), Guzape District",Guzape District,Abuja (FCT),"₦ 1,200,000,000",600.0,5,6,Furnished,enterprise
5bdrm Duplex in Osapa london for sale,"Lekki, Osapa london",Osapa london,Lekki,"₦ 860,000,000",1000.0,5,1,Unfurnished,enterprise
4bdrm Duplex in Old Ikoyi for sale,"Ikoyi, Old Ikoyi",Old Ikoyi,Ikoyi,"₦ 950,000,000",1000.0,4,1,Unfurnished,enterprise
6bdrm Duplex in Galadimawa for sale,"Abuja (FCT), Galadimawa",Galadimawa,Abuja (FCT),"₦ 200,000,000",750.0,6,6,Unfurnished,enterprise
2bdrm Block of Flats in Ogba Ikeja Lagos for sale,"Ogba, Oke-Ira / Ogba",Oke-Ira / Ogba,Ogba,"₦ 600,000,000",692.0,2,2,Unfurnished,enterprise
3bdrm Apartment in Alagomeji Yaba Lagos for sale,"Yaba, Alagomeji",Alagomeji,Yaba,"₦ 260,000,000",1000.0,3,4,Semi-Furnished,enterprise
4bdrm Duplex in Lekki Gardens 2 for sale,"Ajah, Lekki Gardens Estate",Lekki Gardens Estate,Ajah,"₦ 140,000,000",1000.0,4,5,Unfurnished,enterprise
4bdrm Duplex in Lekki for sale,"Lagos State, Lekki",Lekki,Lagos State,"₦ 255,000,000",350.0,4,4,Semi-Furnished,enterprise
5bdrm Duplex in Lekki for sale,"Lagos State, Lekki",Lekki,Lagos State,"₦ 250,000,000",350.0,5,5,Semi-Furnished,enterprise
5bdrm Duplex in Lekki for sale,"Lagos State, Lekki",Lekki,Lagos State,"₦ 1,300,000,000",400.0,5,5,Semi-Furnished,enterprise
6bdrm Duplex in Durumi for sale,"Abuja (FCT), Durumi",Durumi,Abuja (FCT),"₦ 350,000,000",450.0,6,6,Unfurnished,enterprise
1bdrm Block of Flats in Sabo for sale,"Yaba, Sabo / Yaba",Sabo / Yaba,Yaba,"₦ 30,000,000",200.0,1,2,Unfurnished,enterprise
"8bdrm Duplex in Ndic Directors, Idu Industrial for sale","Abuja (FCT), Idu Industrial",Idu Industrial,Abuja (FCT),"₦ 350,000,000",900.0,8,9,Unfurnished,enterprise
"5bdrm Duplex in Independence Layout, Enugu for sale","Enugu State, Enugu",Enugu,Enugu State,"₦ 400,000,000",600.0,5,6,Unfurnished,enterprise
5bdrm Duplex in Ogudu GRA for sale,"Ogudu, Ogudu GRA",Ogudu GRA,Ogudu,"₦ 400,000,000",300.0,5,5,Unfurnished,enterprise
5bdrm Duplex in Lekki for sale,"Lagos State, Lekki",Lekki,Lagos State,"₦ 370,000,000",400.0,5,5,Unfurnished,enterprise
4bdrm Duplex in Lekki for sale,"Lagos State, Lekki",Lekki,Lagos State,"₦ 150,000,000",250.0,4,4,Unfurnished,enterprise
"4bdrm Duplex in Carlton Gate Estate, Akobo for sale","Ibadan, Akobo",Akobo,Ibadan,"₦ 210,000,000",600.0,4,4,Unfurnished,enterprise
4bdrm Duplex in Sangotedo for sale,"Ajah, Sangotedo",Sangotedo,Ajah,"₦ 200,000,000",300.0,4,4,Semi-Furnished,enterprise
5bdrm Duplex in Berger for sale,"Ojodu, Berger",Berger,Ojodu,"₦ 450,000,000",1000.0,5,1,Unfurnished,enterprise
3bdrm House in Banana Island for sale,"Ikoyi, Banana Island",Banana Island,Ikoyi,"₦ 600,000,000",1000.0,3,1,Unfurnished,enterprise
1bdrm Apartment in Idado Estate Lekki for sale,"Lekki, Idado",Idado,Lekki,"₦ 100,000,000",1000.0,1,2,Semi-Furnished,enterprise
6bdrm Duplex in Osapa London Lekki for sale,"Lekki, Osapa london",Osapa london,Lekki,"₦ 1,400,000,000",1000.0,6,7,Semi-Furnished,enterprise
5bdrm Duplex in Lekki for sale,"Lagos State, Lekki",Lekki,Lagos State,"₦ 450,000,000",350.0,5,5,Semi-Furnished,enterprise
5bdrm Duplex in Ado / Ajah for sale,"Ajah, Ado / Ajah",Ado / Ajah,Ajah,"₦ 480,000,000",300.0,5,5,Semi-Furnished,enterprise
2bdrm Apartment in Lekki for sale,"Lagos State, Lekki",Lekki,Lagos State,"₦ 370,000,000",400.0,2,2,Semi-Furnished,enterprise
5bdrm Duplex in Chevron for sale,"Lekki, Chevron",Chevron,Lekki,"₦ 849,000,000",600.0,5,6,Unfurnished,enterprise
"4bdrm Duplex in Pearl Garden Estate, Sangotedo for sale","Ajah, Sangotedo",Sangotedo,Ajah,"₦ 290,000,000",450.0,4,4,Semi-Furnished,enterprise
2bdrm Apartment in Lekki Phase 1 for sale,"Lekki, Lekki Phase 1",Lekki Phase 1,Lekki,"₦ 300,000,000",150.0,2,2,Unfurnished,enterprise
Furnished 2bdrm Apartment in Lekki for sale,"Lagos State, Lekki",Lekki,Lagos State,"₦ 350,000,000",150.0,2,2,Furnished,enterprise
4bdrm Duplex in Ajah for sale,"Lagos State, Ajah",Ajah,Lagos State,"₦ 220,000,000",400.0,4,4,Unfurnished,enterprise
"5bdrm Duplex in Okebadan Estate, Akobo for sale","Ibadan, Akobo",Akobo,Ibadan,"₦ 230,000,000",450.0,5,6,Semi-Furnished,enterprise
"5bdrm Bungalow in Biala Estate., Iwo Road for sale","Ibadan, Iwo Road",Iwo Road,Ibadan,"₦ 85,000,000",700.0,5,8,Semi-Furnished,enterprise
Furnished 2bdrm Apartment in Iwaya for sale,"Yaba, Iwaya",Iwaya,Yaba,"₦ 100,000,000",300.0,2,2,Furnished,enterprise
Furnished 5bdrm House in Asokoro for sale,"Abuja (FCT), Asokoro",Asokoro,Abuja (FCT),"₦ 7,000,000,000",2216.0,5,8,Furnished,enterprise
3bdrm Duplex in Harris Drive Vgc for sale,"Ajah, VGC / Ajah",VGC / Ajah,Ajah,"₦ 165,000,000",1000.0,3,3,Unfurnished,enterprise
"5bdrm Duplex in Private Property, Guzape District for sale","Abuja (FCT), Guzape District",Guzape District,Abuja (FCT),"₦ 1,500,000,000",1800.0,5,5,Semi-Furnished,enterprise
5bdrm Duplex in Lekki for sale,"Lagos State, Lekki",Lekki,Lagos State,"₦ 840,000,000",400.0,5,5,Semi-Furnished,enterprise
5bdrm Duplex in Lekki for sale,"Lagos State, Lekki",Lekki,Lagos State,"₦ 650,000,000",400.0,5,5,Semi-Furnished,enterprise
5bdrm Duplex in Lekki for sale,"Lagos State, Lekki",Lekki,Lagos State,"₦ 370,000,000",350.0,5,5,Semi-Furnished,enterprise
Furnished 4bdrm Apartment in Oko Oba Estate for sale,"Agege, New Oko Oba",New Oko Oba,Agege,"₦ 300,000,000",300.0,4,5,Furnished,enterprise
"7bdrm Duplex in Praise Hill Estate, Obafemi-Owode for sale","Ogun State, Obafemi-Owode",Obafemi-Owode,Ogun State,"₦ 140,000,000",600.0,7,9,Unfurnished,enterprise
6bdrm Mansion in Lekki for sale,"Lagos State, Lekki",Lekki,Lagos State,"₦ 1,700,000,000",450.0,6,6,Unfurnished,enterprise
4bdrm Duplex in Lekki for sale,"Lagos State, Lekki",Lekki,Lagos State,"₦ 255,000,000",350.0,4,4,Unfurnished,enterprise
"6bdrm Duplex in Kukwab Abuja, Lokogoma for sale","Abuja (FCT), Lokogoma",Lokogoma,Abuja (FCT),"₦ 650,000,000",700.0,6,7,Semi-Furnished,enterprise
5bdrm Duplex in Maitama Main Abuja for sale,"Abuja (FCT), Maitama",Maitama,Abuja (FCT),"₦ 2,000,000,000",500.0,5,6,Semi-Furnished,enterprise
4bdrm Duplex in Old Ikoyi for sale,"Ikoyi, Old Ikoyi",Old Ikoyi,Ikoyi,"₦ 1,200,000,000",1000.0,4,1,Unfurnished,enterprise
"4bdrm Duplex in Nizamiya Hospital, Karmo for sale","Abuja (FCT), Karmo",Karmo,Abuja (FCT),"₦ 150,000,000",300.0,4,5,Unfurnished,enterprise
6bdrm Duplex in Old Ikoyi Lagos for sale,"Ikoyi, Old Ikoyi",Old Ikoyi,Ikoyi,"₦ 2,600,000,000",1000.0,6,7,Semi-Furnished,enterprise
5bdrm Duplex in Lekki Phase 1 Lagos for sale,"Lekki, Lekki Phase 1",Lekki Phase 1,Lekki,"₦ 1,500,000,000",400.0,5,5,Semi-Furnished,enterprise
5bdrm Duplex in Victory Park Estate for sale,"Lekki, Osapa london",Osapa london,Lekki,"₦ 875,000,000",1000.0,5,6,Semi-Furnished,enterprise
5bdrm House in Lekki Phase 1 Lagos for sale,"Lekki, Lekki Phase 1",Lekki Phase 1,Lekki,"₦ 1,500,000,000",1000.0,5,6,Semi-Furnished,enterprise
4bdrm Duplex in Maryland Estate for sale,"Maryland, LSDPC Maryland Estate",LSDPC Maryland Estate,Maryland,"₦ 350,000,000",1000.0,4,5,Semi-Furnished,enterprise
5bdrm Duplex in Chevron Drive Lekki for sale,"Lekki, Chevron",Chevron,Lekki,"₦ 500,000,000",500.0,5,6,Semi-Furnished,enterprise
"2bdrm Apartment in Victoria Island, Ligali Ayorinde for sale","Victoria Island, Ligali Ayorinde",Ligali Ayorinde,Victoria Island,"₦ 525,000,000",500.0,2,3,Semi-Furnished,enterprise
Furnished 9bdrm Duplex in Chevron Drive Lekki for sale,"Lekki, Chevron",Chevron,Lekki,"₦ 900,000,000",1000.0,9,9,Furnished,enterprise
"6bdrm House in Victoria Garden City, VGC / Ajah for sale","Ajah, VGC / Ajah",VGC / Ajah,Ajah,"₦ 1,200,000,000",1000.0,6,6,Semi-Furnished,enterprise
5bdrm Duplex in Ajah for sale,"Lagos State, Ajah",Ajah,Lagos State,"₦ 300,000,000",300.0,5,5,Semi-Furnished,enterprise
5bdrm Duplex in Lekki for sale,"Lagos State, Lekki",Lekki,Lagos State,"₦ 1,500,000,000",450.0,5,5,Semi-Furnished,enterprise
"Furnished 5bdrm Duplex in Chevron Estate, Lekki for sale","Lagos State, Lekki",Lekki,Lagos State,"₦ 380,000,000",480.0,5,6,Furnished,enterprise
"Furnished 4bdrm Duplex in Abijo Gra, Lagos. for sale","Ibeju, Abijo",Abijo,Ibeju,"₦ 150,000,000",200.0,4,3,Furnished,enterprise
Furnished 4bdrm Duplex in Osapa London Lekki for sale,"Lekki, Osapa london",Osapa london,Lekki,"₦ 700,000,000",500.0,4,4,Furnished,enterprise
4bdrm Duplex in Ipaja for sale,"Lagos State, Ipaja",Ipaja,Lagos State,"₦ 150,000,000",200.0,4,4,Unfurnished,enterprise
5bdrm Duplex in Lekki for sale,"Lagos State, Lekki",Lekki,Lagos State,"₦ 550,000,000",400.0,5,5,Semi-Furnished,enterprise
5bdrm House in Lekki for sale,"Lagos State, Lekki",Lekki,Lagos State,"₦ 1,500,000,000",200.0,5,5,Unfurnished,enterprise
5bdrm Duplex in Lekki for sale,"Lagos State, Lekki",Lekki,Lagos State,"₦ 500,000,000",450.0,5,5,Unfurnished,enterprise
3bdrm Apartment in Gbagada for sale,"Lagos State, Gbagada",Gbagada,Lagos State,"₦ 135,000,000",180.0,3,3,Unfurnished,enterprise
4bdrm Duplex in Jahi for sale,"Abuja (FCT), Jahi",Jahi,Abuja (FCT),"₦ 400,000,000",300.0,4,4,Unfurnished,enterprise
Furnished 3bdrm Duplex in Idu for sale,"Abuja (FCT), Idu Industrial",Idu Industrial,Abuja (FCT),"₦ 110,000,000",500.0,3,3,Furnished,enterprise
"4bdrm Duplex in Dana Estate, for sale","Rivers State, Port-Harcourt",Port-Harcourt,Rivers State,"₦ 195,000,000",350.0,4,5,Semi-Furnished,enterprise
Furnished 5bdrm Duplex in Victoria Island Extension for sale,"Victoria Island, Victoria Island Extension",Victoria Island Extension,Victoria Island,"₦ 950,000,000",500.0,5,6,Furnished,enterprise
10bdrm House in Lekki Phase 1 for sale,"Lekki, Lekki Phase 1",Lekki Phase 1,Lekki,"₦ 2,000,000,000",100.0,10,1,Unfurnished,enterprise
5bdrm House in Old Ikoyi for sale,"Ikoyi, Old Ikoyi",Old Ikoyi,Ikoyi,"₦ 5,500,000,000",1000.0,5,1,Unfurnished,enterprise
5bdrm Duplex in Vgc Lekki Lagos for sale,"Ajah, VGC / Ajah",VGC / Ajah,Ajah,"₦ 470,000,000",500.0,5,6,Semi-Furnished,enterprise
3bdrm Apartment in Lekki Phase 1 for sale,"Lekki, Lekki Phase 1",Lekki Phase 1,Lekki,"₦ 550,000,000",3000.0,3,4,Semi-Furnished,enterprise
2bdrm Apartment in Oniru Victoria for sale,"Victoria Island, Victoria Island Extension",Victoria Island Extension,Victoria Island,"₦ 290,000,000",1000.0,2,2,Semi-Furnished,enterprise
"4bdrm Duplex in Private Property, Kado for sale","Abuja (FCT), Kado",Kado,Abuja (FCT),"₦ 300,000,000",2400.0,4,4,Unfurnished,enterprise
5bdrm Duplex in Ado / Ajah for sale,"Ajah, Ado / Ajah",Ado / Ajah,Ajah,"₦ 400,000,000",300.0,5,5,Semi-Furnished,enterprise
7bdrm Duplex in Lekki for sale,"Lagos State, Lekki",Lekki,Lagos State,"₦ 2,200,000,000",450.0,7,7,Semi-Furnished,enterprise
5bdrm Duplex in Ajah for sale,"Lagos State, Ajah",Ajah,Lagos State,"₦ 650,000,000",400.0,5,5,Semi-Furnished,enterprise
"3bdrm Apartment in Beaufort Court, Lugbe District for sale","Abuja (FCT), Lugbe District",Lugbe District,Abuja (FCT),"₦ 67,000,000",250.0,3,4,Unfurnished,enterprise
"5bdrm Bungalow in Centenary City, Enugu for sale","Enugu State, Enugu",Enugu,Enugu State,"₦ 135,000,000",500.0,5,5,Unfurnished,enterprise
2bdrm Apartment in Victoria Island for sale,"Lagos State, Victoria Island",Victoria Island,Lagos State,"₦ 250,000,000",150.0,2,2,Unfurnished,enterprise
4bdrm Duplex in Ikeja for sale,"Lagos State, Ikeja",Ikeja,Lagos State,"₦ 550,000,000",250.0,4,4,Unfurnished,enterprise
5bdrm Duplex in Lekki for sale,"Lagos State, Lekki",Lekki,Lagos State,"₦ 950,000,000",350.0,5,5,Unfurnished,enterprise
4bdrm Duplex in Ikoyi for sale,"Lagos State, Ikoyi",Ikoyi,Lagos State,"₦ 1,100,000,000",500.0,4,4,Unfurnished,enterprise
"4bdrm Duplex in Mbodo Aluu, East West Road for sale","Port-Harcourt, East West Road",East West Road,Port-Harcourt,"₦ 55,000,000",465.0,4,4,Semi-Furnished,enterprise
"4bdrm Duplex in Ikota Gra, Lekki for sale","Lagos State, Lekki",Lekki,Lagos State,"₦ 150,000,000",10.0,4,4,Unfurnished,enterprise
"4bdrm Duplex in Engineer Lere Adigun, Basorun for sale","Ibadan, Basorun",Basorun,Ibadan,"₦ 280,000,000",450.0,4,4,Unfurnished,enterprise
"3bdrm Apartment in Off Admiralty Way, Lekki Phase 1 for sale","Lekki, Lekki Phase 1",Lekki Phase 1,Lekki,"₦ 250,000,000",2400.0,3,3,Unfurnished,enterprise
5bdrm Duplex in Ikota for sale,"Lekki, Ikota",Ikota,Lekki,"₦ 550,000,000",350.0,5,5,Semi-Furnished,enterprise
"Furnished 2bdrm Apartment in Cello 3, Lekki Phase 1 for sale","Lekki, Lekki Phase 1",Lekki Phase 1,Lekki,"₦ 260,000,000",300.0,2,2,Furnished,enterprise
5bdrm Duplex in Alaka Estate for sale,"Surulere, Alaka Estate",Alaka Estate,Surulere,"₦ 430,000,000",1000.0,5,1,Unfurnished,enterprise
5bdrm Duplex in Sangotedo for sale,"Ajah, Sangotedo",Sangotedo,Ajah,"₦ 350,000,000",1000.0,5,1,Unfurnished,enterprise
5bdrm House in Ikota for sale,"Lekki, Ikota",Ikota,Lekki,"₦ 370,000,000",1000.0,5,5,Unfurnished,enterprise
3bdrm Apartment in Banana Island Ikoyi for sale,"Ikoyi, Banana Island",Banana Island,Ikoyi,"₦ 1,100,000,000",1000.0,3,4,Semi-Furnished,enterprise
4bdrm Duplex in Lekki for sale,"Lagos State, Lekki",Lekki,Lagos State,"₦ 330,000,000",350.0,4,4,Semi-Furnished,enterprise
4bdrm Duplex in Ajah for sale,"Lagos State, Ajah",Ajah,Lagos State,"₦ 230,000,000",300.0,4,4,Semi-Furnished,enterprise
6bdrm Maisonette in Jahi for sale,"Abuja (FCT), Jahi",Jahi,Abuja (FCT),"₦ 350,000,000",500.0,6,7,Unfurnished,enterprise
5bdrm Duplex in Lekki for sale,"Lagos State, Lekki",Lekki,Lagos State,"₦ 600,000,000",450.0,5,5,Unfurnished,enterprise
6bdrm Duplex in Ajah for sale,"Lagos State, Ajah",Ajah,Lagos State,"₦ 400,000,000",400.0,6,6,Unfurnished,enterprise
4bdrm Duplex in Maryland for sale,"Lagos State, Maryland",Maryland,Lagos State,"₦ 450,000,000",300.0,4,4,Unfurnished,enterprise
5bdrm Duplex in Ikeja for sale,"Lagos State, Ikeja",Ikeja,Lagos State,"₦ 650,000,000",350.0,5,5,Unfurnished,enterprise
5bdrm Duplex in Sangotedo for sale,"Ajah, Sangotedo",Sangotedo,Ajah,"₦ 380,000,000",450.0,5,6,Semi-Furnished,enterprise
5bdrm Duplex in Lekki Phase 1 for sale,"Lekki, Lekki Phase 1",Lekki Phase 1,Lekki,"₦ 1,200,000,000",350.0,5,5,Semi-Furnished,enterprise
4bdrm Apartment in Ajah for sale,"Lagos State, Ajah",Ajah,Lagos State,"₦ 150,000,000",400.0,4,4,Semi-Furnished,enterprise
"5bdrm Duplex in Narayi High Cost, Kaduna / Kaduna State for sale","Kaduna State, Kaduna / Kaduna State",Kaduna / Kaduna State,Kaduna State,"₦ 80,000,000",652.0,5,5,Unfurnished,enterprise
4bdrm Duplex in Opebi for sale,"Ikeja, Opebi",Opebi,Ikeja,"₦ 570,000,000",1000.0,4,1,Unfurnished,enterprise
4bdrm Duplex in Abule Egba for sale,"Lagos State, Abule Egba",Abule Egba,Lagos State,"₦ 180,000,000",1000.0,4,1,Unfurnished,enterprise
3bdrm Block of Flats in Old Ikoyi Lagos for sale,"Ikoyi, Old Ikoyi",Old Ikoyi,Ikoyi,"₦ 12,000,000,000",3000.0,3,4,Semi-Furnished,enterprise
4bdrm House in Silver Spring Agungi for sale,"Lekki, Agungi",Agungi,Lekki,"₦ 300,000,000",500.0,4,5,Unfurnished,enterprise
4bdrm House in Allen Avenue Ikeja for sale,"Ikeja, Allen Avenue",Allen Avenue,Ikeja,"₦ 650,000,000",500.0,4,5,Semi-Furnished,enterprise
"4bdrm Duplex in Maryland Ikeja Lagos, Mende for sale","Maryland, Mende",Mende,Maryland,"₦ 750,000,000",500.0,4,5,Semi-Furnished,enterprise
4bdrm Duplex in Seagate Estate Ikate for sale,"Lekki, Ikate",Ikate,Lekki,"₦ 500,000,000",1000.0,4,5,Semi-Furnished,enterprise
5bdrm Duplex in Lekki for sale,"Lagos State, Lekki",Lekki,Lagos State,"₦ 600,000,000",350.0,5,5,Semi-Furnished,enterprise
Furnished 4bdrm Duplex in Sabon Lugbe Axis for sale,"Abuja (FCT), Lugbe District",Lugbe District,Abuja (FCT),"₦ 260,000,000",1000.0,4,5,Furnished,enterprise
4bdrm Duplex in Magodo for sale,"Lagos State, Magodo",Magodo,Lagos State,"₦ 500,000,000",250.0,4,4,Semi-Furnished,enterprise
5bdrm House in Lekki for sale,"Lagos State, Lekki",Lekki,Lagos State,"₦ 1,100,000,000",400.0,5,5,Unfurnished,enterprise
4bdrm Duplex in Lekki for sale,"Lagos State, Lekki",Lekki,Lagos State,"₦ 330,000,000",250.0,4,4,Unfurnished,enterprise
5bdrm Duplex in Lekki for sale,"Lagos State, Lekki",Lekki,Lagos State,"₦ 320,000,000",450.0,5,5,Unfurnished,enterprise
5bdrm Duplex in Lekki for sale,"Lagos State, Lekki",Lekki,Lagos State,"₦ 1,100,000,000",700.0,5,5,Semi-Furnished,enterprise
"5bdrm Duplex in Royal Gardens Estate, Off Lekki-Epe Expressway for sale","Ajah, Off Lekki-Epe Expressway",Off Lekki-Epe Expressway,Ajah,"₦ 650,000,000",400.0,5,5,Semi-Furnished,enterprise
5bdrm Duplex in Ogombo for sale,"Ajah, Ogombo",Ogombo,Ajah,"₦ 350,000,000",300.0,5,5,Semi-Furnished,enterprise
4bdrm Apartment in Ilaje for sale,"Ondo State, Ilaje",Ilaje,Ondo State,"₦ 180,000,000",400.0,4,5,Unfurnished,enterprise
3bdrm Apartment in Opebi for sale,"Ikeja, Opebi",Opebi,Ikeja,"₦ 175,000,000",1000.0,3,1,Unfurnished,enterprise
4bdrm Bungalow in Eleko Junction Ibeju for sale,"Ibeju, Eleko",Eleko,Ibeju,"₦ 70,000,000",600.0,4,5,Semi-Furnished,enterprise
5bdrm Duplex in Orchid Lekki Lagos for sale,"Lekki, Lekki Expressway",Lekki Expressway,Lekki,"₦ 750,000,000",603.0,5,6,Semi-Furnished,enterprise
5bdrm Duplex in Chevron for sale,"Lekki, Chevron",Chevron,Lekki,"₦ 600,000,000",500.0,5,6,Unfurnished,enterprise
4bdrm Duplex in Ado / Ajah for sale,"Ajah, Ado / Ajah",Ado / Ajah,Ajah,"₦ 170,000,000",300.0,4,4,Semi-Furnished,enterprise
Furnished 2bdrm Apartment in Ikate for sale,"Lekki, Ikate",Ikate,Lekki,"₦ 165,000,000",120.0,2,2,Furnished,enterprise
6bdrm Duplex in Banana Island for sale,"Ikoyi, Banana Island",Banana Island,Ikoyi,"₦ 6,300,000,000",800.0,6,6,Unfurnished,enterprise
4bdrm Duplex in Ilupeju for sale,"Lagos State, Ilupeju",Ilupeju,Lagos State,"₦ 250,000,000",500.0,4,4,Unfurnished,enterprise
"4bdrm Duplex in General Paint, Ajah for sale","Lagos State, Ajah",Ajah,Lagos State,"₦ 145,000,000",10.0,4,4,Unfurnished,enterprise
"Furnished 4bdrm Bungalow in Almond Garden, Enugu for sale","Enugu State, Enugu",Enugu,Enugu State,"₦ 150,000,000",500.0,4,5,Furnished,enterprise
"4bdrm Duplex in Peter Odili Road, for sale","Rivers State, Port-Harcourt",Port-Harcourt,Rivers State,"₦ 320,000,000",400.0,4,5,Semi-Furnished,enterprise
3bdrm Duplex in Lafiaji for sale,"Lekki, Lafiaji",Lafiaji,Lekki,"₦ 140,000,000",300.0,3,3,Semi-Furnished,enterprise
7bdrm Duplex in Osapa london for sale,"Lekki, Osapa london",Osapa london,Lekki,"₦ 2,200,000,000",1000.0,7,1,Unfurnished,enterprise
3bdrm Apartment in Ikeja Gra Lagos for sale,"Ikeja, Ikeja GRA",Ikeja GRA,Ikeja,"₦ 800,000,000",1000.0,3,4,Semi-Furnished,enterprise
3bdrm Block of Flats in Lekki Phase 1 Right for sale,"Lekki, Lekki Phase 1",Lekki Phase 1,Lekki,"₦ 1,200,000,000",550.0,3,4,Semi-Furnished,enterprise
4bdrm House in Omole Phase 2 Lagos for sale,"Ikeja, Omole Phase 2",Omole Phase 2,Ikeja,"₦ 280,000,000",500.0,4,5,Semi-Furnished,enterprise
"3bdrm Duplex in Trulo, Kubwa for sale","Abuja (FCT), Kubwa",Kubwa,Abuja (FCT),"₦ 110,000,000",2000.0,3,4,Unfurnished,False
4bdrm Duplex in Magodo for sale,"Lagos State, Magodo",Magodo,Lagos State,"₦ 650,000,000",300.0,4,4,Unfurnished,enterprise
5bdrm Duplex in Lekki for sale,"Lagos State, Lekki",Lekki,Lagos State,"₦ 350,000,000",500.0,5,5,Unfurnished,enterprise
5bdrm Duplex in Sangotedo for sale,"Ajah, Sangotedo",Sangotedo,Ajah,"₦ 480,000,000",400.0,5,5,Semi-Furnished,enterprise
"3bdrm House in Mojisola Onikoyi, Banana Island for sale","Ikoyi, Banana Island",Banana Island,Ikoyi,"₦ 720,000,000",1000.0,3,1,Unfurnished,enterprise
"4bdrm Penthouse in Leisure Court, Lugbe District for sale","Abuja (FCT), Lugbe District",Lugbe District,Abuja (FCT),"₦ 120,000,000",450.0,4,5,Unfurnished,enterprise
"2bdrm Duplex in Makogi Estate, Lekki Expressway for sale","Lekki, Lekki Expressway",Lekki Expressway,Lekki,"₦ 85,000,000",400.0,2,2,Unfurnished,enterprise
4bdrm Duplex in Lekki for sale,"Lagos State, Lekki",Lekki,Lagos State,"₦ 200,000,000",350.0,4,4,Unfurnished,enterprise
4bdrm Duplex in Lekki for sale,"Lagos State, Lekki",Lekki,Lagos State,"₦ 940,000,000",500.0,4,4,Semi-Furnished,enterprise
5bdrm Duplex in Lekki for sale,"Lagos State, Lekki",Lekki,Lagos State,"₦ 480,000,000",400.0,5,5,Unfurnished,enterprise
"4bdrm Duplex in Shell Co-Operative, Obio-Akpor for sale","Rivers State, Obio-Akpor",Obio-Akpor,Rivers State,"₦ 260,000,000",320.0,4,4,Semi-Furnished,enterprise
13bdrm Block of Flats in Old Bodija Estate for sale,"Ibadan, Old Bodija",Old Bodija,Ibadan,"₦ 400,000,000",1037.0,13,15,Unfurnished,enterprise
3bdrm Duplex in Sangotedo for sale,"Ajah, Sangotedo",Sangotedo,Ajah,"₦ 135,000,000",300.0,3,3,Semi-Furnished,enterprise
5bdrm Duplex in Lekki Phase 2 for sale,"Lekki, Lekki Phase 2",Lekki Phase 2,Lekki,"₦ 600,000,000",350.0,5,6,Semi-Furnished,enterprise
5bdrm Duplex in Old Ikoyi for sale,"Ikoyi, Old Ikoyi",Old Ikoyi,Ikoyi,"₦ 6,918,100,000",1000.0,5,1,Unfurnished,enterprise
"5bdrm Duplex in Cowrie Creek, Ikate for sale","Lekki, Ikate",Ikate,Lekki,"₦ 1,200,000,000",1000.0,5,1,Unfurnished,enterprise
7bdrm Block of Flats in Egbeda for sale,"Alimosho, Egbeda",Egbeda,Alimosho,"₦ 300,000,000",1000.0,7,1,Unfurnished,enterprise
3bdrm Apartment in Lekki Phase 1 Lagos for sale,"Lekki, Lekki Phase 1",Lekki Phase 1,Lekki,"₦ 370,000,000",1000.0,3,4,Semi-Furnished,enterprise
3bdrm Bungalow in Graceland Estate for sale,"Ajah, Oke Ira / Ajah",Oke Ira / Ajah,Ajah,"₦ 95,000,000",600.0,3,4,Semi-Furnished,enterprise
5bdrm Duplex in Lekki for sale,"Lagos State, Lekki",Lekki,Lagos State,"₦ 350,000,000",400.0,5,5,Semi-Furnished,enterprise
"6bdrm Duplex in Kukwaba, Around, Kaura for sale","Abuja (FCT), Kaura",Kaura,Abuja (FCT),"₦ 450,000,000",500.0,6,7,Unfurnished,enterprise
"4bdrm Duplex in Ambassador Villa, Lugbe District for sale","Abuja (FCT), Lugbe District",Lugbe District,Abuja (FCT),"₦ 190,000,000",400.0,4,5,Unfurnished,enterprise
6bdrm Duplex in Abuja (FCT) for sale,Abuja (FCT),Abuja (FCT),,"₦ 750,000,000",500.0,6,6,Unfurnished,enterprise
"2bdrm Block of Flats in Rumuibekwe Estate, for sale","Rivers State, Port-Harcourt",Port-Harcourt,Rivers State,"₦ 290,000,000",752.0,2,3,Semi-Furnished,enterprise
5bdrm Duplex in VGC / Ajah for sale,"Ajah, VGC / Ajah",VGC / Ajah,Ajah,"₦ 550,000,000",400.0,5,5,Semi-Furnished,enterprise
"3bdrm Block of Flats in Eagle Estate, Off, Port-Harcourt for sale","Rivers State, Port-Harcourt",Port-Harcourt,Rivers State,"₦ 72,750,000",300.0,3,4,Unfurnished,enterprise
4bdrm Duplex in Jahi for sale,"Abuja (FCT), Jahi",Jahi,Abuja (FCT),"₦ 550,000,000",350.0,4,5,Unfurnished,enterprise
Furnished 6bdrm Mansion in Ibeshe / Amuwo-Odofin for sale,"Amuwo-Odofin, Ibeshe / Amuwo-Odofin",Ibeshe / Amuwo-Odofin,Amuwo-Odofin,"₦ 320,000,000",1700.0,6,6,Furnished,enterprise
4bdrm House in Northern Foreshore for sale,"Lekki, Chevron",Chevron,Lekki,"₦ 700,000,000",600.0,4,4,Semi-Furnished,enterprise
3bdrm Block of Flats in Karaole Estate for sale,"Lagos State, Abule Egba",Abule Egba,Lagos State,"₦ 180,000,000",709.0,3,3,Semi-Furnished,enterprise
5bdrm Duplex in Williams Elliott for sale,"Agege, Oko-Oba",Oko-Oba,Agege,"₦ 230,000,000",300.0,5,6,Semi-Furnished,enterprise
"2bdrm Apartment in Yaba Lagos, Alagomeji for sale","Yaba, Alagomeji",Alagomeji,Yaba,"₦ 170,000,000",550.0,2,3,Semi-Furnished,enterprise
5bdrm Duplex in Lekki for sale,"Lagos State, Lekki",Lekki,Lagos State,"₦ 320,000,000",400.0,5,5,Semi-Furnished,enterprise
4bdrm Duplex in Lekki for sale,"Lagos State, Lekki",Lekki,Lagos State,"₦ 250,000,000",350.0,4,4,Semi-Furnished,enterprise
5bdrm Duplex in Lekki for sale,"Lagos State, Lekki",Lekki,Lagos State,"₦ 1,600,000,000",400.0,5,5,Semi-Furnished,enterprise
5bdrm Duplex in Lekki for sale,"Lagos State, Lekki",Lekki,Lagos State,"₦ 849,000,000",420.0,5,5,Semi-Furnished,enterprise
2bdrm Bungalow in Ogombo for sale,"Ajah, Ogombo",Ogombo,Ajah,"₦ 40,000,000",250.0,2,3,Unfurnished,enterprise
6bdrm Mansion in Wuye Main for sale,"Abuja (FCT), Wuye",Wuye,Abuja (FCT),"₦ 1,600,000,000",600.0,6,7,Unfurnished,enterprise
6bdrm Duplex in Apo Resettlement for sale,"Abuja (FCT), Apo District",Apo District,Abuja (FCT),"₦ 680,000,000",500.0,6,7,Unfurnished,enterprise
7bdrm Duplex in Guzape District for sale,"Abuja (FCT), Guzape District",Guzape District,Abuja (FCT),"₦ 1,500,000,000",700.0,7,8,Unfurnished,enterprise
5bdrm Duplex in Jabi for sale,"Abuja (FCT), Jabi",Jabi,Abuja (FCT),"₦ 1,100,000,000",800.0,5,5,Unfurnished,enterprise
"4bdrm Duplex in 79Th Estate Akwaka, for sale","Rivers State, Port-Harcourt",Port-Harcourt,Rivers State,"₦ 191,400,000",300.0,4,5,Semi-Furnished,enterprise
4bdrm Duplex in Abijo for sale,"Ibeju, Abijo",Abijo,Ibeju,"₦ 150,000,000",200.0,4,4,Unfurnished,enterprise
4bdrm Duplex in Rumuodara/Artillery for sale,"Port-Harcourt, Rumuodara",Rumuodara,Port-Harcourt,"₦ 120,000,000",400.0,4,5,Semi-Furnished,enterprise
Furnished 4bdrm Duplex in Victoria Island Extension for sale,"Victoria Island, Victoria Island Extension",Victoria Island Extension,Victoria Island,"₦ 800,000,000",500.0,4,5,Furnished,enterprise
6bdrm Block of Flats in New Oko Oba for sale,"Agege, New Oko Oba",New Oko Oba,Agege,"₦ 300,000,000",1000.0,6,1,Unfurnished,enterprise
4bdrm Duplex in Ifako-Gbagada for sale,"Gbagada, Ifako-Gbagada",Ifako-Gbagada,Gbagada,"₦ 350,000,000",1000.0,4,1,Unfurnished,enterprise
5bdrm Duplex in Chevron Drive Lekki for sale,"Lekki, Chevron",Chevron,Lekki,"₦ 450,000,000",1000.0,5,6,Semi-Furnished,enterprise
"4bdrm Duplex in St Martin Estate, Pyakasa for sale","Abuja (FCT), Pyakasa",Pyakasa,Abuja (FCT),"₦ 200,000,000",700.0,4,4,Semi-Furnished,enterprise
3bdrm Apartment in Lekki for sale,"Lagos State, Lekki",Lekki,Lagos State,"₦ 370,000,000",350.0,3,3,Semi-Furnished,enterprise
5bdrm Duplex in Lekki for sale,"Lagos State, Lekki",Lekki,Lagos State,"₦ 650,000,000",400.0,5,5,Semi-Furnished,enterprise
5bdrm Duplex in Lekki for sale,"Lagos State, Lekki",Lekki,Lagos State,"₦ 650,000,000",400.0,5,5,Semi-Furnished,enterprise
Furnished 1bdrm Apartment in Thomas Estate for sale,"Ajah, Thomas Estate",Thomas Estate,Ajah,"₦ 38,000,000",100.0,1,2,Furnished,enterprise
2bdrm Duplex in Sangotedo for sale,"Ajah, Sangotedo",Sangotedo,Ajah,"₦ 110,000,000",214.0,2,2,Semi-Furnished,enterprise
"4bdrm Bungalow in Centenary City, Enugu for sale","Enugu State, Enugu",Enugu,Enugu State,"₦ 160,000,000",500.0,4,5,Unfurnished,enterprise
4bdrm Duplex in Lekki for sale,"Lagos State, Lekki",Lekki,Lagos State,"₦ 210,000,000",300.0,4,4,Unfurnished,enterprise
"2bdrm Duplex in Gift Avenue Off Nta, Woji for sale","Port-Harcourt, Woji",Woji,Port-Harcourt,"₦ 250,000,000",1095.0,2,2,Semi-Furnished,enterprise
"5bdrm Duplex in Newheaven, Enugu for sale","Enugu State, Enugu",Enugu,Enugu State,"₦ 350,000,000",600.0,5,5,Semi-Furnished,diamond
3bdrm Bungalow in Karsana for sale,"Gwagwa, Karsana",Karsana,Gwagwa,"₦ 170,000,000",500.0,3,3,Unfurnished,enterprise
5bdrm House in VGC / Ajah for sale,"Ajah, VGC / Ajah",VGC / Ajah,Ajah,"₦ 470,000,000",500.0,5,5,Semi-Furnished,diamond
5bdrm House in Off Lekki-Epe Expressway for sale,"Ajah, Off Lekki-Epe Expressway",Off Lekki-Epe Expressway,Ajah,"₦ 350,000,000",500.0,5,5,Semi-Furnished,diamond
5bdrm Duplex in Lekki Phase 1 for sale,"Lekki, Lekki Phase 1",Lekki Phase 1,Lekki,"₦ 1,100,000,000",500.0,5,5,Unfurnished,diamond
"2bdrm House in Rockvale Manors, Apo Resettlement for sale","Apo District, Apo Resettlement",Apo Resettlement,Apo District,"₦ 110,000,000",500.0,2,2,Unfurnished,diamond
"4bdrm Duplex in Ikolaba Estate, Agodi for sale","Ibadan, Agodi",Agodi,Ibadan,"₦ 220,000,000",400.0,4,4,Semi-Furnished,diamond
"4bdrm Apartment in Jahi, Abuja for sale","Abuja (FCT), Jahi",Jahi,Abuja (FCT),"₦ 165,000,000",250.0,4,4,Unfurnished,diamond
Furnished 4bdrm House in Adeniyi Jones for sale,"Ikeja, Adeniyi Jones",Adeniyi Jones,Ikeja,"₦ 380,000,000",500.0,4,4,Furnished,diamond
Furnished 4bdrm House in Magodo for sale,"Lagos State, Magodo",Magodo,Lagos State,"₦ 550,000,000",500.0,4,4,Furnished,diamond
Furnished 3bdrm House in Olokonla for sale,"Ajah, Olokonla",Olokonla,Ajah,"₦ 150,000,000",500.0,3,3,Furnished,diamond
Furnished 4bdrm House in Ikeja GRA for sale,"Ikeja, Ikeja GRA",Ikeja GRA,Ikeja,"₦ 750,000,000",500.0,4,4,Furnished,diamond
6bdrm Block of Flats in Benin City for sale,"Edo State, Benin City",Benin City,Edo State,"₦ 72,000,000",470.0,6,6,Semi-Furnished,diamond
4bdrm Duplex in Ikota for sale,"Lekki, Ikota",Ikota,Lekki,"₦ 170,000,000",100.0,4,4,Unfurnished,enterprise
"4bdrm Duplex in Ikota Villa Estate, Lekki for sale","Lagos State, Lekki",Lekki,Lagos State,"₦ 200,000,000",100.0,4,4,Unfurnished,enterprise
5bdrm Duplex in Ajah Lekki for sale,"Lagos State, Ajah",Ajah,Lagos State,"₦ 300,000,000",100.0,5,5,Unfurnished,enterprise
5bdrm Duplex in VGC / Ajah for sale,"Ajah, VGC / Ajah",VGC / Ajah,Ajah,"₦ 1,500,000,000",100.0,5,5,Unfurnished,enterprise
4bdrm Duplex in Ikota for sale,"Lekki, Ikota",Ikota,Lekki,"₦ 180,000,000",100.0,4,4,Unfurnished,enterprise
2bdrm Apartment in Ikate for sale,"Lekki, Ikate",Ikate,Lekki,"₦ 140,000,000",100.0,2,2,Unfurnished,enterprise
"Furnished 2bdrm Penthouse in Oniru, Victoria Island for sale","Lagos State, Victoria Island",Victoria Island,Lagos State,"₦ 250,000,000",100.0,2,2,Furnished,enterprise
4bdrm Duplex in Ikota Villa for sale,"Lekki, Ikota",Ikota,Lekki,"₦ 150,000,000",100.0,4,4,Unfurnished,enterprise
"4bdrm Duplex in Orchid, Lekki for sale","Lagos State, Lekki",Lekki,Lagos State,"₦ 230,000,000",100.0,4,4,Unfurnished,enterprise
5bdrm Duplex in Lekki for sale,"Lagos State, Lekki",Lekki,Lagos State,"₦ 480,000,000",400.0,5,5,Unfurnished,enterprise
2bdrm Apartment in Gbagada for sale,"Lagos State, Gbagada",Gbagada,Lagos State,"₦ 90,000,000",250.0,2,2,Unfurnished,enterprise
4bdrm House in Omole Phase 2 for sale,"Ikeja, Omole Phase 2",Omole Phase 2,Ikeja,"₦ 200,000,000",250.0,4,4,Unfurnished,enterprise
Furnished 4bdrm Duplex in Lekki for sale,"Lagos State, Lekki",Lekki,Lagos State,"₦ 420,000,000",250.0,4,4,Furnished,enterprise
6bdrm Duplex in Ikoyi for sale,"Lagos State, Ikoyi",Ikoyi,Lagos State,"₦ 2,600,000,000",700.0,6,6,Unfurnished,enterprise
5bdrm Duplex in Banana Island for sale,"Ikoyi, Banana Island",Banana Island,Ikoyi,"₦ 3,250,000,000",400.0,5,5,Unfurnished,enterprise
4bdrm Duplex in Guzape District for sale,"Abuja (FCT), Guzape District",Guzape District,Abuja (FCT),"₦ 450,000,000",200.0,4,4,Unfurnished,enterprise
4bdrm Duplex in Wuse 2 Abuja for sale,"Abuja (FCT), Wuse 2",Wuse 2,Abuja (FCT),"₦ 750,000,000",2000.0,4,5,Semi-Furnished,enterprise
2bdrm Apartment in Lekki Phase 1 for sale,"Lekki, Lekki Phase 1",Lekki Phase 1,Lekki,"₦ 200,000,000",500.0,2,2,Semi-Furnished,diamond
"5bdrm Duplex in It Owns Compound, Apo Resettlement for sale","Apo District, Apo Resettlement",Apo Resettlement,Apo District,"₦ 800,000,000",700.0,5,7,Unfurnished,diamond
4bdrm Duplex in Ikota Villa Estate for sale,"Lekki, Ikota",Ikota,Lekki,"₦ 200,000,000",500.0,4,4,Unfurnished,diamond
2bdrm Apartment in Phase 1 for sale,"Lekki, Lekki Phase 1",Lekki Phase 1,Lekki,"₦ 270,000,000",550.0,2,2,Unfurnished,diamond
"4bdrm Duplex in Serenen Environment, Ifako-Gbagada for sale","Gbagada, Ifako-Gbagada",Ifako-Gbagada,Gbagada,"₦ 300,000,000",275.0,4,4,Unfurnished,diamond
5bdrm Duplex in Asokoro for sale,"Abuja (FCT), Asokoro",Asokoro,Abuja (FCT),"₦ 1,500,000,000",600.0,5,5,Unfurnished,diamond
5bdrm Duplex in Ikota Lekki Lagos for sale,"Lekki, Ikota",Ikota,Lekki,"₦ 650,000,000",650.0,5,6,Semi-Furnished,enterprise
3bdrm Block of Flats in Command Ipaja Lagos for sale,"Ipaja, Ipaja / Ipaja",Ipaja / Ipaja,Ipaja,"₦ 80,000,000",1000.0,3,4,Semi-Furnished,enterprise
5bdrm Duplex in Ologolo Lekki Lagos for sale,"Lekki, Ologolo",Ologolo,Lekki,"₦ 600,000,000",600.0,5,6,Semi-Furnished,enterprise
5bdrm Duplex in Orchid Lekki Lagos for sale,"Lekki, Lekki Expressway",Lekki Expressway,Lekki,"₦ 480,000,000",600.0,5,6,Semi-Furnished,enterprise
2bdrm Apartment in Lekki for sale,"Lagos State, Lekki",Lekki,Lagos State,"₦ 350,000,000",350.0,2,2,Semi-Furnished,enterprise
Furnished 3bdrm House in Magodo for sale,"Lagos State, Magodo",Magodo,Lagos State,"₦ 280,000,000",500.0,3,3,Furnished,diamond
"13bdrm House in Uwagboe, Benin City for sale","Edo State, Benin City",Benin City,Edo State,"₦ 60,000,000",800.0,13,13,Unfurnished,diamond
6bdrm House in Benin City for sale,"Edo State, Benin City",Benin City,Edo State,"₦ 22,000,000",460.0,6,6,Unfurnished,diamond
Furnished 5bdrm House in Omole Phase 1 for sale,"Ikeja, Omole Phase 1",Omole Phase 1,Ikeja,"₦ 700,000,000",500.0,5,5,Furnished,diamond
Furnished 3bdrm House in Abijo for sale,"Ibeju, Abijo",Abijo,Ibeju,"₦ 100,000,000",500.0,3,3,Furnished,diamond
4bdrm House in Ikeja for sale,"Lagos State, Ikeja",Ikeja,Lagos State,"₦ 350,000,000",500.0,4,4,Semi-Furnished,diamond
4bdrm Duplex in Ikate for sale,"Lekki, Ikate",Ikate,Lekki,"₦ 400,000,000",100.0,4,4,Unfurnished,enterprise
Furnished 2bdrm Apartment in Lekki Conservation for sale,"Lekki, Lekki Expressway",Lekki Expressway,Lekki,"₦ 135,000,000",100.0,2,2,Furnished,enterprise
1bdrm Apartment in Ologolo for sale,"Lekki, Ologolo",Ologolo,Lekki,"₦ 110,000,000",100.0,1,1,Unfurnished,enterprise
"4bdrm Duplex in Lekki Palm City, Ado / Ajah for sale","Ajah, Ado / Ajah",Ado / Ajah,Ajah,"₦ 140,000,000",100.0,4,4,Unfurnished,enterprise
2bdrm Apartment in Lekki Phase1 for sale,"Lekki, Lekki Phase 1",Lekki Phase 1,Lekki,"₦ 380,000,000",100.0,2,2,Unfurnished,enterprise
5bdrm Duplex in Lekki for sale,"Lagos State, Lekki",Lekki,Lagos State,"₦ 600,000,000",350.0,5,5,Unfurnished,enterprise
4bdrm Duplex in Lekki for sale,"Lagos State, Lekki",Lekki,Lagos State,"₦ 205,000,000",200.0,4,5,Semi-Furnished,diamond
3bdrm Duplex in Ado / Ajah for sale,"Ajah, Ado / Ajah",Ado / Ajah,Ajah,"₦ 125,000,000",500.0,3,3,Semi-Furnished,diamond
3bdrm Apartment in Ikate for sale,"Lekki, Ikate",Ikate,Lekki,"₦ 200,000,000",500.0,3,3,Unfurnished,diamond
4bdrm Duplex in Ajah for sale,"Lagos State, Ajah",Ajah,Lagos State,"₦ 155,000,000",350.0,4,4,Unfurnished,enterprise
5bdrm Duplex in Woji Estate for sale,"Port-Harcourt, Woji",Woji,Port-Harcourt,"₦ 650,000,000",1000.0,5,5,Semi-Furnished,enterprise
3bdrm Block of Flats in Katampe Extension for sale,"Katampe, Katampe Extension",Katampe Extension,Katampe,"₦ 200,000,000",150.0,3,3,Unfurnished,enterprise
4bdrm Duplex in Osapa london for sale,"Lekki, Osapa london",Osapa london,Lekki,"₦ 350,000,000",600.0,4,4,Unfurnished,enterprise
6bdrm Duplex in Magodo Gra Phase 2 for sale,"Lagos State, Magodo",Magodo,Lagos State,"₦ 850,000,000",500.0,6,6,Semi-Furnished,diamond
"2bdrm Apartment in Lakeview Estate, Amuwo-Odofin for sale","Lagos State, Amuwo-Odofin",Amuwo-Odofin,Lagos State,"₦ 100,000,000",300.0,2,2,Unfurnished,diamond
5bdrm House in Chevron for sale,"Lekki, Chevron",Chevron,Lekki,"₦ 800,000,000",500.0,5,5,Semi-Furnished,diamond
5bdrm Duplex in Lekki Expressway for sale,"Lekki, Lekki Expressway",Lekki Expressway,Lekki,"₦ 250,000,000",500.0,5,5,Unfurnished,diamond
4bdrm House in Lekki Phase 1 for sale,"Lekki, Lekki Phase 1",Lekki Phase 1,Lekki,"₦ 300,000,000",500.0,4,4,Semi-Furnished,diamond
4bdrm Duplex in Ogudu Gra for sale,"Ogudu, Ogudu GRA",Ogudu GRA,Ogudu,"₦ 1,200,000,000",400.0,4,5,Semi-Furnished,enterprise
"3bdrm Bungalow in T. A Garden, Isheri North for sale","Ojodu, Isheri North",Isheri North,Ojodu,"₦ 170,000,000",150.0,3,4,Semi-Furnished,enterprise
5bdrm House in Off Lekki-Epe Expressway for sale,"Ajah, Off Lekki-Epe Expressway",Off Lekki-Epe Expressway,Ajah,"₦ 400,000,000",500.0,5,5,Semi-Furnished,diamond
"Furnished 4bdrm Duplex in Oniru, Victoria Island Extension for sale","Victoria Island, Victoria Island Extension",Victoria Island Extension,Victoria Island,"₦ 750,000,000",300.0,4,5,Furnished,enterprise
4bdrm Duplex in Apo Wumba for sale,"Apo District, Apo Resettlement",Apo Resettlement,Apo District,"₦ 350,000,000",600.0,4,5,Unfurnished,enterprise
"6bdrm Duplex in Iwofe By Ada George, Port-Harcourt for sale","Rivers State, Port-Harcourt",Port-Harcourt,Rivers State,"₦ 230,000,000",539.0,6,7,Semi-Furnished,enterprise
"4bdrm Duplex in Irewole, Jericho for sale","Ibadan, Jericho",Jericho,Ibadan,"₦ 100,000,000",400.0,4,4,Unfurnished,diamond
"4bdrm Bungalow in City Park And, Egbeda / Egbeda for sale","Egbeda, Egbeda / Egbeda",Egbeda / Egbeda,Egbeda,"₦ 95,000,000",450.0,4,4,Semi-Furnished,diamond
16bdrm House in Agbowo for sale,"Ibadan, Agbowo",Agbowo,Ibadan,"₦ 75,000,000",800.0,16,4,Unfurnished,diamond
4bdrm Duplex in Agodi Gra for sale,"Ibadan, Agodi",Agodi,Ibadan,"₦ 500,000,000",410.0,4,4,Unfurnished,diamond
"5bdrm Duplex in Planet Hills, Sabon Lugbe for sale","Lugbe District, Sabon Lugbe",Sabon Lugbe,Lugbe District,"₦ 255,000,000",450.0,5,5,Unfurnished,diamond
5bdrm Duplex in Ikate for sale,"Lekki, Ikate",Ikate,Lekki,"₦ 700,000,000",123.0,5,5,Unfurnished,diamond
5bdrm Duplex in Lekki Expressway for sale,"Lekki, Lekki Expressway",Lekki Expressway,Lekki,"₦ 750,000,000",234.0,5,5,Unfurnished,diamond
5bdrm Duplex in Ajah for sale,"Lagos State, Ajah",Ajah,Lagos State,"₦ 550,000,000",700.0,5,5,Semi-Furnished,diamond
4bdrm Apartment in Ikate for sale,"Lekki, Ikate",Ikate,Lekki,"₦ 320,000,000",500.0,4,4,Semi-Furnished,diamond
5bdrm Duplex in Ajah for sale,"Lagos State, Ajah",Ajah,Lagos State,"₦ 300,000,000",450.0,5,5,Semi-Furnished,diamond
"4bdrm Duplex in A Serene Estate, Lekki Phase 1 for sale","Lekki, Lekki Phase 1",Lekki Phase 1,Lekki,"₦ 370,000,000",300.0,4,4,Unfurnished,diamond
3bdrm Block of Flats in Wuye for sale,"Abuja (FCT), Wuye",Wuye,Abuja (FCT),"₦ 130,000,000",250.0,3,3,Unfurnished,diamond
4bdrm Duplex in Festac for sale,"Amuwo-Odofin, Festac",Festac,Amuwo-Odofin,"₦ 220,000,000",600.0,4,4,Unfurnished,enterprise
2bdrm Apartment in Festac for sale,"Amuwo-Odofin, Festac",Festac,Amuwo-Odofin,"₦ 100,000,000",600.0,2,2,Unfurnished,enterprise
5bdrm Duplex in Sangotedo for sale,"Ajah, Sangotedo",Sangotedo,Ajah,"₦ 430,000,000",420.0,5,5,Semi-Furnished,diamond
5bdrm Duplex in Sangotedo for sale,"Ajah, Sangotedo",Sangotedo,Ajah,"₦ 550,000,000",300.0,5,5,Semi-Furnished,diamond
Furnished 5bdrm House in Magodo for sale,"Lagos State, Magodo",Magodo,Lagos State,"₦ 950,000,000",500.0,5,5,Furnished,diamond
1bdrm Apartment in Lekki Scheme 2 for sale,"Lekki, Lekki Expressway",Lekki Expressway,Lekki,"₦ 80,000,000",1000.0,1,1,Unfurnished,enterprise
4bdrm Duplex in Ikate for sale,"Lekki, Ikate",Ikate,Lekki,"₦ 320,000,000",100.0,4,4,Unfurnished,enterprise
"5bdrm Duplex in Orchid, Lekki Expressway for sale","Lekki, Lekki Expressway",Lekki Expressway,Lekki,"₦ 470,000,000",100.0,5,5,Unfurnished,enterprise
3bdrm Duplex in Ikoyi for sale,"Lagos State, Ikoyi",Ikoyi,Lagos State,"₦ 650,000,000",100.0,3,3,Unfurnished,enterprise
5bdrm Duplex in Jahi for sale,"Abuja (FCT), Jahi",Jahi,Abuja (FCT),"₦ 600,000,000",400.0,5,5,Semi-Furnished,enterprise
4bdrm Duplex in Lekki Phase 1 for sale,"Lekki, Lekki Phase 1",Lekki Phase 1,Lekki,"₦ 650,000,000",500.0,4,4,Unfurnished,diamond
4bdrm Duplex in Ado / Ajah for sale,"Ajah, Ado / Ajah",Ado / Ajah,Ajah,"₦ 290,000,000",500.0,4,4,Semi-Furnished,diamond
4bdrm Duplex in Ado / Ajah for sale,"Ajah, Ado / Ajah",Ado / Ajah,Ajah,"₦ 170,000,000",500.0,4,4,Semi-Furnished,diamond
2bdrm Apartment in Lekki Phase 1 for sale,"Lekki, Lekki Phase 1",Lekki Phase 1,Lekki,"₦ 230,000,000",500.0,2,2,Semi-Furnished,diamond
3bdrm Apartment in Lekki Phase 1 for sale,"Lekki, Lekki Phase 1",Lekki Phase 1,Lekki,"₦ 300,000,000",500.0,3,3,Semi-Furnished,diamond
5bdrm Duplex in Lekki Phase 1 for sale,"Lekki, Lekki Phase 1",Lekki Phase 1,Lekki,"₦ 1,200,000,000",500.0,5,5,Semi-Furnished,diamond
4bdrm Duplex in Osapa london for sale,"Lekki, Osapa london",Osapa london,Lekki,"₦ 850,000,000",500.0,4,4,Semi-Furnished,diamond
3bdrm House in Lagos State for sale,Lagos State,Lagos State,,"₦ 170,000,000",150.0,3,3,Unfurnished,enterprise
Furnished 4bdrm Duplex in Ikate for sale,"Lekki, Ikate",Ikate,Lekki,"₦ 300,000,000",500.0,4,4,Furnished,diamond
5bdrm Duplex in Off Lekki-Epe Expressway for sale,"Ajah, Off Lekki-Epe Expressway",Off Lekki-Epe Expressway,Ajah,"₦ 550,000,000",500.0,5,5,Semi-Furnished,diamond
3bdrm Duplex in Lekki Phase 1 for sale,"Lekki, Lekki Phase 1",Lekki Phase 1,Lekki,"₦ 300,000,000",500.0,3,3,Semi-Furnished,diamond
"5bdrm Duplex in Oakland Estate, Sangotedo for sale","Ajah, Sangotedo",Sangotedo,Ajah,"₦ 320,000,000",300.0,5,5,Unfurnished,enterprise
"6bdrm House in Briansbrain, Benin City for sale","Edo State, Benin City",Benin City,Edo State,"₦ 35,000,000",1500.0,6,6,Unfurnished,diamond
"3bdrm Block of Flats in Market Square, Ago Palace for sale","Isolo, Ago Palace",Ago Palace,Isolo,"₦ 90,000,000",500.0,3,3,Unfurnished,diamond
"6bdrm House in Lead City, Felele, CHallenge / Ibadan for sale","Ibadan, CHallenge / Ibadan",CHallenge / Ibadan,Ibadan,"₦ 80,000,000",450.0,6,6,Unfurnished,diamond
"5bdrm Duplex in Magodo Phase2, Kosofe for sale","Lagos State, Kosofe",Kosofe,Lagos State,"₦ 800,000,000",450.0,5,6,Semi-Furnished,diamond
4bdrm Duplex in VGC / Ajah for sale,"Ajah, VGC / Ajah",VGC / Ajah,Ajah,"₦ 150,000,000",950.0,4,4,Unfurnished,enterprise
5bdrm Duplex in Ikota for sale,"Lekki, Ikota",Ikota,Lekki,"₦ 600,000,000",700.0,5,5,Semi-Furnished,diamond
"6bdrm Duplex in Estate, Lugbe District for sale","Abuja (FCT), Lugbe District",Lugbe District,Abuja (FCT),"₦ 300,000,000",450.0,6,6,Unfurnished,diamond
Furnished 5bdrm Duplex in Apo Resettlement for sale,"Apo District, Apo Resettlement",Apo Resettlement,Apo District,"₦ 380,000,000",700.0,5,6,Furnished,enterprise
5bdrm Duplex in Jabi Waterfront for sale,"Abuja (FCT), Jabi",Jabi,Abuja (FCT),"₦ 1,100,000,000",600.0,5,6,Semi-Furnished,enterprise
2bdrm Apartment in Lekki Expressway for sale,"Lekki, Lekki Expressway",Lekki Expressway,Lekki,"₦ 122,000,000",500.0,2,2,Semi-Furnished,diamond
3bdrm Apartment in Ikate for sale,"Lekki, Ikate",Ikate,Lekki,"₦ 380,000,000",500.0,3,3,Unfurnished,diamond
5bdrm Duplex in Ikeja Gra for sale,"Ikeja, Ikeja GRA",Ikeja GRA,Ikeja,"₦ 1,300,000,000",750.0,5,6,Semi-Furnished,enterprise
5bdrm Duplex in Omole for sale,"Ikeja, Omole Phase 2",Omole Phase 2,Ikeja,"₦ 600,000,000",400.0,5,6,Semi-Furnished,enterprise
4bdrm Maisonette in Ikoyi S.W for sale,"Ikoyi, Ikoyi S.W",Ikoyi S.W,Ikoyi,"₦ 750,000,000",500.0,4,4,Semi-Furnished,diamond
4bdrm Duplex in Lokogoma for sale,"Abuja (FCT), Lokogoma",Lokogoma,Abuja (FCT),"₦ 200,000,000",750.0,4,5,Unfurnished,diamond
Furnished 4bdrm Apartment in Katampe (Main) for sale,"Katampe, Katampe (Main)",Katampe (Main),Katampe,"₦ 300,000,000",250.0,4,3,Furnished,diamond
4bdrm Duplex in Wuye for sale,"Abuja (FCT), Wuye",Wuye,Abuja (FCT),"₦ 550,000,000",450.0,4,5,Semi-Furnished,diamond
6bdrm Duplex in Lokogoma for sale,"Abuja (FCT), Lokogoma",Lokogoma,Abuja (FCT),"₦ 500,000,000",800.0,6,7,Semi-Furnished,diamond
"4bdrm Duplex in 08 Garden City, Ikwerre for sale","Rivers State, Ikwerre",Ikwerre,Rivers State,"₦ 145,000,000",465.0,4,5,Unfurnished,enterprise
4bdrm Duplex in Golf Estate Peter for sale,"Rivers State, Port-Harcourt",Port-Harcourt,Rivers State,"₦ 450,000,000",500.0,4,5,Semi-Furnished,enterprise
4bdrm Duplex in Port-Harcourt for sale,"Rivers State, Port-Harcourt",Port-Harcourt,Rivers State,"₦ 250,000,000",400.0,4,5,Semi-Furnished,enterprise
"5bdrm Duplex in On Its Own Compound, Apo Resettlement for sale","Apo District, Apo Resettlement",Apo Resettlement,Apo District,"₦ 650,000,000",1000.0,5,7,Unfurnished,diamond
"5bdrm Duplex in Estate, Apo Resettlement for sale","Apo District, Apo Resettlement",Apo Resettlement,Apo District,"₦ 750,000,000",750.0,5,7,Unfurnished,diamond
"5bdrm Duplex in Estate, Galadimawa for sale","Abuja (FCT), Galadimawa",Galadimawa,Abuja (FCT),"₦ 500,000,000",750.0,5,6,Unfurnished,diamond
5bdrm Duplex in Ikota for sale,"Lekki, Ikota",Ikota,Lekki,"₦ 400,000,000",350.0,5,5,Semi-Furnished,diamond
5bdrm Duplex in Agungi for sale,"Lekki, Agungi",Agungi,Lekki,"₦ 350,000,000",350.0,5,5,Unfurnished,diamond
2bdrm Apartment in Lekki Phase 1 for sale,"Lekki, Lekki Phase 1",Lekki Phase 1,Lekki,"₦ 300,000,000",1200.0,2,2,Semi-Furnished,diamond
5bdrm Duplex in Nnpc Estate Life for sale,"Gwarinpa, Life Camp",Life Camp,Gwarinpa,"₦ 350,000,000",750.0,5,6,Unfurnished,enterprise
5bdrm Duplex in Enugu for sale,"Enugu State, Enugu",Enugu,Enugu State,"₦ 350,000,000",350.0,5,6,Semi-Furnished,diamond
5bdrm Duplex in Festac for sale,"Amuwo-Odofin, Festac",Festac,Amuwo-Odofin,"₦ 350,000,000",600.0,5,5,Unfurnished,enterprise
5bdrm House in Lekki for sale,"Lekki, Lekki Phase 1",Lekki Phase 1,Lekki,"₦ 850,000,000",300.0,5,5,Unfurnished,enterprise
5bdrm Duplex in Ikota for sale,"Lekki, Ikota",Ikota,Lekki,"₦ 300,000,000",300.0,5,5,Semi-Furnished,diamond
6bdrm Duplex in Benin City for sale,"Edo State, Benin City",Benin City,Edo State,"₦ 400,000,000",817.0,6,6,Unfurnished,diamond
17bdrm Block of Flats in Osolo Way for sale,"Isolo, Osolo Way",Osolo Way,Isolo,"₦ 150,000,000",600.0,17,17,Semi-Furnished,diamond
"2bdrm Block of Flats in Victory Estate, Ibeshe / Amuwo-Odofin for sale","Amuwo-Odofin, Ibeshe / Amuwo-Odofin",Ibeshe / Amuwo-Odofin,Amuwo-Odofin,"₦ 680,000,000",1800.0,2,2,Semi-Furnished,diamond
Furnished 4bdrm Duplex in Lokogoma for sale,"Abuja (FCT), Lokogoma",Lokogoma,Abuja (FCT),"₦ 300,000,000",500.0,4,5,Furnished,enterprise
5bdrm Duplex in Ajah for sale,"Lagos State, Ajah",Ajah,Lagos State,"₦ 350,000,000",100.0,5,5,Unfurnished,enterprise
4bdrm Duplex in Victoria Island for sale,"Victoria Island, Victoria Island Extension",Victoria Island Extension,Victoria Island,"₦ 700,000,000",100.0,4,4,Unfurnished,enterprise
5bdrm Duplex in Ikoyi for sale,"Ikoyi, Old Ikoyi",Old Ikoyi,Ikoyi,"₦ 7,400,000,000",100.0,5,5,Unfurnished,enterprise
3bdrm Duplex in Lekki Phase 1 for sale,"Lekki, Lekki Phase 1",Lekki Phase 1,Lekki,"₦ 400,000,000",100.0,3,3,Unfurnished,enterprise
3bdrm Duplex in Ajah for sale,"Lagos State, Ajah",Ajah,Lagos State,"₦ 90,000,000",100.0,3,3,Unfurnished,enterprise
4bdrm Duplex in Ikoyi for sale,"Lagos State, Ikoyi",Ikoyi,Lagos State,"₦ 1,550,000,000",100.0,4,4,Unfurnished,enterprise
"7bdrm Duplex in Pinnock Beach Estate, Osapa london for sale","Lekki, Osapa london",Osapa london,Lekki,"₦ 2,100,000,000",100.0,7,7,Unfurnished,enterprise
3bdrm Apartment in Chevron for sale,"Lekki, Chevron",Chevron,Lekki,"₦ 100,000,000",100.0,3,3,Unfurnished,enterprise
"5bdrm Duplex in Orchid, Lekki for sale","Lagos State, Lekki",Lekki,Lagos State,"₦ 330,000,000",100.0,5,5,Unfurnished,enterprise
5bdrm Duplex in Orchi Lekki for sale,"Lagos State, Lekki",Lekki,Lagos State,"₦ 400,000,000",100.0,5,5,Unfurnished,enterprise
4bdrm Duplex in Ikate for sale,"Lekki, Ikate",Ikate,Lekki,"₦ 370,000,000",100.0,4,4,Unfurnished,enterprise
"Furnished 3bdrm Duplex in Shell Cooperative, Eneka for sale","Port-Harcourt, Eneka",Eneka,Port-Harcourt,"₦ 260,000,000",400.0,3,3,Furnished,enterprise
"Furnished 4bdrm Penthouse in New Road Extension,, Obio-Akpor for sale","Rivers State, Obio-Akpor",Obio-Akpor,Rivers State,"₦ 95,000,000",465.0,4,4,Furnished,enterprise
4bdrm Duplex in Maryland for sale,"Lagos State, Maryland",Maryland,Lagos State,"₦ 500,000,000",300.0,4,4,Unfurnished,enterprise
Furnished 3bdrm Apartment in Ikeja GRA for sale,"Ikeja, Ikeja GRA",Ikeja GRA,Ikeja,"₦ 680,000,000",500.0,3,3,Furnished,diamond
5bdrm Duplex in Lekki Expressway for sale,"Lekki, Lekki Expressway",Lekki Expressway,Lekki,"₦ 320,000,000",500.0,5,5,Semi-Furnished,diamond
6bdrm Duplex in Chevron for sale,"Lekki, Chevron",Chevron,Lekki,"₦ 720,000,000",500.0,6,6,Semi-Furnished,diamond
5bdrm Duplex in Lekki for sale,"Lagos State, Lekki",Lekki,Lagos State,"₦ 1,300,000,000",500.0,5,5,Unfurnished,enterprise
2bdrm Block of Flats in Rukpokwu for sale,"Port-Harcourt, Rukpokwu",Rukpokwu,Port-Harcourt,"₦ 180,000,000",780.0,2,2,Semi-Furnished,enterprise
"4bdrm Duplex in Peter Odili, Amadi-Ama for sale","Port-Harcourt, Amadi-Ama",Amadi-Ama,Port-Harcourt,"₦ 300,000,000",465.0,4,4,Semi-Furnished,enterprise
"5bdrm Duplex in Shola F. Adedui, Idishin for sale","Ibadan, Idishin",Idishin,Ibadan,"₦ 150,000,000",500.0,5,5,Semi-Furnished,diamond
"Furnished 3bdrm Block of Flats in Pacific Estste, Kubwa for sale","Abuja (FCT), Kubwa",Kubwa,Abuja (FCT),"₦ 63,000,000",500.0,3,4,Furnished,diamond
"5bdrm House in Briansbrain, Benin City for sale","Edo State, Benin City",Benin City,Edo State,"₦ 20,000,000",2000.0,5,5,Unfurnished,diamond
4bdrm Duplex in Lagos Island / Lagos Island for sale,"Lagos Island (Eko), Lagos Island / Lagos Island",Lagos Island / Lagos Island,Lagos Island (Eko),"₦ 135,000,000",450.0,4,4,Unfurnished,diamond
4bdrm Duplex in Off Lekki-Epe Expressway for sale,"Ajah, Off Lekki-Epe Expressway",Off Lekki-Epe Expressway,Ajah,"₦ 230,000,000",500.0,4,4,Semi-Furnished,diamond
"3bdrm Duplex in Magodo, GRA Phase 1 for sale","Magodo, GRA Phase 1",GRA Phase 1,Magodo,"₦ 200,000,000",250.0,3,4,Semi-Furnished,enterprise
5bdrm Duplex in Ikota for sale,"Lekki, Ikota",Ikota,Lekki,"₦ 420,000,000",500.0,5,5,Semi-Furnished,diamond
4bdrm Duplex in Lekki Expressway for sale,"Lekki, Lekki Expressway",Lekki Expressway,Lekki,"₦ 190,000,000",500.0,4,4,Unfurnished,diamond
"5bdrm Duplex in Ikoyi, Parkview Estate for sale","Ikoyi, Parkview Estate",Parkview Estate,Ikoyi,"₦ 1,500,000,000",300.0,5,6,Semi-Furnished,enterprise
5bdrm Duplex in Chevron for sale,"Lekki, Chevron",Chevron,Lekki,"₦ 530,000,000",400.0,5,6,Semi-Furnished,enterprise
5bdrm Duplex in Wuye for sale,"Abuja (FCT), Wuye",Wuye,Abuja (FCT),"₦ 1,300,000,000",850.0,5,6,Semi-Furnished,diamond
5bdrm Duplex in Chevron for sale,"Lekki, Chevron",Chevron,Lekki,"₦ 450,000,000",400.0,5,6,Unfurnished,diamond
"5bdrm Duplex in Megamound Estate, Ikota for sale","Lekki, Ikota",Ikota,Lekki,"₦ 450,000,000",500.0,5,6,Unfurnished,diamond
4bdrm Duplex in Ikota for sale,"Lekki, Ikota",Ikota,Lekki,"₦ 135,000,000",250.0,4,5,Unfurnished,diamond
6bdrm Duplex in Kado for sale,"Abuja (FCT), Kado",Kado,Abuja (FCT),"₦ 800,000,000",800.0,6,7,Semi-Furnished,diamond
5bdrm Duplex in New Oko Oba for sale,"Agege, New Oko Oba",New Oko Oba,Agege,"₦ 300,000,000",400.0,5,6,Semi-Furnished,enterprise
4bdrm Duplex in Ikota for sale,"Lekki, Ikota",Ikota,Lekki,"₦ 140,000,000",500.0,4,4,Unfurnished,enterprise
2bdrm Block of Flats in Chevron for sale,"Lekki, Chevron",Chevron,Lekki,"₦ 4,500,000",500.0,2,2,Unfurnished,enterprise
3bdrm Apartment in GRA Phase 1 for sale,"Magodo, GRA Phase 1",GRA Phase 1,Magodo,"₦ 280,000,000",620.0,3,3,Semi-Furnished,enterprise
"4bdrm Duplex in Dpk, Chevron for sale","Lekki, Chevron",Chevron,Lekki,"₦ 420,000,000",500.0,4,4,Semi-Furnished,enterprise
3bdrm Apartment in Surulere for sale,"Lagos State, Surulere",Surulere,Lagos State,"₦ 180,000,000",500.0,3,3,Unfurnished,enterprise
"6bdrm Bungalow in Peace Land Estate, Ikorodu Garage for sale","Ikorodu, Ikorodu Garage",Ikorodu Garage,Ikorodu,"₦ 50,000,000",213.0,6,4,Semi-Furnished,enterprise
"5bdrm Duplex in Ikolaba Estate, Agodi for sale","Ibadan, Agodi",Agodi,Ibadan,"₦ 220,000,000",500.0,5,5,Semi-Furnished,diamond
3bdrm Duplex in Guzape District for sale,"Abuja (FCT), Guzape District",Guzape District,Abuja (FCT),"₦ 250,000,000",300.0,3,3,Unfurnished,diamond
"5bdrm Duplex in Heritage, Oluyole Estate for sale","Ibadan, Oluyole Estate",Oluyole Estate,Ibadan,"₦ 300,000,000",600.0,5,5,Semi-Furnished,diamond
"5bdrm Duplex in Prince And Princess, Kaura for sale","Abuja (FCT), Kaura",Kaura,Abuja (FCT),"₦ 700,000,000",670.0,5,6,Unfurnished,diamond
4bdrm Duplex in Jahi for sale,"Abuja (FCT), Jahi",Jahi,Abuja (FCT),"₦ 1,600,000,000",800.0,4,5,Semi-Furnished,diamond
9bdrm Mansion in Guzape District for sale,"Abuja (FCT), Guzape District",Guzape District,Abuja (FCT),"₦ 3,500,000,000",1000.0,9,9,Unfurnished,diamond
4bdrm Duplex in Lekki Phase 1 for sale,"Lekki, Lekki Phase 1",Lekki Phase 1,Lekki,"₦ 650,000,000",123.0,4,4,Unfurnished,diamond
2bdrm Apartment in Igbo-efon for sale,"Lekki, Igbo-efon",Igbo-efon,Lekki,"₦ 95,000,000",600.0,2,2,Unfurnished,diamond
4bdrm Duplex in Lekki Expressway for sale,"Lekki, Lekki Expressway",Lekki Expressway,Lekki,"₦ 175,000,000",300.0,4,4,Semi-Furnished,diamond
6bdrm Duplex in Ajah for sale,"Lagos State, Ajah",Ajah,Lagos State,"₦ 1,000,000,000",800.0,6,6,Semi-Furnished,diamond
"Furnished 5bdrm Duplex in Chevron, Lekki for sale","Lagos State, Lekki",Lekki,Lagos State,"₦ 650,000,000",1200.0,5,5,Furnished,diamond
"10bdrm Room & Parlour in Abak Road, Uyo for sale","Akwa Ibom State, Uyo",Uyo,Akwa Ibom State,"₦ 130,000,000",1800.0,10,2,Semi-Furnished,diamond
"2bdrm Bungalow in Gudu, Abuja for sale","Abuja (FCT), Gudu",Gudu,Abuja (FCT),"₦ 155,000,000",200.0,2,2,Semi-Furnished,diamond
3bdrm Block of Flats in Oshimili North for sale,"Delta State, Oshimili North",Oshimili North,Delta State,"₦ 2,200,000,000",5000.0,3,3,Unfurnished,diamond
2bdrm Block of Flats in Lekki Right for sale,"Lekki, Lekki Phase 1",Lekki Phase 1,Lekki,"₦ 300,000,000",1200.0,2,2,Unfurnished,diamond
"Furnished 5bdrm Duplex in Golden Spring Estate, Dakwo District for sale","Abuja (FCT), Dakwo District",Dakwo District,Abuja (FCT),"₦ 450,000,000",912.0,5,6,Furnished,diamond
4bdrm Duplex in Ilaje / Lekki for sale,"Lekki, Ilaje / Lekki",Ilaje / Lekki,Lekki,"₦ 140,000,000",350.0,4,4,Unfurnished,diamond
Furnished 2bdrm Duplex in Sangotedo for sale,"Ajah, Sangotedo",Sangotedo,Ajah,"₦ 70,000,000",300.0,2,2,Furnished,diamond
4bdrm Duplex in Ikota for sale,"Lekki, Ikota",Ikota,Lekki,"₦ 180,000,000",450.0,4,4,Unfurnished,diamond
4bdrm Duplex in Ajah for sale,"Lagos State, Ajah",Ajah,Lagos State,"₦ 140,000,000",400.0,4,4,Unfurnished,diamond
"5bdrm Duplex in Lakeview, Amuwo-Odofin for sale","Lagos State, Amuwo-Odofin",Amuwo-Odofin,Lagos State,"₦ 220,000,000",707.0,5,6,Unfurnished,enterprise
4bdrm House in Ikota Villa Estate for sale,"Lekki, Ikota",Ikota,Lekki,"₦ 140,000,000",300.0,4,4,Unfurnished,enterprise
Furnished 3bdrm Apartment in Lekki Proper for sale,"Lekki, Lekki Phase 1",Lekki Phase 1,Lekki,"₦ 200,000,000",300.0,3,3,Furnished,enterprise
5bdrm Duplex in Orchid Lekki Lagos for sale,"Lekki, Lekki Phase 1",Lekki Phase 1,Lekki,"₦ 450,000,000",300.0,5,5,Unfurnished,enterprise
6bdrm Duplex in Benin City for sale,"Edo State, Benin City",Benin City,Edo State,"₦ 150,000,000",464.0,6,6,Unfurnished,diamond
"Furnished 5bdrm Duplex in Lekki Lagos, Osapa london for sale","Lekki, Osapa london",Osapa london,Lekki,"₦ 900,000,000",300.0,5,5,Furnished,diamond
Furnished 4bdrm Duplex in Ikate Lekki Lagos for sale,"Lekki, Ikate",Ikate,Lekki,"₦ 370,000,000",250.0,4,4,Furnished,diamond
Furnished 4bdrm House in Ikeja for sale,"Lagos State, Ikeja",Ikeja,Lagos State,"₦ 330,000,000",500.0,4,4,Furnished,diamond
Furnished 3bdrm House in Opebi for sale,"Ikeja, Opebi",Opebi,Ikeja,"₦ 200,000,000",500.0,3,3,Furnished,diamond
Furnished 2bdrm Apartment in Abijo for sale,"Ibeju, Abijo",Abijo,Ibeju,"₦ 85,000,000",500.0,2,2,Furnished,diamond
"Furnished 5bdrm Duplex in Megamond Estate, Ikota for sale","Lekki, Ikota",Ikota,Lekki,"₦ 450,000,000",650.0,5,5,Furnished,enterprise
Furnished 9bdrm Duplex in Maitama for sale,"Abuja (FCT), Maitama",Maitama,Abuja (FCT),"₦ 10,000,000,000",1800.0,9,9,Furnished,enterprise
Furnished 5bdrm House in Olokonla for sale,"Ajah, Olokonla",Olokonla,Ajah,"₦ 270,000,000",500.0,5,5,Furnished,diamond
Furnished 4bdrm House in Allen Avenue for sale,"Ikeja, Allen Avenue",Allen Avenue,Ikeja,"₦ 565,000,000",500.0,4,4,Furnished,diamond
10bdrm Block of Flats in Oshimili South for sale,"Delta State, Oshimili South",Oshimili South,Delta State,"₦ 125,000,000",619.0,10,11,Semi-Furnished,enterprise
2bdrm Apartment in Lekki Phase 1 for sale,"Lekki, Lekki Phase 1",Lekki Phase 1,Lekki,"₦ 250,000,000",100.0,2,2,Unfurnished,enterprise
5bdrm Duplex in Banana Island for sale,"Ikoyi, Banana Island",Banana Island,Ikoyi,"₦ 7,000,000,000",100.0,5,5,Unfurnished,enterprise
"2bdrm Apartment in Oniru, Victoria Island for sale","Lagos State, Victoria Island",Victoria Island,Lagos State,"₦ 290,000,000",100.0,2,2,Unfurnished,enterprise
"4bdrm Duplex in Orchid, Lekki Expressway for sale","Lekki, Lekki Expressway",Lekki Expressway,Lekki,"₦ 330,000,000",100.0,4,4,Unfurnished,enterprise
5bdrm Duplex in Lekki Phase 1 for sale,"Lekki, Lekki Phase 1",Lekki Phase 1,Lekki,"₦ 1,300,000,000",100.0,5,5,Unfurnished,enterprise
4bdrm Duplex in Ikate Lekki for sale,"Lekki, Ikate",Ikate,Lekki,"₦ 300,000,000",100.0,4,4,Unfurnished,enterprise
2bdrm Apartment in Lekki Phase 1 for sale,"Lekki, Lekki Phase 1",Lekki Phase 1,Lekki,"₦ 280,000,000",100.0,2,2,Unfurnished,enterprise
2bdrm Apartment in Ologolo for sale,"Lekki, Ologolo",Ologolo,Lekki,"₦ 150,000,000",100.0,2,2,Unfurnished,enterprise
3bdrm Apartment in Lekki Phase for sale,"Lekki, Lekki Phase 1",Lekki Phase 1,Lekki,"₦ 430,000,000",100.0,3,3,Unfurnished,enterprise
5bdrm Duplex in Ikoyi for sale,"Lagos State, Ikoyi",Ikoyi,Lagos State,"₦ 2,670,000,000",100.0,5,5,Unfurnished,enterprise
"4bdrm Duplex in Harris Drive, VGC / Ajah for sale","Ajah, VGC / Ajah",VGC / Ajah,Ajah,"₦ 130,000,000",100.0,4,4,Unfurnished,enterprise
5bdrm Duplex in Ikota for sale,"Lekki, Ikota",Ikota,Lekki,"₦ 400,000,000",200.0,5,5,Semi-Furnished,diamond
4bdrm Duplex in Lekki Phase 1 for sale,"Lekki, Lekki Phase 1",Lekki Phase 1,Lekki,"₦ 1,200,000,000",500.0,4,4,Semi-Furnished,diamond
2bdrm Duplex in Ajah for sale,"Lagos State, Ajah",Ajah,Lagos State,"₦ 110,000,000",500.0,2,2,Unfurnished,diamond
5bdrm Duplex in Ikate for sale,"Lekki, Ikate",Ikate,Lekki,"₦ 900,000,000",500.0,5,5,Semi-Furnished,diamond
4bdrm Duplex in Osapa london for sale,"Lekki, Osapa london",Osapa london,Lekki,"₦ 350,000,000",500.0,4,4,Semi-Furnished,diamond
3bdrm Penthouse in Lekki Phase 1 for sale,"Lekki, Lekki Phase 1",Lekki Phase 1,Lekki,"₦ 400,000,000",500.0,3,3,Semi-Furnished,diamond
"3bdrm Bungalow in Phase Six, Enugu for sale","Enugu State, Enugu",Enugu,Enugu State,"₦ 90,000,000",600.0,3,3,Semi-Furnished,diamond
Furnished 7bdrm Duplex in Ikeja Gra for sale,"Ikeja, Ikeja GRA",Ikeja GRA,Ikeja,"₦ 3,000,000,000",600.0,7,7,Furnished,diamond
3bdrm Block of Flats in Durumi for sale,"Abuja (FCT), Durumi",Durumi,Abuja (FCT),"₦ 130,000,000",1000.0,3,3,Unfurnished,diamond
"5bdrm Duplex in Magodo, GRA Phase 2 Shangisha for sale","Magodo, GRA Phase 2 Shangisha",GRA Phase 2 Shangisha,Magodo,"₦ 800,000,000",400.0,5,6,Semi-Furnished,enterprise
5bdrm Duplex in Lekki Phase 1 for sale,"Lekki, Lekki Phase 1",Lekki Phase 1,Lekki,"₦ 700,000,000",500.0,5,5,Semi-Furnished,diamond
"5bdrm Duplex in Opic, Isheri North for sale","Ojodu, Isheri North",Isheri North,Ojodu,"₦ 180,000,000",350.0,5,6,Unfurnished,enterprise
4bdrm Duplex in Sangotedo for sale,"Ajah, Sangotedo",Sangotedo,Ajah,"₦ 170,000,000",500.0,4,4,Unfurnished,diamond
2bdrm Apartment in GRA Phase 1 / Port-Harcourt for sale,"Port-Harcourt, GRA Phase 1 / Port-Harcourt",GRA Phase 1 / Port-Harcourt,Port-Harcourt,"₦ 140,000,000",500.0,2,2,Unfurnished,enterprise
4bdrm Duplex in Chevron for sale,"Lekki, Chevron",Chevron,Lekki,"₦ 270,000,000",200.0,4,5,Unfurnished,diamond
4bdrm Duplex in Ikeja Gra for sale,"Ikeja, Ikeja GRA",Ikeja GRA,Ikeja,"₦ 850,000,000",350.0,4,5,Semi-Furnished,enterprise
"5bdrm Duplex in Lekki Palm City, Ado / Ajah for sale","Ajah, Ado / Ajah",Ado / Ajah,Ajah,"₦ 260,000,000",350.0,5,6,Unfurnished,diamond
3bdrm Bungalow in Apo Primary for sale,"Apo District, Apo Resettlement",Apo Resettlement,Apo District,"₦ 110,000,000",500.0,3,4,Unfurnished,enterprise
4bdrm Duplex in Chevron for sale,"Lekki, Chevron",Chevron,Lekki,"₦ 450,000,000",600.0,4,4,Semi-Furnished,enterprise
3bdrm Apartment in Phase 1 / Gbagada for sale,"Gbagada, Phase 1 / Gbagada",Phase 1 / Gbagada,Gbagada,"₦ 165,000,000",500.0,3,3,Unfurnished,enterprise
20bdrm Apartment in Ijede / Ikorodu for sale,"Ikorodu, Ijede / Ikorodu",Ijede / Ikorodu,Ikorodu,"₦ 75,000,000",600.0,20,20,Semi-Furnished,enterprise
4bdrm Duplex in Ikeja Residential for sale,"Ikeja, Ikeja GRA",Ikeja GRA,Ikeja,"₦ 260,000,000",400.0,4,5,Semi-Furnished,enterprise
4bdrm Duplex in Chevron for sale,"Lekki, Chevron",Chevron,Lekki,"₦ 230,000,000",580.0,4,4,Semi-Furnished,enterprise
5bdrm Duplex in Chevron for sale,"Lekki, Chevron",Chevron,Lekki,"₦ 480,000,000",500.0,5,5,Unfurnished,enterprise
2bdrm Block of Flats in Kubwa for sale,"Abuja (FCT), Kubwa",Kubwa,Abuja (FCT),"₦ 65,000,000",1800.0,2,3,Semi-Furnished,diamond
"4bdrm Duplex in Estate, Life Camp for sale","Gwarinpa, Life Camp",Life Camp,Gwarinpa,"₦ 450,000,000",400.0,4,6,Unfurnished,diamond
"3bdrm Bungalow in Efab Queen Estate, Karsana for sale","Gwagwa, Karsana",Karsana,Gwagwa,"₦ 270,000,000",600.0,3,4,Unfurnished,diamond
5bdrm Duplex in Ikate for sale,"Lekki, Ikate",Ikate,Lekki,"₦ 1,200,000,000",600.0,5,5,Unfurnished,diamond
5bdrm Duplex in Omole Phase 1 for sale,"Ikeja, Omole Phase 1",Omole Phase 1,Ikeja,"₦ 850,000,000",600.0,5,5,Unfurnished,diamond
3bdrm Block of Flats in Lekki Phase 1 for sale,"Lekki, Lekki Phase 1",Lekki Phase 1,Lekki,"₦ 350,000,000",260.0,3,3,Unfurnished,diamond
5bdrm Duplex in Chevron for sale,"Lekki, Chevron",Chevron,Lekki,"₦ 480,000,000",250.0,5,5,Unfurnished,diamond
5bdrm Duplex in Lekki Phase 1 for sale,"Lekki, Lekki Phase 1",Lekki Phase 1,Lekki,"₦ 950,000,000",600.0,5,5,Semi-Furnished,diamond
5bdrm Duplex in Chevron for sale,"Lekki, Chevron",Chevron,Lekki,"₦ 600,000,000",400.0,5,5,Semi-Furnished,diamond
"Furnished 12bdrm Duplex in Isuti, Igando / Ikotun/Igando for sale","Ikotun/Igando, Igando / Ikotun/Igando",Igando / Ikotun/Igando,Ikotun/Igando,"₦ 80,000,000",648.0,12,12,Furnished,diamond
"Furnished 4bdrm Bungalow in Oreyo, Ikorodu Garage for sale","Ikorodu, Ikorodu Garage",Ikorodu Garage,Ikorodu,"₦ 65,000,000",648.0,4,5,Furnished,diamond
"4bdrm Duplex in A Serene Environment, GRA Phase 2 Shangisha for sale","Magodo, GRA Phase 2 Shangisha",GRA Phase 2 Shangisha,Magodo,"₦ 350,000,000",270.0,4,4,Unfurnished,diamond
Furnished 5bdrm Duplex in Sea Man Estate Lugbe for sale,"Lugbe District, Sabon Lugbe",Sabon Lugbe,Lugbe District,"₦ 260,000,000",120.0,5,6,Furnished,diamond
4bdrm Duplex in Abraham Adesanya Estate for sale,"Ajah, Abraham Adesanya Estate",Abraham Adesanya Estate,Ajah,"₦ 110,000,000",350.0,4,4,Unfurnished,diamond
5bdrm Duplex in Amuwo-Odofin for sale,"Lagos State, Amuwo-Odofin",Amuwo-Odofin,Lagos State,"₦ 350,000,000",600.0,5,5,Unfurnished,enterprise
Furnished 5bdrm Duplex in Akobo for sale,"Ibadan, Akobo",Akobo,Ibadan,"₦ 185,000,000",600.0,5,6,Furnished,enterprise
4bdrm Duplex in Benin City for sale,"Edo State, Benin City",Benin City,Edo State,"₦ 120,000,000",1203.0,4,4,Unfurnished,diamond
Furnished 5bdrm Duplex in Benin City for sale,"Edo State, Benin City",Benin City,Edo State,"₦ 550,000,000",929.0,5,5,Furnished,diamond
5bdrm House in Ikota for sale,"Lekki, Ikota",Ikota,Lekki,"₦ 370,000,000",400.0,5,5,Semi-Furnished,enterprise
5bdrm Duplex in Sangotedo for sale,"Ajah, Sangotedo",Sangotedo,Ajah,"₦ 240,000,000",400.0,5,5,Semi-Furnished,enterprise
Furnished 4bdrm House in Ikeja for sale,"Lagos State, Ikeja",Ikeja,Lagos State,"₦ 350,000,000",500.0,4,4,Furnished,diamond
"8bdrm Duplex in Navy Estate, Karshi for sale","Abuja (FCT), Karshi",Karshi,Abuja (FCT),"₦ 170,000,000",1400.0,8,8,Semi-Furnished,enterprise
Furnished 4bdrm Duplex in Lokogoma for sale,"Abuja (FCT), Lokogoma",Lokogoma,Abuja (FCT),"₦ 370,000,000",1000.0,4,5,Furnished,enterprise
4bdrm Duplex in Ikota Villa for sale,"Lekki, Ikota",Ikota,Lekki,"₦ 250,000,000",100.0,4,4,Unfurnished,enterprise
"5bdrm Duplex in Orchid, Lekki for sale","Lagos State, Lekki",Lekki,Lagos State,"₦ 650,000,000",100.0,5,5,Unfurnished,enterprise
4bdrm Apartment in Victoria Island for sale,"Victoria Island, Victoria Island Extension",Victoria Island Extension,Victoria Island,"₦ 45,000,000",1000.0,4,4,Unfurnished,enterprise
3bdrm Apartment in Ikate for sale,"Lekki, Ikate",Ikate,Lekki,"₦ 320,000,000",100.0,3,3,Unfurnished,enterprise
Furnished 2bdrm Apartment in Lekki Phase 1 for sale,"Lekki, Lekki Phase 1",Lekki Phase 1,Lekki,"₦ 320,000,000",100.0,2,2,Furnished,enterprise
"4bdrm Duplex in Reef Court Estate,, Abuloma for sale","Port-Harcourt, Abuloma",Abuloma,Port-Harcourt,"₦ 600,000,000",450.0,4,4,Unfurnished,enterprise
2bdrm Apartment in Lekki Phase 1 for sale,"Lekki, Lekki Phase 1",Lekki Phase 1,Lekki,"₦ 305,000,000",500.0,2,2,Semi-Furnished,diamond
5bdrm Duplex in Chevron for sale,"Lekki, Chevron",Chevron,Lekki,"₦ 450,000,000",200.0,5,5,Semi-Furnished,diamond
3bdrm Apartment in Victoria Island Extension for sale,"Victoria Island, Victoria Island Extension",Victoria Island Extension,Victoria Island,"₦ 400,000,000",500.0,3,3,Semi-Furnished,diamond
"4bdrm Duplex in Royal Palm Court, Ado / Ajah for sale","Ajah, Ado / Ajah",Ado / Ajah,Ajah,"₦ 160,000,000",300.0,4,4,Unfurnished,enterprise
"Furnished 2bdrm Block of Flats in Pacific Estate, Kubwa for sale","Abuja (FCT), Kubwa",Kubwa,Abuja (FCT),"₦ 53,000,000",555.0,2,3,Furnished,diamond
"4bdrm Block of Flats in Gotin Nigeria Ltd, Benin City for sale","Edo State, Benin City",Benin City,Edo State,"₦ 45,000,000",450.0,4,3,Unfurnished,enterprise
"6bdrm Duplex in Gotin Nigeria Ltd, Benin City for sale","Edo State, Benin City",Benin City,Edo State,"₦ 35,000,000",450.0,6,6,Unfurnished,enterprise
Furnished 6bdrm Duplex in Lagos State for sale,Lagos State,Lagos State,,"₦ 350,000,000",400.0,6,6,Furnished,diamond
5bdrm Duplex in Lekki Phase 1 for sale,"Lekki, Lekki Phase 1",Lekki Phase 1,Lekki,"₦ 1,200,000,000",2000.0,5,6,Unfurnished,enterprise
4bdrm Duplex in Ogba for sale,"Ogba, Oke-Ira / Ogba",Oke-Ira / Ogba,Ogba,"₦ 220,000,000",350.0,4,5,Semi-Furnished,enterprise
4bdrm Duplex in Ikeja Gra for sale,"Ikeja, Ikeja GRA",Ikeja GRA,Ikeja,"₦ 8,000,000,000",4000.0,4,5,Semi-Furnished,enterprise
5bdrm House in Old Ikoyi for sale,"Ikoyi, Old Ikoyi",Old Ikoyi,Ikoyi,"₦ 106,103,200",500.0,5,5,Semi-Furnished,diamond
5bdrm Duplex in Ikate for sale,"Lekki, Ikate",Ikate,Lekki,"₦ 800,000,000",500.0,5,5,Semi-Furnished,diamond
"20bdrm Block of Flats in Ikeja, Opebi for sale","Ikeja, Opebi",Opebi,Ikeja,"₦ 1,100,000,000",800.0,20,20,Semi-Furnished,enterprise
"4bdrm Duplex in Ogba, Ikeja for sale","Lagos State, Ikeja",Ikeja,Lagos State,"₦ 250,000,000",300.0,4,5,Semi-Furnished,enterprise
"4bdrm Duplex in Palm Spring, Maitama for sale","Abuja (FCT), Maitama",Maitama,Abuja (FCT),"₦ 2,700,000,000",1500.0,4,5,Semi-Furnished,diamond
14bdrm Bungalow in Gwagwalada for sale,"Abuja (FCT), Gwagwalada",Gwagwalada,Abuja (FCT),"₦ 90,000,000",1800.0,14,14,Unfurnished,diamond
7bdrm Duplex in Ushafa for sale,"Bwari, Ushafa",Ushafa,Bwari,"₦ 180,000,000",1200.0,7,7,Unfurnished,enterprise
4bdrm Duplex in Ajah for sale,"Lagos State, Ajah",Ajah,Lagos State,"₦ 160,000,000",500.0,4,4,Semi-Furnished,enterprise
4bdrm Apartment in After Sangotedo for sale,"Ajah, Sangotedo",Sangotedo,Ajah,"₦ 125,000,000",600.0,4,4,Semi-Furnished,enterprise
Furnished 5bdrm Duplex in Idado for sale,"Lekki, Idado",Idado,Lekki,"₦ 450,000,000",500.0,5,5,Furnished,enterprise
4bdrm Duplex in Pakuro for sale,"Ogun State, Pakuro",Pakuro,Ogun State,"₦ 140,000,000",600.0,4,4,Semi-Furnished,enterprise
2bdrm Apartment in Ajah for sale,"Lagos State, Ajah",Ajah,Lagos State,"₦ 70,000,000",600.0,2,2,Semi-Furnished,enterprise
2bdrm Apartment in Ikate for sale,"Lekki, Ikate",Ikate,Lekki,"₦ 170,000,000",500.0,2,2,Semi-Furnished,enterprise
5bdrm Duplex in Ikate for sale,"Lekki, Ikate",Ikate,Lekki,"₦ 1,300,000,000",500.0,5,5,Semi-Furnished,enterprise
4bdrm Duplex in Ikota for sale,"Lekki, Ikota",Ikota,Lekki,"₦ 150,000,000",500.0,4,4,Unfurnished,enterprise
Furnished 4bdrm Duplex in Ogudu GRA for sale,"Ogudu, Ogudu GRA",Ogudu GRA,Ogudu,"₦ 290,000,000",500.0,4,4,Furnished,diamond
Furnished 4bdrm Duplex in Asokoro for sale,"Abuja (FCT), Asokoro",Asokoro,Abuja (FCT),"₦ 600,000,000",500.0,4,4,Furnished,diamond
"4bdrm Duplex in An Estate By Chinese, Galadimawa for sale","Abuja (FCT), Galadimawa",Galadimawa,Abuja (FCT),"₦ 350,000,000",590.0,4,4,Unfurnished,diamond
5bdrm Duplex in Lekki Expressway for sale,"Lekki, Lekki Expressway",Lekki Expressway,Lekki,"₦ 450,000,000",500.0,5,5,Unfurnished,diamond
5bdrm Duplex in Lekki Phase 1 for sale,"Lekki, Lekki Phase 1",Lekki Phase 1,Lekki,"₦ 1,200,000,000",500.0,5,5,Semi-Furnished,diamond
5bdrm Duplex in Ikota for sale,"Lekki, Ikota",Ikota,Lekki,"₦ 390,000,000",600.0,5,5,Unfurnished,diamond
4bdrm Duplex in Sangotedo for sale,"Ajah, Sangotedo",Sangotedo,Ajah,"₦ 190,000,000",350.0,4,4,Semi-Furnished,diamond
5bdrm Duplex in Chevron for sale,"Lekki, Chevron",Chevron,Lekki,"₦ 480,000,000",400.0,5,5,Semi-Furnished,diamond
4bdrm Duplex in Ikota for sale,"Lekki, Ikota",Ikota,Lekki,"₦ 200,000,000",300.0,4,4,Semi-Furnished,diamond
5bdrm Duplex in Ikota for sale,"Lekki, Ikota",Ikota,Lekki,"₦ 300,000,000",300.0,5,5,Semi-Furnished,diamond
2bdrm Apartment in Lekki Phase 1 for sale,"Lekki, Lekki Phase 1",Lekki Phase 1,Lekki,"₦ 275,000,000",1200.0,2,2,Semi-Furnished,diamond
4bdrm House in Old Ikoyi for sale,"Ikoyi, Old Ikoyi",Old Ikoyi,Ikoyi,"₦ 950,000,000",400.0,4,4,Unfurnished,diamond
"4bdrm Duplex in Lapidot Estate, Kubwa for sale","Abuja (FCT), Kubwa",Kubwa,Abuja (FCT),"₦ 210,000,000",650.0,4,4,Unfurnished,diamond
"5bdrm Duplex in Lifecamp, Abuja for sale","Gwarinpa, Life Camp",Life Camp,Gwarinpa,"₦ 750,000,000",300.0,5,5,Unfurnished,diamond
"Furnished 3bdrm Bungalow in Millennium, Ijede / Ikorodu for sale","Ikorodu, Ijede / Ikorodu",Ijede / Ikorodu,Ikorodu,"₦ 65,000,000",600.0,3,4,Furnished,diamond
"5bdrm Duplex in Orchid Estate, Ikota for sale","Lekki, Ikota",Ikota,Lekki,"₦ 500,000,000",500.0,5,5,Unfurnished,diamond
3bdrm Bungalow in Enugu for sale,"Enugu State, Enugu",Enugu,Enugu State,"₦ 100,000,000",500.0,3,4,Semi-Furnished,enterprise
4bdrm Duplex in Agungi for sale,"Lekki, Agungi",Agungi,Lekki,"₦ 175,000,000",450.0,4,4,Unfurnished,diamond
3bdrm Duplex in Ajah for sale,"Lagos State, Ajah",Ajah,Lagos State,"₦ 115,000,000",350.0,3,3,Unfurnished,diamond
"Furnished 3bdrm Bungalow in Richland Gardens, Bogije for sale","Ibeju, Bogije",Bogije,Ibeju,"₦ 100,000,000",300.0,3,3,Furnished,enterprise
"2bdrm Apartment in Peace Ville, Idado for sale","Lekki, Idado",Idado,Lekki,"₦ 130,000,000",1167.0,2,2,Unfurnished,enterprise
3bdrm Block of Flats in Oshimili North for sale,"Delta State, Oshimili North",Oshimili North,Delta State,"₦ 165,000,000",450.0,3,3,Semi-Furnished,enterprise
"1bdrm Room & Parlour in Freedom, Lekki Phase 1 for sale","Lekki, Lekki Phase 1",Lekki Phase 1,Lekki,"₦ 100,000,000",1260.0,1,1,Unfurnished,enterprise
3bdrm Penthouse in Sangotedo Shoprite for sale,"Ajah, Sangotedo",Sangotedo,Ajah,"₦ 100,000,000",140.0,3,3,Semi-Furnished,diamond
Furnished 4bdrm Duplex in Maitama for sale,"Abuja (FCT), Maitama",Maitama,Abuja (FCT),"₦ 2,000,000,000",800.0,4,4,Furnished,enterprise
Furnished 4bdrm Apartment in Ilupeju for sale,"Lagos State, Ilupeju",Ilupeju,Lagos State,"₦ 243,000,000",500.0,4,4,Furnished,diamond
Furnished 5bdrm House in Magodo for sale,"Lagos State, Magodo",Magodo,Lagos State,"₦ 750,000,000",500.0,5,5,Furnished,diamond
Furnished 2bdrm House in Sangotedo for sale,"Ajah, Sangotedo",Sangotedo,Ajah,"₦ 90,000,000",500.0,2,2,Furnished,diamond
Furnished 5bdrm House in Magodo for sale,"Lagos State, Magodo",Magodo,Lagos State,"₦ 870,000,000",500.0,5,5,Furnished,diamond
4bdrm Duplex in Ologolo for sale,"Lekki, Ologolo",Ologolo,Lekki,"₦ 160,000,000",100.0,4,4,Unfurnished,enterprise
4bdrm Duplex in Jakande for sale,"Lekki, Jakande",Jakande,Lekki,"₦ 300,000,000",100.0,4,4,Unfurnished,enterprise
4bdrm Duplex in Ikota for sale,"Lekki, Ikota",Ikota,Lekki,"₦ 150,000,000",100.0,4,4,Unfurnished,enterprise
Furnished 1bdrm Apartment in Victoria Island for sale,"Lagos State, Victoria Island",Victoria Island,Lagos State,"₦ 250,000,000",100.0,1,1,Furnished,enterprise
5bdrm House in Banana Island for sale,"Ikoyi, Banana Island",Banana Island,Ikoyi,"₦ 5,800,000,000",100.0,5,5,Unfurnished,enterprise
"4bdrm Duplex in Lekki Palm City, Ado / Ajah for sale","Ajah, Ado / Ajah",Ado / Ajah,Ajah,"₦ 125,000,000",100.0,4,4,Unfurnished,enterprise
2bdrm Apartment in Victoria Island for sale,"Victoria Island, Victoria Island Extension",Victoria Island Extension,Victoria Island,"₦ 450,000,000",100.0,2,2,Unfurnished,enterprise
4bdrm Duplex in Ikota for sale,"Lekki, Ikota",Ikota,Lekki,"₦ 160,000,000",100.0,4,4,Unfurnished,enterprise
"5bdrm Duplex in Harris Drive, VGC / Ajah for sale","Ajah, VGC / Ajah",VGC / Ajah,Ajah,"₦ 450,000,000",100.0,5,5,Unfurnished,enterprise
5bdrm House in Mabushi for sale,"Abuja (FCT), Mabushi",Mabushi,Abuja (FCT),"₦ 670,000,000",1200.0,5,5,Unfurnished,enterprise
"4bdrm Duplex in Road F, Obio-Akpor for sale","Rivers State, Obio-Akpor",Obio-Akpor,Rivers State,"₦ 650,000,000",2700.0,4,4,Unfurnished,enterprise
"5bdrm House in De Man Pr, Lekki for sale","Lagos State, Lekki",Lekki,Lagos State,"₦ 500,000,000",600.0,5,5,Unfurnished,diamond
5bdrm Duplex in Ajah for sale,"Lagos State, Ajah",Ajah,Lagos State,"₦ 300,000,000",350.0,5,5,Unfurnished,enterprise
5bdrm Duplex in Lekki Expressway for sale,"Lekki, Lekki Expressway",Lekki Expressway,Lekki,"₦ 300,000,000",500.0,5,5,Semi-Furnished,diamond
2bdrm Apartment in Lekki Phase 1 for sale,"Lekki, Lekki Phase 1",Lekki Phase 1,Lekki,"₦ 305,000,000",250.0,2,2,Unfurnished,enterprise
5bdrm House in VGC / Ajah for sale,"Ajah, VGC / Ajah",VGC / Ajah,Ajah,"₦ 380,000,000",500.0,5,5,Unfurnished,diamond
6bdrm Duplex in Lekki Expressway for sale,"Lekki, Lekki Expressway",Lekki Expressway,Lekki,"₦ 400,000,000",500.0,6,6,Semi-Furnished,diamond
4bdrm Duplex in Ipaja for sale,"Lagos State, Ipaja",Ipaja,Lagos State,"₦ 160,000,000",250.0,4,4,Unfurnished,enterprise
6bdrm Duplex in Surulere for sale,"Lagos State, Surulere",Surulere,Lagos State,"₦ 700,000,000",500.0,6,6,Semi-Furnished,enterprise
4bdrm Penthouse in Old Ikoyi for sale,"Ikoyi, Old Ikoyi",Old Ikoyi,Ikoyi,"₦ 3,560,000,000",450.0,4,4,Unfurnished,enterprise
2bdrm Block of Flats in Lekki Phase 1 for sale,"Lekki, Lekki Phase 1",Lekki Phase 1,Lekki,"₦ 330,000,000",500.0,2,3,Semi-Furnished,diamond
3bdrm Apartment in Lekki for sale,"Lekki, Lekki Expressway",Lekki Expressway,Lekki,"₦ 150,000,000",500.0,3,3,Unfurnished,diamond
5bdrm Duplex in Lekki for sale,"Lagos State, Lekki",Lekki,Lagos State,"₦ 370,000,000",300.0,5,5,Unfurnished,enterprise
5bdrm Duplex in Ikeja GRA for sale,"Ikeja, Ikeja GRA",Ikeja GRA,Ikeja,"₦ 2,000,000,000",670.0,5,6,Unfurnished,enterprise
2bdrm Duplex in Lekki Phase 1 for sale,"Lekki, Lekki Phase 1",Lekki Phase 1,Lekki,"₦ 280,000,000",500.0,2,2,Semi-Furnished,diamond
4bdrm Duplex in GRA Phase 1 for sale,"Magodo, GRA Phase 1",GRA Phase 1,Magodo,"₦ 350,000,000",300.0,4,4,Unfurnished,enterprise
5bdrm Duplex in Ikate for sale,"Lekki, Ikate",Ikate,Lekki,"₦ 800,000,000",500.0,5,5,Semi-Furnished,diamond
3bdrm Block of Flats in Benin City for sale,"Edo State, Benin City",Benin City,Edo State,"₦ 70,000,000",1000.0,3,3,Unfurnished,diamond
6bdrm Duplex in Banana Island Ikoyi for sale,"Lagos State, Ikoyi",Ikoyi,Lagos State,"₦ 5,000,000,000",500.0,6,6,Semi-Furnished,diamond
"10bdrm Block of Flats in Osongama Estate, Uyo for sale","Akwa Ibom State, Uyo",Uyo,Akwa Ibom State,"₦ 350,000,000",1300.0,10,10,Unfurnished,diamond
"4bdrm Duplex in Magodo, GRA Phase 1 for sale","Magodo, GRA Phase 1",GRA Phase 1,Magodo,"₦ 500,000,000",300.0,4,5,Semi-Furnished,enterprise
4bdrm Duplex in Lekki Phase 1 for sale,"Lekki, Lekki Phase 1",Lekki Phase 1,Lekki,"₦ 550,000,000",500.0,4,4,Unfurnished,diamond
Furnished 2bdrm Apartment in Ikate for sale,"Lekki, Ikate",Ikate,Lekki,"₦ 160,000,000",200.0,2,2,Furnished,diamond
4bdrm House in Lekki Phase 1 for sale,"Lekki, Lekki Phase 1",Lekki Phase 1,Lekki,"₦ 500,000,000",500.0,4,4,Semi-Furnished,diamond
"4bdrm Duplex in Gbagada, Medina for sale","Gbagada, Medina",Medina,Gbagada,"₦ 380,000,000",350.0,4,5,Semi-Furnished,enterprise
5bdrm Duplex in Osapa london for sale,"Lekki, Osapa london",Osapa london,Lekki,"₦ 550,000,000",400.0,5,6,Unfurnished,diamond
Furnished 5bdrm Duplex in Magodo Phase 1 for sale,"Magodo, GRA Phase 1",GRA Phase 1,Magodo,"₦ 600,000,000",250.0,5,6,Furnished,enterprise
"Furnished 5bdrm Duplex in Estate, Life Camp for sale","Gwarinpa, Life Camp",Life Camp,Gwarinpa,"₦ 500,000,000",2000.0,5,5,Furnished,enterprise
"20bdrm Maisonette in Estate, Utako for sale","Abuja (FCT), Utako",Utako,Abuja (FCT),"₦ 7,000,000,000",4000.0,20,20,Semi-Furnished,enterprise
"4bdrm Duplex in Estate., Mabushi for sale","Abuja (FCT), Mabushi",Mabushi,Abuja (FCT),"₦ 380,000,000",350.0,4,4,Semi-Furnished,enterprise
4bdrm Duplex in Ikate for sale,"Lekki, Ikate",Ikate,Lekki,"₦ 320,000,000",600.0,4,4,Semi-Furnished,enterprise
4bdrm Duplex in Abraham Adesanya Estate for sale,"Ajah, Abraham Adesanya Estate",Abraham Adesanya Estate,Ajah,"₦ 230,000,000",620.0,4,4,Semi-Furnished,enterprise
5bdrm Duplex in Lekki Phase1 for sale,"Lekki, Lekki Phase 1",Lekki Phase 1,Lekki,"₦ 850,000,000",600.0,5,5,Semi-Furnished,enterprise
4bdrm Duplex in Ikeja GRA for sale,"Ikeja, Ikeja GRA",Ikeja GRA,Ikeja,"₦ 450,000,000",600.0,4,4,Semi-Furnished,enterprise
3bdrm Apartment in Lekki Phase1 for sale,"Lekki, Lekki Phase 1",Lekki Phase 1,Lekki,"₦ 480,000,000",600.0,3,3,Semi-Furnished,enterprise
"4bdrm Duplex in Estate, Lugbe District for sale","Abuja (FCT), Lugbe District",Lugbe District,Abuja (FCT),"₦ 300,000,000",850.0,4,4,Semi-Furnished,enterprise
2bdrm Apartment in Off Lekki-Epe Expressway for sale,"Ajah, Off Lekki-Epe Expressway",Off Lekki-Epe Expressway,Ajah,"₦ 110,000,000",600.0,2,2,Semi-Furnished,enterprise
3bdrm Block of Flats in Lekki Phase 1 for sale,"Lekki, Lekki Phase 1",Lekki Phase 1,Lekki,"₦ 450,000,000",2000.0,3,3,Unfurnished,diamond
5bdrm Duplex in Kado for sale,"Abuja (FCT), Kado",Kado,Abuja (FCT),"₦ 600,000,000",1000.0,5,5,Unfurnished,enterprise
7bdrm Duplex in Utako for sale,"Abuja (FCT), Utako",Utako,Abuja (FCT),"₦ 600,000,000",500.0,7,7,Semi-Furnished,diamond
"Furnished 3bdrm Duplex in Larix Estate , Apo for sale","Apo District, Apo Resettlement",Apo Resettlement,Apo District,"₦ 220,000,000",400.0,3,5,Furnished,diamond
Furnished 2bdrm Block of Flats in Jabi for sale,"Abuja (FCT), Jabi",Jabi,Abuja (FCT),"₦ 85,000,000",1500.0,2,3,Furnished,diamond
"4bdrm Block of Flats in An Estate In Nut, Lugbe District for sale","Abuja (FCT), Lugbe District",Lugbe District,Abuja (FCT),"₦ 85,000,000",600.0,4,6,Unfurnished,diamond
8bdrm Duplex in College for sale,"Egbe/Idimu, College",College,Egbe/Idimu,"₦ 150,000,000",648.0,8,8,Unfurnished,enterprise
3bdrm Bungalow in Ayobo for sale,"Ipaja, Ayobo",Ayobo,Ipaja,"₦ 67,000,000",780.0,3,4,Unfurnished,enterprise
4bdrm Duplex in Ikota for sale,"Lekki, Ikota",Ikota,Lekki,"₦ 190,000,000",300.0,4,4,Semi-Furnished,diamond
3bdrm Apartment in Lekki Phase 1 for sale,"Lekki, Lekki Phase 1",Lekki Phase 1,Lekki,"₦ 265,000,000",1200.0,3,3,Semi-Furnished,diamond
3bdrm Apartment in Maitama Abuja for sale,"Abuja (FCT), Maitama",Maitama,Abuja (FCT),"₦ 170,000,000",250.0,3,3,Semi-Furnished,diamond
"3bdrm Duplex in Off Ogombo Road, Lekki Free Trade Zone for sale","Lekki, Lekki Free Trade Zone",Lekki Free Trade Zone,Lekki,"₦ 156,000,000",150.0,3,3,Unfurnished,diamond
3bdrm Duplex in Chevron for sale,"Lekki, Chevron",Chevron,Lekki,"₦ 180,000,000",150.0,3,3,Unfurnished,diamond
"Furnished 4bdrm Duplex in Love Estate, Ijede / Ikorodu for sale","Ikorodu, Ijede / Ikorodu",Ijede / Ikorodu,Ikorodu,"₦ 70,000,000",300.0,4,4,Furnished,diamond
"Furnished 3bdrm Bungalow in Ewu Owa, Gberigbe for sale","Ikorodu, Gberigbe",Gberigbe,Ikorodu,"₦ 45,000,000",600.0,3,4,Furnished,diamond
2bdrm Block of Flats in Oshimili North for sale,"Delta State, Oshimili North",Oshimili North,Delta State,"₦ 800,000,000",900.0,2,2,Unfurnished,diamond
"Furnished 4bdrm Duplex in Agip, Rumueme for sale","Port-Harcourt, Rumueme",Rumueme,Port-Harcourt,"₦ 240,000,000",465.0,4,5,Furnished,diamond
6bdrm Duplex in GRA Phase 3 / Port-Harcourt for sale,"Port-Harcourt, GRA Phase 3 / Port-Harcourt",GRA Phase 3 / Port-Harcourt,Port-Harcourt,"₦ 1,600,000,000",1860.0,6,7,Semi-Furnished,diamond
5bdrm Duplex in Jahi for sale,"Abuja (FCT), Jahi",Jahi,Abuja (FCT),"₦ 600,000,000",250.0,5,5,Unfurnished,diamond
"3bdrm Bungalow in Cooperative Estate, Ayobo for sale","Ipaja, Ayobo",Ayobo,Ipaja,"₦ 90,000,000",500.0,3,4,Semi-Furnished,diamond
3bdrm Apartment in Jabi for sale,"Abuja (FCT), Jabi",Jabi,Abuja (FCT),"₦ 130,000,000",400.0,3,4,Unfurnished,enterprise
4bdrm Duplex in Dawaki for sale,"Gwarinpa, Dawaki",Dawaki,Gwarinpa,"₦ 200,000,000",250.0,4,5,Semi-Furnished,enterprise
4bdrm Duplex in Kado for sale,"Abuja (FCT), Kado",Kado,Abuja (FCT),"₦ 220,000,000",500.0,4,5,Semi-Furnished,enterprise
5bdrm Duplex in Kado for sale,"Abuja (FCT), Kado",Kado,Abuja (FCT),"₦ 155,000,000",600.0,5,6,Unfurnished,enterprise
4bdrm Duplex in Life Camp for sale,"Gwarinpa, Life Camp",Life Camp,Gwarinpa,"₦ 165,000,000",200.0,4,5,Semi-Furnished,enterprise
3bdrm Apartment in Katampe (Main) for sale,"Katampe, Katampe (Main)",Katampe (Main),Katampe,"₦ 130,000,000",100.0,3,4,Unfurnished,enterprise
3bdrm Duplex in Gaduwa for sale,"Abuja (FCT), Gaduwa",Gaduwa,Abuja (FCT),"₦ 220,000,000",250.0,3,5,Unfurnished,enterprise
4bdrm Duplex in Lekki Phase 1 for sale,"Lekki, Lekki Phase 1",Lekki Phase 1,Lekki,"₦ 465,000,000",500.0,4,4,Unfurnished,diamond
"4bdrm House in Sunshine Garden, Sangotedo for sale","Ajah, Sangotedo",Sangotedo,Ajah,"₦ 190,000,000",300.0,4,4,Unfurnished,enterprise
4bdrm Duplex in Vgc Harris Drive for sale,"Ajah, VGC / Ajah",VGC / Ajah,Ajah,"₦ 220,000,000",300.0,4,4,Unfurnished,enterprise
"4bdrm Duplex in Chief Lateef Oyelade, Rind Road for sale","Ibadan, Rind Road",Rind Road,Ibadan,"₦ 200,000,000",500.0,4,5,Semi-Furnished,diamond
"4bdrm Duplex in Westend Estate, Ikota for sale","Lekki, Ikota",Ikota,Lekki,"₦ 125,000,000",506.0,4,4,Unfurnished,enterprise
"2bdrm Apartment in Meadow, Ikate for sale","Lekki, Ikate",Ikate,Lekki,"₦ 260,000,000",1218.0,2,2,Unfurnished,enterprise
3bdrm Bungalow in Oshimili North for sale,"Delta State, Oshimili North",Oshimili North,Delta State,"₦ 125,000,000",3700.0,3,3,Unfurnished,enterprise
"5bdrm Duplex in Conservation, Lekki Expressway for sale","Lekki, Lekki Expressway",Lekki Expressway,Lekki,"₦ 500,000,000",950.0,5,5,Unfurnished,enterprise
5bdrm Duplex in Lekki for sale,"Lagos State, Lekki",Lekki,Lagos State,"₦ 310,000,000",320.0,5,5,Semi-Furnished,diamond
4bdrm Duplex in Sangotedo for sale,"Ajah, Sangotedo",Sangotedo,Ajah,"₦ 220,000,000",300.0,4,4,Semi-Furnished,diamond
4bdrm Bungalow in Benin City for sale,"Edo State, Benin City",Benin City,Edo State,"₦ 47,000,000",464.0,4,4,Unfurnished,diamond
Furnished 4bdrm House in Surulere for sale,"Lagos State, Surulere",Surulere,Lagos State,"₦ 450,000,000",500.0,4,4,Furnished,diamond
Furnished 6bdrm Duplex in Owerri for sale,"Imo State, Owerri",Owerri,Imo State,"₦ 750,000,000",1300.0,6,6,Furnished,enterprise
Furnished 8bdrm Mansion in Asokoro for sale,"Abuja (FCT), Asokoro",Asokoro,Abuja (FCT),"₦ 5,000,000,000",1000.0,8,9,Furnished,enterprise
Furnished 3bdrm House in Gbagada for sale,"Lagos State, Gbagada",Gbagada,Lagos State,"₦ 135,000,000",500.0,3,3,Furnished,diamond
"Furnished 3bdrm Bungalow in Supercell Estate, Apo Resettlement for sale","Apo District, Apo Resettlement",Apo Resettlement,Apo District,"₦ 140,000,000",500.0,3,4,Furnished,enterprise
Furnished 3bdrm House in Eric Moore for sale,"Surulere, Eric Moore",Eric Moore,Surulere,"₦ 190,000,000",500.0,3,3,Furnished,diamond
1bdrm Apartment in Ologolo for sale,"Lekki, Ologolo",Ologolo,Lekki,"₦ 90,000,000",100.0,1,1,Unfurnished,enterprise
"5bdrm Duplex in Pinnock Beach, Lekki Phase 1 for sale","Lekki, Lekki Phase 1",Lekki Phase 1,Lekki,"₦ 1,600,000,000",100.0,5,5,Semi-Furnished,enterprise
"3bdrm Duplex in Oribanwa Phase 2, for sale","Lekki, Lekki Phase 2",Lekki Phase 2,Lekki,"₦ 110,000,000",100.0,3,3,Unfurnished,enterprise
2bdrm Apartment in Lekki Phase 1 for sale,"Lekki, Lekki Phase 1",Lekki Phase 1,Lekki,"₦ 270,000,000",100.0,2,2,Unfurnished,enterprise
2bdrm Apartment in Eneka Estate for sale,"Port-Harcourt, Eneka",Eneka,Port-Harcourt,"₦ 230,000,000",900.0,2,2,Unfurnished,enterprise
3bdrm Apartment in Ogba for sale,"Lagos State, Ogba",Ogba,Lagos State,"₦ 155,000,000",200.0,3,3,Unfurnished,enterprise
4bdrm Duplex in Lekki Expressway for sale,"Lekki, Lekki Expressway",Lekki Expressway,Lekki,"₦ 300,000,000",500.0,4,4,Semi-Furnished,diamond
4bdrm Duplex in Berger for sale,"Ojodu, Berger",Berger,Ojodu,"₦ 240,000,000",250.0,4,4,Unfurnished,enterprise
4bdrm Duplex in Lekki Expressway for sale,"Lekki, Lekki Expressway",Lekki Expressway,Lekki,"₦ 350,000,000",500.0,4,4,Semi-Furnished,diamond
"5bdrm Duplex in Megamound Estate, Ikota for sale","Lekki, Ikota",Ikota,Lekki,"₦ 480,000,000",500.0,5,5,Unfurnished,enterprise
2bdrm Apartment in Ologolo for sale,"Lekki, Ologolo",Ologolo,Lekki,"₦ 130,000,000",180.0,2,2,Unfurnished,enterprise
4bdrm Duplex in Sangotedo for sale,"Ajah, Sangotedo",Sangotedo,Ajah,"₦ 150,000,000",400.0,4,4,Unfurnished,enterprise
5bdrm Duplex in Chevron for sale,"Lekki, Chevron",Chevron,Lekki,"₦ 450,000,000",500.0,5,5,Semi-Furnished,diamond
5bdrm Duplex in Lekki for sale,"Lagos State, Lekki",Lekki,Lagos State,"₦ 650,000,000",500.0,5,5,Unfurnished,diamond
3bdrm Duplex in Lekki Phase 1 for sale,"Lekki, Lekki Phase 1",Lekki Phase 1,Lekki,"₦ 600,000,000",500.0,3,3,Semi-Furnished,diamond
4bdrm Duplex in Ikota for sale,"Lekki, Ikota",Ikota,Lekki,"₦ 150,000,000",500.0,4,4,Unfurnished,diamond
5bdrm Duplex in Ikoyi S.W for sale,"Ikoyi, Ikoyi S.W",Ikoyi S.W,Ikoyi,"₦ 1,750,000,000",500.0,5,5,Semi-Furnished,diamond
4bdrm Duplex in Ikoyi S.W for sale,"Ikoyi, Ikoyi S.W",Ikoyi S.W,Ikoyi,"₦ 1,600,000,000",500.0,4,4,Semi-Furnished,diamond
2bdrm Apartment in Osapa london for sale,"Lekki, Osapa london",Osapa london,Lekki,"₦ 160,000,000",150.0,2,2,Unfurnished,enterprise
5bdrm Duplex in Lekki for sale,"Lagos State, Lekki",Lekki,Lagos State,"₦ 350,000,000",300.0,5,5,Unfurnished,enterprise
5bdrm Duplex in Banana Island for sale,"Ikoyi, Banana Island",Banana Island,Ikoyi,"₦ 1,500,000,000",400.0,5,5,Unfurnished,enterprise
"4bdrm Duplex in Transekulu, Enugu for sale","Enugu State, Enugu",Enugu,Enugu State,"₦ 150,000,000",500.0,4,5,Semi-Furnished,diamond
"14bdrm Block of Flats in Akpoga Street,, Enugu for sale","Enugu State, Enugu",Enugu,Enugu State,"₦ 170,000,000",500.0,14,16,Semi-Furnished,diamond
2bdrm Block of Flats in Yabatech Gra for sale,"Lagos State, Yaba",Yaba,Lagos State,"₦ 130,000,000",400.0,2,2,Unfurnished,diamond
"5bdrm Duplex in Peace Estate, Ago Palace for sale","Isolo, Ago Palace",Ago Palace,Isolo,"₦ 450,000,000",500.0,5,5,Unfurnished,diamond
2bdrm Duplex in Chevron for sale,"Lekki, Chevron",Chevron,Lekki,"₦ 90,000,000",500.0,2,2,Unfurnished,enterprise
4bdrm Duplex in Lekki Phase 2 for sale,"Lekki, Lekki Phase 2",Lekki Phase 2,Lekki,"₦ 140,000,000",900.0,4,4,Unfurnished,enterprise
"7bdrm Mansion in Gusape, Guzape District for sale","Abuja (FCT), Guzape District",Guzape District,Abuja (FCT),"₦ 4,000,000,000",1492.0,7,7,Unfurnished,diamond
2bdrm Apartment in Banana Island for sale,"Ikoyi, Banana Island",Banana Island,Ikoyi,"₦ 700,000,000",500.0,2,2,Semi-Furnished,diamond
5bdrm Duplex in Sangotedo for sale,"Ajah, Sangotedo",Sangotedo,Ajah,"₦ 175,000,000",500.0,5,5,Semi-Furnished,diamond
"4bdrm Duplex in Opic, Isheri North for sale","Ojodu, Isheri North",Isheri North,Ojodu,"₦ 270,000,000",400.0,4,5,Semi-Furnished,enterprise
"4bdrm Duplex in Opic, Isheri North for sale","Ojodu, Isheri North",Isheri North,Ojodu,"₦ 220,000,000",350.0,4,5,Semi-Furnished,enterprise
4bdrm Duplex in Ikeja Gra Lagos for sale,"Ikeja, Ikeja GRA",Ikeja GRA,Ikeja,"₦ 950,000,000",350.0,4,5,Unfurnished,diamond
4bdrm Duplex in Life Camp Abuja for sale,"Gwarinpa, Life Camp",Life Camp,Gwarinpa,"₦ 350,000,000",400.0,4,5,Unfurnished,diamond
3bdrm Apartment in Opebi Ikeja Lagos for sale,"Ikeja, Opebi",Opebi,Ikeja,"₦ 350,000,000",150.0,3,4,Semi-Furnished,diamond
3bdrm Apartment in Opebi Ikeja for sale,"Ikeja, Opebi",Opebi,Ikeja,"₦ 200,000,000",150.0,3,4,Unfurnished,diamond
4bdrm Duplex in Magodo Gra Phase 1 for sale,"Magodo, GRA Phase 1",GRA Phase 1,Magodo,"₦ 450,000,000",150.0,4,5,Semi-Furnished,diamond
"5bdrm Duplex in Ikota Estate, 1004 for sale","Victoria Island, 1004",1004,Victoria Island,"₦ 550,000,000",600.0,5,5,Semi-Furnished,enterprise
4bdrm Duplex in Oluyole Gra for sale,"Ibadan, Oluyole Estate",Oluyole Estate,Ibadan,"₦ 300,000,000",500.0,4,4,Unfurnished,diamond
3bdrm Block of Flats in Shomolu / Shomolu for sale,"Shomolu, Shomolu / Shomolu",Shomolu / Shomolu,Shomolu,"₦ 170,000,000",500.0,3,3,Semi-Furnished,diamond
5bdrm House in Katampe Extension for sale,"Katampe, Katampe Extension",Katampe Extension,Katampe,"₦ 950,000,000",1000.0,5,5,Semi-Furnished,diamond
Furnished 3bdrm Bungalow in Ushafa for sale,"Bwari, Ushafa",Ushafa,Bwari,"₦ 70,000,000",1000.0,3,4,Furnished,diamond
Furnished 1bdrm Block of Flats in Wuse 2 for sale,"Abuja (FCT), Wuse 2",Wuse 2,Abuja (FCT),"₦ 220,000,000",500.0,1,1,Furnished,enterprise
3bdrm Block of Flats in Katampe (Main) for sale,"Katampe, Katampe (Main)",Katampe (Main),Katampe,"₦ 220,000,000",300.0,3,3,Unfurnished,enterprise
6bdrm Duplex in Katampe Extension for sale,"Katampe, Katampe Extension",Katampe Extension,Katampe,"₦ 1,200,000,000",1000.0,6,6,Semi-Furnished,diamond
"4bdrm Duplex in 69 Road Qwarimpa, Gwarinpa for sale","Abuja (FCT), Gwarinpa",Gwarinpa,Abuja (FCT),"₦ 350,000,000",500.0,4,4,Semi-Furnished,diamond
4bdrm Duplex in Jahi Gilmore for sale,"Abuja (FCT), Jahi",Jahi,Abuja (FCT),"₦ 400,000,000",600.0,4,4,Semi-Furnished,diamond
13bdrm Mansion in F01 Kubwa  F C T for sale,"Abuja (FCT), Kubwa",Kubwa,Abuja (FCT),"₦ 1,200,000,000",3715.0,13,20,Unfurnished,diamond
"4bdrm Duplex in Estate, Sabon Lugbe for sale","Lugbe District, Sabon Lugbe",Sabon Lugbe,Lugbe District,"₦ 180,000,000",1000.0,4,5,Semi-Furnished,diamond
5bdrm Duplex in Sangotedo for sale,"Ajah, Sangotedo",Sangotedo,Ajah,"₦ 310,000,000",500.0,5,5,Unfurnished,diamond
Furnished 1bdrm Apartment in Karu for sale,"Abuja (FCT), Karu",Karu,Abuja (FCT),"₦ 150,000,000",500.0,1,2,Furnished,diamond
"5bdrm Duplex in Estate, Gwarinpa for sale","Abuja (FCT), Gwarinpa",Gwarinpa,Abuja (FCT),"₦ 600,000,000",890.0,5,6,Unfurnished,diamond
"2bdrm House in With-God, Akala Express for sale","Ibadan, Akala Express",Akala Express,Ibadan,"₦ 53,000,000",500.0,2,2,Semi-Furnished,enterprise
4bdrm Duplex in Ajah for sale,"Lagos State, Ajah",Ajah,Lagos State,"₦ 210,000,000",350.0,4,4,Semi-Furnished,diamond
5bdrm Duplex in Lekki Expressway for sale,"Lekki, Lekki Expressway",Lekki Expressway,Lekki,"₦ 420,000,000",400.0,5,6,Semi-Furnished,diamond
5bdrm Duplex in Ikate for sale,"Lekki, Ikate",Ikate,Lekki,"₦ 1,300,000,000",1200.0,5,7,Semi-Furnished,diamond
"4bdrm Duplex in Carlton Gate Estate, Akobo for sale","Ibadan, Akobo",Akobo,Ibadan,"₦ 270,000,000",10.0,4,4,Semi-Furnished,diamond
4bdrm Duplex in Enugu for sale,"Enugu State, Enugu",Enugu,Enugu State,"₦ 250,000,000",500.0,4,4,Semi-Furnished,diamond
"Studio Apartment in Ologolo, Off Lekki-Epe Expressway for sale","Ajah, Off Lekki-Epe Expressway",Off Lekki-Epe Expressway,Ajah,"₦ 45,000,000",380.0,1,2,Unfurnished,diamond
4bdrm Duplex in Lekki Palm City Ajah for sale,"Lekki, Lekki Expressway",Lekki Expressway,Lekki,"₦ 230,000,000",500.0,4,4,Semi-Furnished,enterprise
Furnished 2bdrm Maisonette in Agege for sale,"Lagos State, Agege",Agege,Lagos State,"₦ 125,000,000",300.0,2,3,Furnished,diamond
4bdrm Duplex in Isheri North Opic for sale,"Ojodu, Isheri North",Isheri North,Ojodu,"₦ 150,000,000",500.0,4,4,Unfurnished,enterprise
4bdrm Duplex in Lekki Phase 1 for sale,"Lekki, Lekki Phase 1",Lekki Phase 1,Lekki,"₦ 1,000,000,000",1800.0,4,4,Unfurnished,diamond
"4bdrm Maisonette in Milverton, Old Ikoyi for sale","Ikoyi, Old Ikoyi",Old Ikoyi,Ikoyi,"₦ 1,800,000,000",300.0,4,4,Unfurnished,enterprise
5bdrm Duplex in Magodo Gra Phase 2 for sale,"Magodo, GRA Phase 2 Shangisha",GRA Phase 2 Shangisha,Magodo,"₦ 780,000,000",600.0,5,5,Semi-Furnished,enterprise
5bdrm Duplex in Magodo Gra Phase 1 for sale,"Magodo, GRA Phase 1",GRA Phase 1,Magodo,"₦ 330,000,000",500.0,5,5,Unfurnished,enterprise
"3bdrm Apartment in Awuse, Opebi for sale","Ikeja, Opebi",Opebi,Ikeja,"₦ 350,000,000",250.0,3,4,Unfurnished,enterprise
2bdrm Penthouse in Lekki Phase 1 for sale,"Lekki, Lekki Phase 1",Lekki Phase 1,Lekki,"₦ 850,000,000",300.0,2,2,Semi-Furnished,enterprise
6bdrm Duplex in Jabi for sale,"Abuja (FCT), Jabi",Jabi,Abuja (FCT),"₦ 400,000,000",350.0,6,6,Unfurnished,enterprise
Furnished 5bdrm Duplex in FHA for sale,"Lugbe District, FHA",FHA,Lugbe District,"₦ 500,000,000",700.0,5,6,Furnished,enterprise
3bdrm Apartment in Wuye for sale,"Abuja (FCT), Wuye",Wuye,Abuja (FCT),"₦ 170,000,000",100.0,3,4,Unfurnished,enterprise
3bdrm Apartment in Dawaki for sale,"Gwarinpa, Dawaki",Dawaki,Gwarinpa,"₦ 120,000,000",150.0,3,4,Semi-Furnished,enterprise
"7bdrm Duplex in Kingz Park Estate, Galadimawa for sale","Abuja (FCT), Galadimawa",Galadimawa,Abuja (FCT),"₦ 650,000,000",1200.0,7,7,Semi-Furnished,enterprise
4bdrm Duplex in Abraham Adesanya Estate for sale,"Ajah, Abraham Adesanya Estate",Abraham Adesanya Estate,Ajah,"₦ 220,000,000",500.0,4,4,Unfurnished,diamond
4bdrm Duplex in Ikota for sale,"Lekki, Ikota",Ikota,Lekki,"₦ 180,000,000",400.0,4,4,Unfurnished,diamond
4bdrm House in Ajah for sale,"Ajah, Ado / Ajah",Ado / Ajah,Ajah,"₦ 160,000,000",300.0,4,4,Unfurnished,enterprise
3bdrm Block of Flats in Wuse 2 for sale,"Abuja (FCT), Wuse 2",Wuse 2,Abuja (FCT),"₦ 2,000,000,000",1200.0,3,3,Unfurnished,diamond
2bdrm Apartment in Off Lekki-Epe Expressway for sale,"Ajah, Off Lekki-Epe Expressway",Off Lekki-Epe Expressway,Ajah,"₦ 91,000,000",200.0,2,2,Semi-Furnished,diamond
4bdrm Duplex in Katampe (Main) for sale,"Katampe, Katampe (Main)",Katampe (Main),Katampe,"₦ 450,000,000",400.0,4,4,Semi-Furnished,diamond
"4bdrm Duplex in Dantata Estate, for sale","Abuja (FCT), Kubwa",Kubwa,Abuja (FCT),"₦ 195,000,000",400.0,4,5,Semi-Furnished,diamond
12bdrm Block of Flats in Benin City for sale,"Edo State, Benin City",Benin City,Edo State,"₦ 200,000,000",464.0,12,8,Unfurnished,diamond
6bdrm Block of Flats in Benin City for sale,"Edo State, Benin City",Benin City,Edo State,"₦ 100,000,000",1858.0,6,6,Unfurnished,diamond
18bdrm Block of Flats in Benin City for sale,"Edo State, Benin City",Benin City,Edo State,"₦ 600,000,000",557.0,18,12,Unfurnished,diamond
"5bdrm Duplex in Judges Quarters, Gwarinpa for sale","Abuja (FCT), Gwarinpa",Gwarinpa,Abuja (FCT),"₦ 400,000,000",1000.0,5,5,Unfurnished,diamond
Furnished 6bdrm Duplex in Asokoro for sale,"Abuja (FCT), Asokoro",Asokoro,Abuja (FCT),"₦ 1,800,000,000",1000.0,6,6,Furnished,enterprise
Furnished 4bdrm House in Ikeja for sale,"Lagos State, Ikeja",Ikeja,Lagos State,"₦ 250,000,000",500.0,4,4,Furnished,diamond
"18bdrm Block of Flats in Ugbowo, Benin City for sale","Edo State, Benin City",Benin City,Edo State,"₦ 56,000,000",470.0,18,18,Unfurnished,diamond
3bdrm Apartment in Omole Phase 2 for sale,"Ikeja, Omole Phase 2",Omole Phase 2,Ikeja,"₦ 270,000,000",500.0,3,3,Unfurnished,diamond
Furnished 3bdrm House in Maryland for sale,"Lagos State, Maryland",Maryland,Lagos State,"₦ 280,000,000",500.0,3,3,Furnished,diamond
Furnished 5bdrm Duplex in Zone B for sale,"Apo District, Zone B",Zone B,Apo District,"₦ 650,000,000",600.0,5,6,Furnished,enterprise
Furnished 2bdrm House in Lekki Phase 1 for sale,"Lekki, Lekki Phase 1",Lekki Phase 1,Lekki,"₦ 270,000,000",500.0,2,2,Furnished,diamond
"20bdrm Block of Flats in Victory Estate, Ibeshe / Amuwo-Odofin for sale","Amuwo-Odofin, Ibeshe / Amuwo-Odofin",Ibeshe / Amuwo-Odofin,Amuwo-Odofin,"₦ 680,000,000",1800.0,20,20,Semi-Furnished,diamond
4bdrm Duplex in Ikota for sale,"Lekki, Ikota",Ikota,Lekki,"₦ 130,000,000",100.0,4,4,Unfurnished,enterprise
2bdrm Apartment in Lekki Scheme 2 for sale,"Lekki, Lekki Expressway",Lekki Expressway,Lekki,"₦ 110,000,000",1000.0,2,2,Unfurnished,enterprise
"4bdrm Duplex in Orchid, Lekki for sale","Lagos State, Lekki",Lekki,Lagos State,"₦ 160,000,000",100.0,4,4,Unfurnished,enterprise
"5bdrm Duplex in Lekki Palm City, Ado / Ajah for sale","Ajah, Ado / Ajah",Ado / Ajah,Ajah,"₦ 195,000,000",100.0,5,5,Unfurnished,enterprise
"4bdrm Duplex in Ajah, Lekki for sale","Lagos State, Ajah",Ajah,Lagos State,"₦ 170,000,000",100.0,4,4,Unfurnished,enterprise
"3bdrm Apartment in Oniru, Victoria Island Extension for sale","Victoria Island, Victoria Island Extension",Victoria Island Extension,Victoria Island,"₦ 240,000,000",100.0,3,3,Unfurnished,enterprise
"4bdrm Duplex in General Paint, Off Lekki-Epe Expressway for sale","Ajah, Off Lekki-Epe Expressway",Off Lekki-Epe Expressway,Ajah,"₦ 165,000,000",100.0,4,4,Unfurnished,enterprise
"5bdrm Duplex in Orchid, Lekki for sale","Lagos State, Lekki",Lekki,Lagos State,"₦ 680,000,000",100.0,5,5,Unfurnished,enterprise
5bdrm Duplex in Second Lekki for sale,"Lagos State, Lekki",Lekki,Lagos State,"₦ 480,000,000",100.0,5,5,Unfurnished,enterprise
"5bdrm Duplex in Mobile Road, Ajah for sale","Lagos State, Ajah",Ajah,Lagos State,"₦ 275,000,000",100.0,5,5,Unfurnished,enterprise
"4bdrm Duplex in Orchid, Lekki for sale","Lagos State, Lekki",Lekki,Lagos State,"₦ 200,000,000",100.0,4,4,Unfurnished,enterprise
5bdrm Duplex in Orchid Lekki for sale,"Lagos State, Lekki",Lekki,Lagos State,"₦ 350,000,000",100.0,5,5,Unfurnished,enterprise
"4bdrm Duplex in Estate Akwaka, Ruuodomaya for sale","Port-Harcourt, Ruuodomaya",Ruuodomaya,Port-Harcourt,"₦ 200,000,000",289.0,4,4,Unfurnished,enterprise
5bdrm Duplex in Sangotedo for sale,"Ajah, Sangotedo",Sangotedo,Ajah,"₦ 500,000,000",550.0,5,5,Unfurnished,enterprise
5bdrm Duplex in Lekki Expressway for sale,"Lekki, Lekki Expressway",Lekki Expressway,Lekki,"₦ 550,000,000",500.0,5,5,Semi-Furnished,diamond
4bdrm Duplex in Ikota for sale,"Lekki, Ikota",Ikota,Lekki,"₦ 200,000,000",200.0,4,4,Unfurnished,diamond
4bdrm Duplex in Berger for sale,"Ojodu, Berger",Berger,Ojodu,"₦ 290,000,000",500.0,4,4,Semi-Furnished,diamond
5bdrm Duplex in Lekki for sale,"Lagos State, Lekki",Lekki,Lagos State,"₦ 430,000,000",500.0,5,5,Unfurnished,diamond
1bdrm Apartment in Lekki Expressway for sale,"Lekki, Lekki Expressway",Lekki Expressway,Lekki,"₦ 82,000,000",500.0,1,1,Unfurnished,diamond
4bdrm Duplex in Lekki Phase 1 for sale,"Lekki, Lekki Phase 1",Lekki Phase 1,Lekki,"₦ 370,000,000",500.0,4,4,Semi-Furnished,diamond
Furnished 2bdrm Penthouse in Lekki Phase 1 for sale,"Lekki, Lekki Phase 1",Lekki Phase 1,Lekki,"₦ 400,000,000",200.0,2,2,Furnished,enterprise
4bdrm Duplex in Ajah for sale,"Lagos State, Ajah",Ajah,Lagos State,"₦ 150,000,000",220.0,4,4,Unfurnished,enterprise
2bdrm Apartment in Ikate for sale,"Lekki, Ikate",Ikate,Lekki,"₦ 250,000,000",150.0,2,2,Unfurnished,enterprise
6bdrm Duplex in Lekki Phase 1 for sale,"Lekki, Lekki Phase 1",Lekki Phase 1,Lekki,"₦ 1,300,000,000",500.0,6,6,Semi-Furnished,diamond
4bdrm Duplex in Chevron for sale,"Lekki, Chevron",Chevron,Lekki,"₦ 350,000,000",500.0,4,4,Unfurnished,diamond
"5bdrm Duplex in Royal Garden Estate, VGC / Ajah for sale","Ajah, VGC / Ajah",VGC / Ajah,Ajah,"₦ 650,000,000",450.0,5,5,Unfurnished,enterprise
4bdrm Duplex in Sangotedo for sale,"Ajah, Sangotedo",Sangotedo,Ajah,"₦ 170,000,000",280.0,4,4,Unfurnished,enterprise
5bdrm Duplex in Banana Island for sale,"Ikoyi, Banana Island",Banana Island,Ikoyi,"₦ 5,600,000,000",500.0,5,5,Semi-Furnished,diamond
5bdrm Duplex in Lekki Phase 1 for sale,"Lekki, Lekki Phase 1",Lekki Phase 1,Lekki,"₦ 650,000,000",500.0,5,5,Semi-Furnished,diamond
5bdrm Duplex in Lekki Expressway for sale,"Lekki, Lekki Expressway",Lekki Expressway,Lekki,"₦ 450,000,000",500.0,5,5,Semi-Furnished,diamond
2bdrm Apartment in Chevron for sale,"Lekki, Chevron",Chevron,Lekki,"₦ 160,000,000",500.0,2,2,Semi-Furnished,diamond
4bdrm Duplex in Berger for sale,"Ojodu, Berger",Berger,Ojodu,"₦ 265,000,000",250.0,4,4,Unfurnished,enterprise
"8bdrm Block of Flats in Majek Abijo, Sangotedo for sale","Ajah, Sangotedo",Sangotedo,Ajah,"₦ 100,000,000",500.0,8,8,Unfurnished,diamond
4bdrm Duplex in Lekki Phase 2 for sale,"Lekki, Lekki Phase 2",Lekki Phase 2,Lekki,"₦ 125,000,000",400.0,4,4,Semi-Furnished,diamond
4bdrm Duplex in Old Ikoyi for sale,"Ikoyi, Old Ikoyi",Old Ikoyi,Ikoyi,"₦ 1,500,000,000",400.0,4,4,Semi-Furnished,diamond
Furnished 3bdrm Apartment in In Lekki Phase 1 for sale,"Lekki, Lekki Phase 1",Lekki Phase 1,Lekki,"₦ 280,000,000",1000.0,3,3,Furnished,diamond
4bdrm Duplex in Ajah for sale,"Lagos State, Ajah",Ajah,Lagos State,"₦ 150,000,000",300.0,4,4,Unfurnished,diamond
4bdrm Duplex in Sangotedo for sale,"Ajah, Sangotedo",Sangotedo,Ajah,"₦ 190,000,000",100.0,4,4,Semi-Furnished,enterprise
4bdrm Duplex in Ikota for sale,"Lekki, Ikota",Ikota,Lekki,"₦ 230,000,000",450.0,4,4,Semi-Furnished,diamond
5bdrm Duplex in Chevron for sale,"Lekki, Chevron",Chevron,Lekki,"₦ 500,000,000",450.0,5,5,Semi-Furnished,diamond
3bdrm Block of Flats in Garki 2 for sale,"Abuja (FCT), Garki 2",Garki 2,Abuja (FCT),"₦ 750,000,000",1000.0,3,4,Unfurnished,diamond
4bdrm Duplex in Off Lekki-Epe Expressway for sale,"Ajah, Off Lekki-Epe Expressway",Off Lekki-Epe Expressway,Ajah,"₦ 200,000,000",500.0,4,4,Semi-Furnished,diamond
2bdrm Apartment in Abraham Adesanya Estate for sale,"Ajah, Abraham Adesanya Estate",Abraham Adesanya Estate,Ajah,"₦ 100,000,000",500.0,2,2,Semi-Furnished,diamond
2bdrm Apartment in Ikate for sale,"Lekki, Ikate",Ikate,Lekki,"₦ 75,000,000",500.0,2,2,Semi-Furnished,diamond
5bdrm Duplex in Omole for sale,"Ikeja, Omole Phase 2",Omole Phase 2,Ikeja,"₦ 600,000,000",350.0,5,6,Semi-Furnished,enterprise
3bdrm Villa in Kaura for sale,"Abuja (FCT), Kaura",Kaura,Abuja (FCT),"₦ 120,000,000",11.0,3,3,Semi-Furnished,diamond
4bdrm Duplex in Ikeja GRA for sale,"Ikeja, Ikeja GRA",Ikeja GRA,Ikeja,"₦ 650,000,000",500.0,4,4,Semi-Furnished,diamond
3bdrm Maisonette in Lekki Phase 1 for sale,"Lekki, Lekki Phase 1",Lekki Phase 1,Lekki,"₦ 170,000,000",500.0,3,3,Semi-Furnished,diamond
5bdrm Duplex in Ikota for sale,"Lekki, Ikota",Ikota,Lekki,"₦ 420,000,000",400.0,5,6,Unfurnished,diamond
4bdrm Duplex in Chevron for sale,"Lekki, Chevron",Chevron,Lekki,"₦ 450,000,000",350.0,4,5,Semi-Furnished,enterprise
4bdrm Duplex in Adeniyi Jones Lagos for sale,"Ikeja, Adeniyi Jones",Adeniyi Jones,Ikeja,"₦ 320,000,000",150.0,4,5,Semi-Furnished,diamond
4bdrm Duplex in Ogudu GRA for sale,"Ogudu, Ogudu GRA",Ogudu GRA,Ogudu,"₦ 450,000,000",500.0,4,5,Unfurnished,diamond
4bdrm Duplex in Maryland Lagos for sale,"Lagos State, Maryland",Maryland,Lagos State,"₦ 320,000,000",450.0,4,5,Unfurnished,diamond
4bdrm Duplex in Orchid Lekki Lagos for sale,"Lagos State, Lekki",Lekki,Lagos State,"₦ 180,000,000",250.0,4,5,Unfurnished,diamond
Furnished 5bdrm Duplex in Adeniyi Jones Ikeja for sale,"Ikeja, Adeniyi Jones",Adeniyi Jones,Ikeja,"₦ 650,000,000",150.0,5,6,Furnished,diamond
"Furnished 8bdrm Mansion in Detached, Guzape District for sale","Abuja (FCT), Guzape District",Guzape District,Abuja (FCT),"₦ 2,500,000,000",1700.0,8,8,Furnished,enterprise
"5bdrm Duplex in Estate, Lekki for sale","Lagos State, Lekki",Lekki,Lagos State,"₦ 480,000,000",500.0,5,5,Semi-Furnished,enterprise
4bdrm Duplex in Gbagada for sale,"Lagos State, Gbagada",Gbagada,Lagos State,"₦ 280,000,000",500.0,4,4,Unfurnished,enterprise
4bdrm Duplex in Chevron for sale,"Lekki, Chevron",Chevron,Lekki,"₦ 140,000,000",600.0,4,4,Semi-Furnished,enterprise
"5bdrm Duplex in Orchild Road, Chevron for sale","Lekki, Chevron",Chevron,Lekki,"₦ 400,000,000",500.0,5,5,Semi-Furnished,enterprise
4bdrm Duplex in VGC / Ajah for sale,"Ajah, VGC / Ajah",VGC / Ajah,Ajah,"₦ 300,000,000",500.0,4,4,Unfurnished,enterprise
"5bdrm Duplex in Estate, Guzape District for sale","Abuja (FCT), Guzape District",Guzape District,Abuja (FCT),"₦ 1,100,000,000",2000.0,5,5,Unfurnished,enterprise
4bdrm Duplex in Ikeja for sale,"Lagos State, Ikeja",Ikeja,Lagos State,"₦ 320,000,000",500.0,4,4,Unfurnished,enterprise
"Furnished 3bdrm Block of Flats in Peace Estate, Baruwa for sale","Ipaja, Baruwa",Baruwa,Ipaja,"₦ 135,000,000",600.0,3,3,Furnished,diamond
"Furnished 1bdrm Block of Flats in Okude, Ipaja / Ipaja for sale","Ipaja, Ipaja / Ipaja",Ipaja / Ipaja,Ipaja,"₦ 75,000,000",600.0,1,1,Furnished,diamond
"Furnished 2bdrm Block of Flats in Chief Olubode Estate, Egbeda for sale","Alimosho, Egbeda",Egbeda,Alimosho,"₦ 150,000,000",150.0,2,2,Furnished,diamond
3bdrm Bungalow in Jericho Gra for sale,"Ibadan, Jericho",Jericho,Ibadan,"₦ 85,000,000",400.0,3,3,Unfurnished,diamond
Furnished 20bdrm Maisonette in Wuse Zone 4 for sale,"Wuse, Zone 4 / Wuse",Zone 4 / Wuse,Wuse,"₦ 12,000,000,000",2074.0,20,20,Furnished,diamond
"3bdrm Bungalow in Goldmind Estate, FHA for sale","Lugbe District, FHA",FHA,Lugbe District,"₦ 65,000,000",750.0,3,4,Semi-Furnished,diamond
6bdrm Duplex in Lugbe District. for sale,"Lugbe District, Sabon Lugbe",Sabon Lugbe,Lugbe District,"₦ 85,000,000",600.0,6,7,Unfurnished,diamond
4bdrm Duplex in Lugbe District. for sale,"Lugbe District, Sabon Lugbe",Sabon Lugbe,Lugbe District,"₦ 65,000,000",600.0,4,5,Unfurnished,diamond
3bdrm Block of Flats in Katampe (Main) for sale,"Katampe, Katampe (Main)",Katampe (Main),Katampe,"₦ 150,000,000",300.0,3,3,Semi-Furnished,enterprise
5bdrm Duplex in Apo Resettlement for sale,"Apo District, Apo Resettlement",Apo Resettlement,Apo District,"₦ 580,000,000",600.0,5,5,Unfurnished,enterprise
5bdrm Duplex in Katampe Extension for sale,"Katampe, Katampe Extension",Katampe Extension,Katampe,"₦ 1,200,000,000",850.0,5,5,Semi-Furnished,diamond
5bdrm Duplex in Akobo Estate Ibadan for sale,"Ibadan, Akobo",Akobo,Ibadan,"₦ 200,000,000",400.0,5,6,Semi-Furnished,enterprise
3bdrm Apartment in Lekki Phase 1 for sale,"Lekki, Lekki Phase 1",Lekki Phase 1,Lekki,"₦ 290,000,000",200.0,3,3,Unfurnished,diamond
Furnished 5bdrm Duplex in Oluyole for sale,"Oyo State, Oluyole",Oluyole,Oyo State,"₦ 385,000,000",500.0,5,5,Furnished,enterprise
2bdrm Apartment in Igbo-efon for sale,"Lekki, Igbo-efon",Igbo-efon,Lekki,"₦ 90,000,000",1200.0,2,2,Semi-Furnished,diamond
5bdrm Duplex in Ikota for sale,"Lekki, Ikota",Ikota,Lekki,"₦ 400,000,000",600.0,5,5,Semi-Furnished,diamond
5bdrm Duplex in Lekki Expressway for sale,"Lekki, Lekki Expressway",Lekki Expressway,Lekki,"₦ 600,000,000",400.0,5,5,Semi-Furnished,diamond
4bdrm Duplex in Chevron for sale,"Lekki, Chevron",Chevron,Lekki,"₦ 300,000,000",200.0,4,4,Unfurnished,diamond
4bdrm Duplex in Mabushi for sale,"Abuja (FCT), Mabushi",Mabushi,Abuja (FCT),"₦ 430,000,000",3500.0,4,5,Unfurnished,enterprise
Furnished 4bdrm Duplex in Shell Location for sale,"Port-Harcourt, Shell Location",Shell Location,Port-Harcourt,"₦ 260,000,000",465.0,4,5,Furnished,diamond
2bdrm Apartment in Lekki Phase 1 for sale,"Lekki, Lekki Phase 1",Lekki Phase 1,Lekki,"₦ 300,000,000",250.0,2,2,Semi-Furnished,enterprise
6bdrm Duplex in Old Ikoyi Lagos for sale,"Ikoyi, Old Ikoyi",Old Ikoyi,Ikoyi,"₦ 2,600,000,000",500.0,6,6,Semi-Furnished,enterprise
"5bdrm Duplex in In A Mini Estate, Off Lekki-Epe Expressway for sale","Ajah, Off Lekki-Epe Expressway",Off Lekki-Epe Expressway,Ajah,"₦ 270,000,000",350.0,5,5,Unfurnished,diamond
"2bdrm Apartment in Surulere Lagos, Western Avenue for sale","Surulere, Western Avenue",Western Avenue,Surulere,"₦ 110,000,000",500.0,2,2,Semi-Furnished,enterprise
3bdrm Apartment in Lekki Phase 1 Lagos for sale,"Lekki, Lekki Phase 1",Lekki Phase 1,Lekki,"₦ 340,000,000",500.0,3,3,Semi-Furnished,enterprise
3bdrm Block of Flats in Katampe (Main) for sale,"Katampe, Katampe (Main)",Katampe (Main),Katampe,"₦ 130,000,000",200.0,3,4,Semi-Furnished,enterprise
4bdrm Duplex in Mabushi for sale,"Abuja (FCT), Mabushi",Mabushi,Abuja (FCT),"₦ 380,000,000",260.0,4,5,Unfurnished,enterprise
4bdrm Duplex in Kaura for sale,"Abuja (FCT), Kaura",Kaura,Abuja (FCT),"₦ 160,000,000",150.0,4,5,Unfurnished,enterprise
4bdrm Duplex in Kado for sale,"Abuja (FCT), Kado",Kado,Abuja (FCT),"₦ 450,000,000",250.0,4,5,Unfurnished,enterprise
3bdrm House in Benin City for sale,"Edo State, Benin City",Benin City,Edo State,"₦ 9,500,000",465.0,3,3,Unfurnished,diamond
Furnished 6bdrm Duplex in Mabushi for sale,"Abuja (FCT), Mabushi",Mabushi,Abuja (FCT),"₦ 1,200,000,000",800.0,6,7,Furnished,enterprise
2bdrm Block of Flats in Jahi for sale,"Abuja (FCT), Jahi",Jahi,Abuja (FCT),"₦ 120,000,000",100.0,2,3,Unfurnished,enterprise
3bdrm Block of Flats in Mabushi for sale,"Abuja (FCT), Mabushi",Mabushi,Abuja (FCT),"₦ 230,000,000",180.0,3,5,Unfurnished,enterprise
4bdrm Duplex in Lugbe District for sale,"Abuja (FCT), Lugbe District",Lugbe District,Abuja (FCT),"₦ 390,000,000",310.0,4,4,Unfurnished,enterprise
5bdrm Duplex in Asokoro for sale,"Abuja (FCT), Asokoro",Asokoro,Abuja (FCT),"₦ 3,500,000,000",1000.0,5,8,Semi-Furnished,enterprise
3bdrm Bungalow in Enugu for sale,"Enugu State, Enugu",Enugu,Enugu State,"₦ 45,000,000",500.0,3,2,Semi-Furnished,enterprise
"4bdrm Bungalow in Promiseland Elebu, Akala Express for sale","Ibadan, Akala Express",Akala Express,Ibadan,"₦ 80,000,000",500.0,4,5,Semi-Furnished,diamond
5bdrm Duplex in Lekki for sale,"Lagos State, Lekki",Lekki,Lagos State,"₦ 750,000,000",350.0,5,5,Semi-Furnished,diamond
3bdrm Maisonette in Off Lekki-Epe Expressway for sale,"Ajah, Off Lekki-Epe Expressway",Off Lekki-Epe Expressway,Ajah,"₦ 119,542,500",250.0,3,3,Semi-Furnished,diamond
"5bdrm Duplex in Ajah, Lekki for sale","Lagos State, Lekki",Lekki,Lagos State,"₦ 300,000,000",320.0,5,6,Semi-Furnished,enterprise
5bdrm Duplex in Lekki for sale,"Lagos State, Lekki",Lekki,Lagos State,"₦ 1,400,000,000",400.0,5,6,Semi-Furnished,enterprise
17bdrm Block of Flats in Benin City for sale,"Edo State, Benin City",Benin City,Edo State,"₦ 270,000,000",929.0,17,11,Unfurnished,diamond
Furnished 4bdrm Duplex in Life Camp for sale,"Gwarinpa, Life Camp",Life Camp,Gwarinpa,"₦ 270,000,000",650.0,4,5,Furnished,enterprise
Furnished 3bdrm House in Sangotedo for sale,"Ajah, Sangotedo",Sangotedo,Ajah,"₦ 120,000,000",500.0,3,3,Furnished,diamond
Furnished 4bdrm Duplex in Maitama for sale,"Abuja (FCT), Maitama",Maitama,Abuja (FCT),"₦ 2,000,000,000",1000.0,4,5,Furnished,enterprise
Furnished 3bdrm House in Central Business District for sale,"Abuja (FCT), Central Business District",Central Business District,Abuja (FCT),"₦ 127,749,840",500.0,3,3,Furnished,diamond
Furnished 5bdrm Duplex in Bunkoro for sale,"Gwarinpa, Bunkoro",Bunkoro,Gwarinpa,"₦ 400,000,000",1000.0,5,5,Furnished,enterprise
5bdrm Duplex in Benin City for sale,"Edo State, Benin City",Benin City,Edo State,"₦ 39,000,000",1860.0,5,6,Unfurnished,diamond
"Furnished 3bdrm Apartment in Oribanwa, Awoyaya for sale","Ibeju, Awoyaya",Awoyaya,Ibeju,"₦ 100,000,000",650.0,3,3,Furnished,enterprise
5bdrm Duplex in Osapa for sale,"Lekki, Osapa london",Osapa london,Lekki,"₦ 1,700,000,000",600.0,5,5,Semi-Furnished,enterprise
5bdrm Duplex in Ikate for sale,"Lekki, Ikate",Ikate,Lekki,"₦ 1,300,000,000",600.0,5,5,Semi-Furnished,enterprise
5bdrm Duplex in Asokoro for sale,"Abuja (FCT), Asokoro",Asokoro,Abuja (FCT),"₦ 4,500,000,000",1600.0,5,5,Semi-Furnished,enterprise
"3bdrm Apartment in Chois Garden Estate, Abijo for sale","Ibeju, Abijo",Abijo,Ibeju,"₦ 60,000,000",200.0,3,3,Semi-Furnished,enterprise
Furnished 6bdrm Mansion in Asokoro for sale,"Abuja (FCT), Asokoro",Asokoro,Abuja (FCT),"₦ 6,000,000,000",3000.0,6,7,Furnished,enterprise
"5bdrm Duplex in Harris Drive, VGC / Ajah for sale","Ajah, VGC / Ajah",VGC / Ajah,Ajah,"₦ 450,000,000",100.0,5,5,Unfurnished,enterprise
4bdrm Duplex in Chevron for sale,"Lekki, Chevron",Chevron,Lekki,"₦ 190,000,000",100.0,4,4,Unfurnished,enterprise
3bdrm Duplex in Ikota for sale,"Lekki, Ikota",Ikota,Lekki,"₦ 120,000,000",100.0,3,3,Unfurnished,enterprise
4bdrm Duplex in Abraham Adesanya Estate for sale,"Ajah, Abraham Adesanya Estate",Abraham Adesanya Estate,Ajah,"₦ 90,000,000",250.0,4,4,Semi-Furnished,enterprise
4bdrm Duplex in Ikate for sale,"Lekki, Ikate",Ikate,Lekki,"₦ 320,000,000",100.0,4,4,Unfurnished,enterprise
6bdrm Duplex in Lekki for sale,"Lagos State, Lekki",Lekki,Lagos State,"₦ 250,000,000",625.0,6,6,Semi-Furnished,enterprise
5bdrm Duplex in Ikota for sale,"Lekki, Ikota",Ikota,Lekki,"₦ 450,000,000",100.0,5,5,Unfurnished,enterprise
"4bdrm Duplex in Pinnock Beach, Lekki Phase 1 for sale","Lekki, Lekki Phase 1",Lekki Phase 1,Lekki,"₦ 850,000,000",100.0,4,4,Unfurnished,enterprise
3bdrm Apartment in Lekki Phase 1 for sale,"Lekki, Lekki Phase 1",Lekki Phase 1,Lekki,"₦ 450,000,000",100.0,3,3,Unfurnished,enterprise
"4bdrm Duplex in Ada George Port, Obio-Akpor for sale","Rivers State, Obio-Akpor",Obio-Akpor,Rivers State,"₦ 280,000,000",450.0,4,4,Unfurnished,enterprise
"Furnished 3bdrm Apartment in Golf Estate, Okuru for sale","Port-Harcourt, Okuru",Okuru,Port-Harcourt,"₦ 115,000,000",300.0,3,3,Furnished,enterprise
"4bdrm Duplex in Estate, Rukpokwu for sale","Port-Harcourt, Rukpokwu",Rukpokwu,Port-Harcourt,"₦ 165,000,000",450.0,4,4,Unfurnished,enterprise
4bdrm Duplex in Ikoyi for sale,"Lagos State, Ikoyi",Ikoyi,Lagos State,"₦ 1,600,000,000",300.0,4,4,Unfurnished,enterprise
2bdrm Apartment in Lekki Phase 1 for sale,"Lekki, Lekki Phase 1",Lekki Phase 1,Lekki,"₦ 260,000,000",160.0,2,2,Unfurnished,enterprise
4bdrm Apartment in Lekki Phase 1 for sale,"Lekki, Lekki Phase 1",Lekki Phase 1,Lekki,"₦ 400,000,000",500.0,4,4,Unfurnished,diamond
5bdrm Duplex in Chevron for sale,"Lekki, Chevron",Chevron,Lekki,"₦ 500,000,000",500.0,5,5,Semi-Furnished,diamond
Furnished 2bdrm Apartment in Nicon Town for sale,"Lekki, Nicon Town",Nicon Town,Lekki,"₦ 219,999,999",210.0,2,2,Furnished,diamond
4bdrm Duplex in Ajah for sale,"Lagos State, Ajah",Ajah,Lagos State,"₦ 150,000,000",200.0,4,4,Unfurnished,enterprise
2bdrm Apartment in Ologolo for sale,"Lekki, Ologolo",Ologolo,Lekki,"₦ 150,000,000",180.0,2,2,Unfurnished,enterprise
2bdrm Apartment in Ikate for sale,"Lekki, Ikate",Ikate,Lekki,"₦ 180,000,000",150.0,2,2,Unfurnished,enterprise
3bdrm Maisonette in Lekki Phase 1 for sale,"Lekki, Lekki Phase 1",Lekki Phase 1,Lekki,"₦ 300,000,000",250.0,3,3,Unfurnished,enterprise
4bdrm Duplex in Lekki for sale,"Lagos State, Lekki",Lekki,Lagos State,"₦ 185,000,000",300.0,4,4,Unfurnished,enterprise
2bdrm Maisonette in Ikate for sale,"Lekki, Ikate",Ikate,Lekki,"₦ 250,000,000",500.0,2,2,Unfurnished,diamond
3bdrm Apartment in Lekki Phase 1 for sale,"Lekki, Lekki Phase 1",Lekki Phase 1,Lekki,"₦ 350,000,000",500.0,3,3,Semi-Furnished,diamond
5bdrm Duplex in Lekki Expressway for sale,"Lekki, Lekki Expressway",Lekki Expressway,Lekki,"₦ 240,000,000",500.0,5,5,Semi-Furnished,diamond
5bdrm Duplex in Ikota for sale,"Lekki, Ikota",Ikota,Lekki,"₦ 420,000,000",500.0,5,5,Semi-Furnished,diamond
3bdrm Apartment in Lekki Phase 1 for sale,"Lekki, Lekki Phase 1",Lekki Phase 1,Lekki,"₦ 340,000,000",500.0,3,3,Unfurnished,diamond
3bdrm Apartment in Ikate for sale,"Lekki, Ikate",Ikate,Lekki,"₦ 300,000,000",250.0,3,3,Unfurnished,enterprise
4bdrm Duplex in Ajah for sale,"Lagos State, Ajah",Ajah,Lagos State,"₦ 180,000,000",300.0,4,4,Unfurnished,enterprise
5bdrm Duplex in Lekki for sale,"Lagos State, Lekki",Lekki,Lagos State,"₦ 480,000,000",400.0,5,5,Unfurnished,enterprise
Furnished 2bdrm Apartment in VGC / Ajah for sale,"Ajah, VGC / Ajah",VGC / Ajah,Ajah,"₦ 100,000,000",300.0,2,2,Furnished,enterprise
4bdrm Duplex in Lekki Phase 1 for sale,"Lekki, Lekki Phase 1",Lekki Phase 1,Lekki,"₦ 450,000,000",600.0,4,4,Semi-Furnished,enterprise
5bdrm Duplex in Osapa london for sale,"Lekki, Osapa london",Osapa london,Lekki,"₦ 550,000,000",600.0,5,5,Unfurnished,enterprise
5bdrm House in Enugu for sale,"Enugu State, Enugu",Enugu,Enugu State,"₦ 250,000,000",590.0,5,6,Semi-Furnished,diamond
"5bdrm Duplex in Lekki Palm City, Ajah for sale","Lagos State, Ajah",Ajah,Lagos State,"₦ 340,000,000",500.0,5,5,Semi-Furnished,diamond
"5bdrm Duplex in Heritage Estate, Lekki Phase 1 for sale","Lekki, Lekki Phase 1",Lekki Phase 1,Lekki,"₦ 280,000,000",600.0,5,5,Semi-Furnished,diamond
3bdrm Duplex in Abraham Adesanya Estate for sale,"Ajah, Abraham Adesanya Estate",Abraham Adesanya Estate,Ajah,"₦ 130,000,000",250.0,3,3,Semi-Furnished,diamond
4bdrm Duplex in Wuye for sale,"Abuja (FCT), Wuye",Wuye,Abuja (FCT),"₦ 400,000,000",350.0,4,4,Unfurnished,diamond
5bdrm Duplex in Ikota for sale,"Lekki, Ikota",Ikota,Lekki,"₦ 750,000,000",500.0,5,5,Semi-Furnished,diamond
6bdrm Duplex in Guzape District for sale,"Abuja (FCT), Guzape District",Guzape District,Abuja (FCT),"₦ 2,000,000,000",950.0,6,7,Semi-Furnished,diamond
4bdrm Duplex in Guzape District for sale,"Abuja (FCT), Guzape District",Guzape District,Abuja (FCT),"₦ 300,000,000",1000.0,4,5,Semi-Furnished,diamond
Furnished 12bdrm Apartment in Orita Challenge for sale,"Oyo State, Ibadan",Ibadan,Oyo State,"₦ 210,000,000",700.0,12,14,Furnished,diamond
"4bdrm Bungalow in Idi Igbaro, Eleyele for sale","Ibadan, Eleyele",Eleyele,Ibadan,"₦ 42,000,000",760.0,4,4,Semi-Furnished,diamond
3bdrm Apartment in Victoria Island Extension for sale,"Victoria Island, Victoria Island Extension",Victoria Island Extension,Victoria Island,"₦ 700,000,000",500.0,3,3,Unfurnished,diamond
5bdrm Duplex in Chevron for sale,"Lekki, Chevron",Chevron,Lekki,"₦ 600,000,000",500.0,5,5,Semi-Furnished,diamond
4bdrm Duplex in Osapa london for sale,"Lekki, Osapa london",Osapa london,Lekki,"₦ 350,000,000",500.0,4,4,Semi-Furnished,diamond
5bdrm Duplex in Lekki Phase 1 for sale,"Lekki, Lekki Phase 1",Lekki Phase 1,Lekki,"₦ 1,600,000,000",500.0,5,5,Semi-Furnished,diamond
4bdrm Maisonette in Ikoyi S.W for sale,"Ikoyi, Ikoyi S.W",Ikoyi S.W,Ikoyi,"₦ 2,149,680,000",500.0,4,4,Semi-Furnished,diamond
"4bdrm Bungalow in Prime Estate, Obafemi-Owode for sale","Ogun State, Obafemi-Owode",Obafemi-Owode,Ogun State,"₦ 30,000,000",250.0,4,5,Semi-Furnished,enterprise
3bdrm Apartment in Victoria Island Extension for sale,"Victoria Island, Victoria Island Extension",Victoria Island Extension,Victoria Island,"₦ 450,000,000",500.0,3,3,Semi-Furnished,diamond
5bdrm Duplex in Mabushi for sale,"Abuja (FCT), Mabushi",Mabushi,Abuja (FCT),"₦ 650,000,000",500.0,5,6,Semi-Furnished,diamond
"2bdrm Block of Flats in News Engineering, Dawaki for sale","Gwarinpa, Dawaki",Dawaki,Gwarinpa,"₦ 60,000,000",400.0,2,3,Unfurnished,diamond
5bdrm Duplex in Omole for sale,"Ikeja, Omole Phase 1",Omole Phase 1,Ikeja,"₦ 750,000,000",450.0,5,6,Semi-Furnished,enterprise
"6bdrm Duplex in Efab Metropolis, Gwarinpa for sale","Abuja (FCT), Gwarinpa",Gwarinpa,Abuja (FCT),"₦ 550,000,000",900.0,6,6,Unfurnished,enterprise
4bdrm Duplex in Ogudu Gra for sale,"Ogudu, Ogudu GRA",Ogudu GRA,Ogudu,"₦ 550,000,000",400.0,4,6,Unfurnished,diamond
Furnished 3bdrm Duplex in Gbagada Lagos for sale,"Gbagada, Ifako-Gbagada",Ifako-Gbagada,Gbagada,"₦ 210,000,000",150.0,3,4,Furnished,diamond
5bdrm Duplex in Gbagada Lagos for sale,"Gbagada, New Garage / Gbagada",New Garage / Gbagada,Gbagada,"₦ 600,000,000",150.0,5,6,Semi-Furnished,diamond
4bdrm Duplex in Gbagada Lagos for sale,"Gbagada, Ifako-Gbagada",Ifako-Gbagada,Gbagada,"₦ 350,000,000",150.0,4,5,Semi-Furnished,diamond
5bdrm Duplex in Ikota for sale,"Lekki, Ikota",Ikota,Lekki,"₦ 400,000,000",500.0,5,5,Unfurnished,enterprise
3bdrm Apartment in Lekki Phase1 for sale,"Lekki, Lekki Phase 1",Lekki Phase 1,Lekki,"₦ 250,000,000",620.0,3,3,Semi-Furnished,enterprise
2bdrm Apartment in Ologolo for sale,"Lekki, Ologolo",Ologolo,Lekki,"₦ 90,000,000",500.0,2,2,Semi-Furnished,enterprise
4bdrm Duplex in Off Lekki-Epe Expressway for sale,"Ajah, Off Lekki-Epe Expressway",Off Lekki-Epe Expressway,Ajah,"₦ 250,000,000",550.0,4,4,Semi-Furnished,enterprise
"9bdrm Mansion in Estate, Guzape District for sale","Abuja (FCT), Guzape District",Guzape District,Abuja (FCT),"₦ 1,000,000,000",1100.0,9,8,Unfurnished,enterprise
"Furnished 5bdrm Duplex in Self Compound, Maitama for sale","Abuja (FCT), Maitama",Maitama,Abuja (FCT),"₦ 1,800,000,000",1500.0,5,5,Furnished,enterprise
Furnished 5bdrm Duplex in Oko-Oba for sale,"Agege, Oko-Oba",Oko-Oba,Agege,"₦ 210,000,000",550.0,5,5,Furnished,diamond
4bdrm Duplex in Bodija for sale,"Ibadan, Bodija",Bodija,Ibadan,"₦ 400,000,000",1200.0,4,4,Unfurnished,enterprise
2bdrm Block of Flats in Dakibiyu for sale,"Abuja (FCT), Dakibiyu",Dakibiyu,Abuja (FCT),"₦ 55,000,000",750.0,2,3,Semi-Furnished,diamond
"3bdrm Bungalow in Goldmind Estate, FHA for sale","Lugbe District, FHA",FHA,Lugbe District,"₦ 35,000,000",750.0,3,3,Unfurnished,diamond
"4bdrm Duplex in Lugbe District., FHA for sale","Lugbe District, FHA",FHA,Lugbe District,"₦ 120,000,000",750.0,4,5,Unfurnished,diamond
"3bdrm Bungalow in Lugbe, FHA for sale","Lugbe District, FHA",FHA,Lugbe District,"₦ 120,000,000",900.0,3,4,Unfurnished,diamond
4bdrm Duplex in Lugbe for sale,"Lugbe District, Sabon Lugbe",Sabon Lugbe,Lugbe District,"₦ 120,000,000",750.0,4,5,Semi-Furnished,diamond
4bdrm Penthouse in Lugbe District. for sale,"Lugbe District, Sabon Lugbe",Sabon Lugbe,Lugbe District,"₦ 60,000,000",700.0,4,5,Unfurnished,diamond
1bdrm Block of Flats in Katampe (Main) for sale,"Katampe, Katampe (Main)",Katampe (Main),Katampe,"₦ 120,000,000",300.0,1,1,Semi-Furnished,enterprise
4bdrm Duplex in Life Camp for sale,"Gwarinpa, Life Camp",Life Camp,Gwarinpa,"₦ 570,000,000",900.0,4,4,Semi-Furnished,diamond
"5bdrm Duplex in Faplin Estate , Lokogoma for sale","Abuja (FCT), Lokogoma",Lokogoma,Abuja (FCT),"₦ 400,000,000",1000.0,5,6,Unfurnished,diamond
"4bdrm Duplex in Estate, Wuye for sale","Abuja (FCT), Wuye",Wuye,Abuja (FCT),"₦ 750,000,000",1000.0,4,6,Unfurnished,diamond
"6bdrm Duplex in Estate, Katampe Extension for sale","Katampe, Katampe Extension",Katampe Extension,Katampe,"₦ 1,500,000,000",1200.0,6,7,Unfurnished,diamond
5bdrm Duplex in Ado / Ajah for sale,"Ajah, Ado / Ajah",Ado / Ajah,Ajah,"₦ 470,000,000",600.0,5,5,Unfurnished,diamond
5bdrm Duplex in Jabi for sale,"Abuja (FCT), Jabi",Jabi,Abuja (FCT),"₦ 1,100,000,000",500.0,5,5,Unfurnished,diamond
"4bdrm Duplex in Westend Estate, Ikota for sale","Lekki, Ikota",Ikota,Lekki,"₦ 120,000,000",250.0,4,4,Unfurnished,diamond
3bdrm Block of Flats in Governors Road for sale,"Ikotun/Igando, Governors Road",Governors Road,Ikotun/Igando,"₦ 200,000,000",600.0,3,4,Unfurnished,enterprise
4bdrm Block of Flats in Obafemi-Owode for sale,"Ogun State, Obafemi-Owode",Obafemi-Owode,Ogun State,"₦ 85,000,000",1300.0,4,5,Semi-Furnished,enterprise
"Furnished 5bdrm Duplex in Dss Quarters Estate, Idishin for sale","Ibadan, Idishin",Idishin,Ibadan,"₦ 170,000,000",450.0,5,5,Furnished,enterprise
5bdrm Duplex in Ikate for sale,"Lekki, Ikate",Ikate,Lekki,"₦ 600,000,000",1200.0,5,5,Semi-Furnished,diamond
"4bdrm Duplex in Airforce, Bashorun, Akobo for sale","Ibadan, Akobo",Akobo,Ibadan,"₦ 250,000,000",400.0,4,4,Semi-Furnished,enterprise
5bdrm Duplex in Ikota for sale,"Lekki, Ikota",Ikota,Lekki,"₦ 450,000,000",350.0,5,5,Semi-Furnished,diamond
"Furnished 5bdrm Duplex in Ire Akari, Akala Express for sale","Ibadan, Akala Express",Akala Express,Ibadan,"₦ 180,000,000",400.0,5,5,Furnished,enterprise
2bdrm Apartment in Osapa london for sale,"Lekki, Osapa london",Osapa london,Lekki,"₦ 150,000,000",800.0,2,2,Unfurnished,diamond
5bdrm Duplex in Banana Island for sale,"Ikoyi, Banana Island",Banana Island,Ikoyi,"₦ 5,000,000,000",600.0,5,5,Semi-Furnished,diamond
4bdrm Duplex in Ikota for sale,"Lekki, Ikota",Ikota,Lekki,"₦ 200,000,000",300.0,4,4,Semi-Furnished,diamond
5bdrm Duplex in Chevron In A Gated for sale,"Lekki, Chevron",Chevron,Lekki,"₦ 500,000,000",300.0,5,5,Unfurnished,diamond
3bdrm Apartment in Lekki Phase 1 for sale,"Lekki, Lekki Phase 1",Lekki Phase 1,Lekki,"₦ 420,000,000",150.0,3,3,Unfurnished,diamond
"Furnished 5bdrm House in John Linus Road, Uyo for sale","Akwa Ibom State, Uyo",Uyo,Akwa Ibom State,"₦ 90,000,000",800.0,5,5,Furnished,diamond
"4bdrm Duplex in In A Gated Estate, Ado / Ajah for sale","Ajah, Ado / Ajah",Ado / Ajah,Ajah,"₦ 185,000,000",250.0,4,4,Unfurnished,diamond
3bdrm Penthouse in Lagos Island / Lagos Island for sale,"Lagos Island (Eko), Lagos Island / Lagos Island",Lagos Island / Lagos Island,Lagos Island (Eko),"₦ 700,000,000",300.0,3,3,Semi-Furnished,diamond
"Furnished 15bdrm Block of Flats in Ayobo, Ipaja for sale","Lagos State, Ipaja",Ipaja,Lagos State,"₦ 130,000,000",648.0,15,15,Furnished,diamond
4bdrm Duplex in Ajah for sale,"Lagos State, Ajah",Ajah,Lagos State,"₦ 120,000,000",500.0,4,5,Unfurnished,diamond
4bdrm Duplex in In Secure Estate @ for sale,"Ajah, Olokonla",Olokonla,Ajah,"₦ 165,000,000",300.0,4,4,Unfurnished,diamond
5bdrm Duplex in Chevron for sale,"Lekki, Chevron",Chevron,Lekki,"₦ 450,000,000",400.0,5,5,Unfurnished,diamond
5bdrm Duplex in Ikoyi Lagos for sale,"Lagos State, Ikoyi",Ikoyi,Lagos State,"₦ 1,500,000,000",500.0,5,5,Semi-Furnished,enterprise
"5bdrm Duplex in Golden Park Estate, Sangotedo for sale","Ajah, Sangotedo",Sangotedo,Ajah,"₦ 350,000,000",400.0,5,5,Unfurnished,diamond
4bdrm Duplex in Ologolo Lekki for sale,"Lekki, Ologolo",Ologolo,Lekki,"₦ 180,000,000",600.0,4,4,Unfurnished,diamond
4bdrm Duplex in Ikota Lekki Eti-Osa for sale,"Lekki, Ikota",Ikota,Lekki,"₦ 220,000,000",600.0,4,4,Unfurnished,diamond
8bdrm Duplex in Arida Ikotun Lagos. for sale,"Ikotun/Igando, Egbe / Ikotun/Igando",Egbe / Ikotun/Igando,Ikotun/Igando,"₦ 350,000,000",1000.0,8,8,Semi-Furnished,diamond
Furnished 4bdrm Duplex in Private Estate Lekki for sale,"Lekki, Lekki Phase 2",Lekki Phase 2,Lekki,"₦ 1,300,000,000",600.0,4,4,Furnished,diamond
3bdrm Block of Flats in Igando / Ikotun/Igando for sale,"Ikotun/Igando, Igando / Ikotun/Igando",Igando / Ikotun/Igando,Ikotun/Igando,"₦ 90,000,000",600.0,3,4,Semi-Furnished,diamond
Furnished 2bdrm Block of Flats in Lekki Phases One for sale,"Lekki, Lekki Phase 1",Lekki Phase 1,Lekki,"₦ 230,000,000",700.0,2,2,Furnished,diamond
"Furnished 4bdrm Duplex in Orchids Roads Lekki, Chevron for sale","Lekki, Chevron",Chevron,Lekki,"₦ 250,000,000",600.0,4,4,Furnished,diamond
Furnished 4bdrm Duplex in Private Estate Ikota for sale,"Lekki, Ikota",Ikota,Lekki,"₦ 220,000,000",600.0,4,4,Furnished,diamond
Furnished 4bdrm Duplex in Private Estate Ajah for sale,"Lagos State, Ajah",Ajah,Lagos State,"₦ 130,000,000",800.0,4,4,Furnished,diamond
3bdrm Block of Flats in Victoria Island Extension for sale,"Victoria Island, Victoria Island Extension",Victoria Island Extension,Victoria Island,"₦ 250,000,000",150.0,3,3,Unfurnished,diamond
"3bdrm Bungalow in Frontier, Ipaja Road for sale","Ipaja, Ipaja Road",Ipaja Road,Ipaja,"₦ 100,000,000",250.0,3,4,Semi-Furnished,diamond
3bdrm Duplex in Kubwa for sale,"Abuja (FCT), Kubwa",Kubwa,Abuja (FCT),"₦ 95,000,000",200.0,3,4,Semi-Furnished,enterprise
4bdrm Duplex in Mabushi for sale,"Abuja (FCT), Mabushi",Mabushi,Abuja (FCT),"₦ 500,000,000",300.0,4,5,Semi-Furnished,enterprise
4bdrm Maisonette in Mabushi for sale,"Abuja (FCT), Mabushi",Mabushi,Abuja (FCT),"₦ 250,000,000",200.0,4,5,Semi-Furnished,enterprise
4bdrm Duplex in Dawaki for sale,"Gwarinpa, Dawaki",Dawaki,Gwarinpa,"₦ 300,000,000",250.0,4,5,Unfurnished,enterprise
4bdrm Duplex in Jabi for sale,"Abuja (FCT), Jabi",Jabi,Abuja (FCT),"₦ 350,000,000",25.0,4,4,Semi-Furnished,enterprise
5bdrm Duplex in Katampe (Main) for sale,"Katampe, Katampe (Main)",Katampe (Main),Katampe,"₦ 550,000,000",400.0,5,6,Unfurnished,enterprise
2bdrm Duplex in Ushafa for sale,"Bwari, Ushafa",Ushafa,Bwari,"₦ 60,000,000",200.0,2,2,Unfurnished,enterprise
7bdrm Duplex in Asokoro for sale,"Abuja (FCT), Asokoro",Asokoro,Abuja (FCT),"₦ 1,400,000,000",320.0,7,9,Unfurnished,enterprise
4bdrm Duplex in Jahi for sale,"Abuja (FCT), Jahi",Jahi,Abuja (FCT),"₦ 300,000,000",250.0,4,5,Unfurnished,enterprise
4bdrm Duplex in Life Camp for sale,"Gwarinpa, Life Camp",Life Camp,Gwarinpa,"₦ 200,000,000",250.0,4,5,Unfurnished,enterprise
Furnished 2bdrm Apartment in Katampe (Main) for sale,"Katampe, Katampe (Main)",Katampe (Main),Katampe,"₦ 350,000,000",250.0,2,3,Furnished,enterprise
3bdrm Duplex in FHA for sale,"Lugbe District, FHA",FHA,Lugbe District,"₦ 400,000,000",700.0,3,5,Semi-Furnished,enterprise
8bdrm Duplex in Wuse 2 for sale,"Abuja (FCT), Wuse 2",Wuse 2,Abuja (FCT),"₦ 3,000,000,000",1000.0,8,10,Semi-Furnished,enterprise
3bdrm Block of Flats in Ago Palace for sale,"Isolo, Ago Palace",Ago Palace,Isolo,"₦ 120,000,000",300.0,3,4,Unfurnished,enterprise
3bdrm Block of Flats in Ago Palace for sale,"Isolo, Ago Palace",Ago Palace,Isolo,"₦ 250,000,000",669.0,3,2,Semi-Furnished,enterprise
4bdrm Duplex in Ikota for sale,"Lekki, Ikota",Ikota,Lekki,"₦ 230,000,000",350.0,4,4,Unfurnished,diamond
4bdrm Duplex in Festac for sale,"Amuwo-Odofin, Festac",Festac,Amuwo-Odofin,"₦ 250,000,000",600.0,4,4,Unfurnished,enterprise
2bdrm Block of Flats in Idu Industrial for sale,"Abuja (FCT), Idu Industrial",Idu Industrial,Abuja (FCT),"₦ 70,000,000",200.0,2,2,Unfurnished,diamond
5bdrm Duplex in Oshimili North for sale,"Delta State, Oshimili North",Oshimili North,Delta State,"₦ 460,000,000",450.0,5,5,Semi-Furnished,enterprise
"3bdrm Apartment in Elegushi, Ikate for sale","Lekki, Ikate",Ikate,Lekki,"₦ 350,000,000",860.0,3,3,Unfurnished,enterprise
5bdrm Duplex in Lekki for sale,"Lagos State, Lekki",Lekki,Lagos State,"₦ 470,000,000",300.0,5,5,Semi-Furnished,diamond
5bdrm Duplex in Lekki for sale,"Lagos State, Lekki",Lekki,Lagos State,"₦ 230,000,000",325.0,5,6,Semi-Furnished,enterprise
