Title,region,Region Name,region_parent_name,Price,Property Size,Bedrooms,Bathrooms,Furnishing,Is Boosted,House Type,Region Parent Name
Furnished 4bdrm Duplex in Life Camp for sale,"Gwarinpa, Life Camp",Life Camp,Gwarinpa,600000000.0,800.0,4,5,Furnished,vip_gold,Duplex,Abuja (FCT)
2bdrm Block of Flats in Benin City for sale,"Edo State, Benin City",Benin City,Edo State,120000000.0,450.0,2,2,Unfurnished,diamond,Block Of Flats,Edo State
3bdrm Apartment in Zone 3 / Wuse for sale,"Wuse, Zone 3 / Wuse",Zone 3 / Wuse,Wuse,150000000.0,150.0,3,3,Unfurnished,False,Apartment,Abuja (FCT)
4bdrm Duplex in Ifako-Ogba for sale,"Ogba, Ifako-Ogba",Ifako-Ogba,Ogba,250000000.0,150.0,4,4,Unfurnished,diamond,Duplex,Lagos Mainland
"5bdrm Duplex in Ikota Villa, Lekki Phase 2 for sale","Lekki, Lekki Phase 2",Lekki Phase 2,Lekki,350000000.0,400.0,5,5,Semi-Furnished,vip,Duplex,Lagos Island
"4bdrm Duplex in Dpk Estate, Lekki Phase 2 for sale","Lekki, Lekki Phase 2",Lekki Phase 2,Lekki,280000000.0,290.0,4,4,Semi-Furnished,vip,Duplex,Lagos Island
"4bdrm Duplex in Idado Estate, Lekki Phase 2 for sale","Lekki, Lekki Phase 2",Lekki Phase 2,Lekki,250000000.0,280.0,4,4,Unfurnished,vip,Duplex,Lagos Island
"4bdrm Duplex in Idado Estate, Lekki Phase 2 for sale","Lekki, Lekki Phase 2",Lekki Phase 2,Lekki,220000000.0,275.0,4,4,Unfurnished,vip,Duplex,Lagos Island
"4bdrm Duplex in Royal Pine, Lekki Phase 2 for sale","Lekki, Lekki Phase 2",Lekki Phase 2,Lekki,280000000.0,280.0,4,4,Unfurnished,vip,Duplex,Lagos Island
"5bdrm Duplex in Discovery Park, Lekki Phase 2 for sale","Lekki, Lekki Phase 2",Lekki Phase 2,Lekki,500000000.0,650.0,5,5,Semi-Furnished,vip,Duplex,Lagos Island
"5bdrm Duplex in Oral Estate, Lekki Phase 2 for sale","Lekki, Lekki Phase 2",Lekki Phase 2,Lekki,450000000.0,280.0,5,5,Semi-Furnished,vip,Duplex,Lagos Island
"5bdrm Duplex in Royal Pine, Lekki Phase 2 for sale","Lekki, Lekki Phase 2",Lekki Phase 2,Lekki,385000000.0,289.0,5,5,Semi-Furnished,vip,Duplex,Lagos Island
"Furnished 5bdrm Duplex in In An Estate , Sars, New Layout for sale","Port-Harcourt, New Layout",New Layout,Port-Harcourt,580000000.0,700.0,5,5,Furnished,enterprise,Duplex,Rivers State
"4bdrm Duplex in Ikota Villa, Lekki Phase 2 for sale","Lekki, Lekki Phase 2",Lekki Phase 2,Lekki,160000000.0,900.0,4,4,Semi-Furnished,vip,Duplex,Lagos Island
Furnished 5bdrm Duplex in Lekki Phase 2 for sale,"Lekki, Lekki Phase 2",Lekki Phase 2,Lekki,350000000.0,500.0,5,5,Furnished,diamond,Duplex,Lagos Island
20bdrm Apartment in Benin City for sale,"Edo State, Benin City",Benin City,Edo State,97000000.0,900.0,20,20,Unfurnished,diamond,Apartment,Edo State
"4bdrm Duplex in Hi Life Estate, Lekki Phase 2 for sale","Lekki, Lekki Phase 2",Lekki Phase 2,Lekki,135000000.0,130.0,4,4,Semi-Furnished,vip,Duplex,Lagos Island
Furnished 6bdrm Duplex in Osapa london for sale,"Lekki, Osapa london",Osapa london,Lekki,1700000000.0,650.0,6,6,Furnished,diamond,Duplex,Lagos Island
4bdrm Duplex in Lekki for sale,"Lagos State, Lekki",Lekki,Lagos State,220000000.0,250.0,4,4,Semi-Furnished,diamond,Duplex,Lagos Island
"4bdrm Duplex in Cedar Wood, Obio-Akpor for sale","Rivers State, Obio-Akpor",Obio-Akpor,Rivers State,300000000.0,465.0,4,4,Unfurnished,enterprise,Duplex,Rivers State
20bdrm Apartment in Benin City for sale,"Edo State, Benin City",Benin City,Edo State,120000000.0,900.0,20,20,Unfurnished,diamond,Apartment,Edo State
"4bdrm Duplex in Discovery Park, Lekki Phase 2 for sale","Lekki, Lekki Phase 2",Lekki Phase 2,Lekki,250000000.0,450.0,4,4,Unfurnished,vip,Duplex,Lagos Island
4bdrm Townhouse/Terrace in Ajah for sale,"Lagos State, Ajah",Ajah,Lagos State,100000000.0,250.0,4,4,Semi-Furnished,diamond,Townhouse,Lagos Island
3bdrm Apartment in Sangotedo for sale,"Ajah, Sangotedo",Sangotedo,Ajah,145000000.0,200.0,3,3,Unfurnished,enterprise,Apartment,Lagos Island
2bdrm Block of Flats in Ikota for sale,"Lekki, Ikota",Ikota,Lekki,160000000.0,400.0,2,2,Unfurnished,enterprise,Block Of Flats,Lagos Island
5bdrm Duplex in Ikota for sale,"Lekki, Ikota",Ikota,Lekki,370000000.0,450.0,5,5,Unfurnished,enterprise,Duplex,Lagos Island
"2bdrm Apartment in Ologolo Rd, Lekki Phase 1 for sale","Lekki, Lekki Phase 1",Lekki Phase 1,Lekki,95000000.0,460.0,2,2,Semi-Furnished,vip,Apartment,Lagos Island
5bdrm Duplex in Lekki for sale,"Lagos State, Lekki",Lekki,Lagos State,1500000000.0,550.0,5,5,Unfurnished,enterprise,Duplex,Lagos Island
4bdrm Duplex in Lekki for sale,"Lagos State, Lekki",Lekki,Lagos State,250000000.0,250.0,4,4,Unfurnished,enterprise,Duplex,Lagos Island
5bdrm Duplex in Adeniyi Jones for sale,"Ikeja, Adeniyi Jones",Adeniyi Jones,Ikeja,650000000.0,350.0,5,5,Unfurnished,enterprise,Duplex,Lagos Mainland
"Furnished 4bdrm Duplex in Chime Estate, Enugu for sale","Enugu State, Enugu",Enugu,Enugu State,260000000.0,600.0,4,6,Furnished,enterprise,Duplex,Enugu State
4bdrm Duplex in Centenary City Enugu for sale,"Enugu State, Enugu",Enugu,Enugu State,100000000.0,400.0,4,4,Semi-Furnished,diamond,Duplex,Enugu State
Furnished 5bdrm Duplex in Lekki Phase 1 for sale,"Lekki, Lekki Phase 1",Lekki Phase 1,Lekki,1100000000.0,600.0,5,5,Furnished,enterprise,Duplex,Lagos Island
"Furnished Mini Flat in Freedom Way Lekki, Ikate for sale","Lekki, Ikate",Ikate,Lekki,160000000.0,600.0,1,1,Furnished,diamond,Unknown,Lagos Island
"4bdrm Block of Flats in Abagdo Roads, Alakuko for sale","Ifako-Ijaiye, Alakuko",Alakuko,Ifako-Ijaiye,120000000.0,1000.0,4,4,Semi-Furnished,diamond,Block Of Flats,Lagos Mainland
"4bdrm Duplex in New Layout Estate, for sale","Rivers State, Port-Harcourt",Port-Harcourt,Rivers State,200000000.0,500.0,4,6,Semi-Furnished,enterprise,Duplex,Rivers State
"Furnished 1bdrm Apartment in Freedom Way, Ikate, for sale","Lekki, Lekki Phase 1",Lekki Phase 1,Lekki,160000000.0,300.0,1,1,Furnished,enterprise,Apartment,Lagos Island
"6bdrm Duplex in Diamond Estate, for sale","Ipaja, Ipaja / Ipaja",Ipaja / Ipaja,Ipaja,230000000.0,444.0,6,6,Semi-Furnished,False,Duplex,Lagos Mainland
"4bdrm Duplex in Orchid Roads Lekki, Chevron for sale","Lekki, Chevron",Chevron,Lekki,330000000.0,500.0,4,4,Semi-Furnished,diamond,Duplex,Lagos Island
8bdrm Block of Flats in Choba for sale,"Port-Harcourt, Choba",Choba,Port-Harcourt,80000000.0,930.0,8,4,Unfurnished,enterprise,Block Of Flats,Rivers State
2bdrm Apartment in Ikate for sale,"Lekki, Ikate",Ikate,Lekki,190000000.0,160.0,2,2,Unfurnished,enterprise,Apartment,Lagos Island
"2bdrm Block of Flats in Not - Estate., Benin City for sale","Edo State, Benin City",Benin City,Edo State,100000000.0,1000.0,2,2,Unfurnished,enterprise,Block Of Flats,Edo State
2bdrm Apartment in Ikate for sale,"Lekki, Ikate",Ikate,Lekki,220000000.0,180.0,2,2,Unfurnished,diamond,Apartment,Lagos Island
3bdrm Bungalow in Kubwa for sale,"Abuja (FCT), Kubwa",Kubwa,Abuja (FCT),80000000.0,500.0,3,3,Semi-Furnished,basic,Bungalow,Abuja (FCT)
"Furnished 3bdrm Bungalow in Omachi Estate, Obio-Akpor for sale","Rivers State, Obio-Akpor",Obio-Akpor,Rivers State,97000000.0,200.0,3,4,Furnished,diamond,Bungalow,Rivers State
4bdrm Duplex in Chevron Lekki for sale,"Lekki, Chevron",Chevron,Lekki,230000000.0,312.0,4,6,Unfurnished,vip,Duplex,Lagos Island
"4bdrm Duplex in Sunshine Garden, Sangotedo for sale","Ajah, Sangotedo",Sangotedo,Ajah,210000000.0,300.0,4,5,Unfurnished,False,Duplex,Lagos Island
3bdrm Bungalow in Dakwo District for sale,"Abuja (FCT), Dakwo District",Dakwo District,Abuja (FCT),120000000.0,500.0,3,3,Unfurnished,vip_gold,Bungalow,Abuja (FCT)
5bdrm Duplex in Chevron for sale,"Lekki, Chevron",Chevron,Lekki,600000000.0,460.0,5,5,Unfurnished,diamond,Duplex,Lagos Island
"3bdrm Duplex in Estate, Ipaja / Ipaja for sale","Ipaja, Ipaja / Ipaja",Ipaja / Ipaja,Ipaja,150000000.0,280.0,3,3,Semi-Furnished,enterprise,Duplex,Lagos Mainland
"4bdrm Duplex in Estate, Obafemi-Owode for sale","Ogun State, Obafemi-Owode",Obafemi-Owode,Ogun State,185000000.0,500.0,4,4,Semi-Furnished,enterprise,Duplex,Ogun State
"5bdrm Duplex in Secured Estate, Magodo Isheri for sale","Ojodu, Magodo Isheri",Magodo Isheri,Ojodu,430000000.0,220.0,5,5,Semi-Furnished,enterprise,Duplex,Lagos Mainland
"5bdrm Duplex in Secured Area, Ifako-Ogba for sale","Ogba, Ifako-Ogba",Ifako-Ogba,Ogba,380000000.0,300.0,5,5,Semi-Furnished,enterprise,Duplex,Lagos Mainland
"4bdrm Duplex in Estate, Magodo for sale","Lagos State, Magodo",Magodo,Lagos State,560000000.0,290.0,4,4,Semi-Furnished,enterprise,Duplex,Lagos Mainland
"2bdrm Duplex in Secured Area, Abule Egba for sale","Lagos State, Abule Egba",Abule Egba,Lagos State,140000000.0,300.0,2,2,Semi-Furnished,enterprise,Duplex,Lagos Mainland
"3bdrm Duplex in Secured Estate, Fagba for sale","Agege, Fagba",Fagba,Agege,175000000.0,180.0,3,3,Semi-Furnished,enterprise,Duplex,Lagos Mainland
"4bdrm Duplex in Secured Area, Ifako-Ogba for sale","Ogba, Ifako-Ogba",Ifako-Ogba,Ogba,240000000.0,250.0,4,4,Semi-Furnished,enterprise,Duplex,Lagos Mainland
"5bdrm Duplex in Secured Estate, Omole Phase 1 for sale","Ikeja, Omole Phase 1",Omole Phase 1,Ikeja,650000000.0,300.0,5,5,Semi-Furnished,enterprise,Duplex,Lagos Mainland
3bdrm Bungalow in Wumba for sale,"Abuja (FCT), Wumba",Wumba,Abuja (FCT),75000000.0,,3,4,Semi-Furnished,enterprise,Bungalow,Abuja (FCT)
"5bdrm House in Max Court Estate, Ado / Ajah for sale","Ajah, Ado / Ajah",Ado / Ajah,Ajah,160000000.0,1000.0,5,5,Unfurnished,diamond,House,Lagos Island
3bdrm Block of Flats in Wuye for sale,"Abuja (FCT), Wuye",Wuye,Abuja (FCT),650000000.0,1000.0,3,3,Semi-Furnished,vip_gold,Block Of Flats,Abuja (FCT)
Furnished 4bdrm Duplex in Maitama Abuja for sale,"Abuja (FCT), Maitama",Maitama,Abuja (FCT),600000000.0,1000.0,4,4,Furnished,vip_gold,Duplex,Abuja (FCT)
3bdrm Block of Flats in Area 1 for sale,"Garki 1, Area 1",Area 1,Garki 1,750000000.0,1000.0,3,3,Semi-Furnished,vip_gold,Block Of Flats,Abuja (FCT)
3bdrm Block of Flats in Apo Abuja for sale,"Abuja (FCT), Apo District",Apo District,Abuja (FCT),850000000.0,2500.0,3,3,Unfurnished,vip_gold,Block Of Flats,Abuja (FCT)
3bdrm Block of Flats in Guzape District for sale,"Abuja (FCT), Guzape District",Guzape District,Abuja (FCT),250000000.0,1000.0,3,7,Semi-Furnished,vip_gold,Block Of Flats,Abuja (FCT)
"4bdrm Duplex in Games Village, Kaura for sale","Abuja (FCT), Kaura",Kaura,Abuja (FCT),1300000000.0,1500.0,4,4,Semi-Furnished,vip_gold,Duplex,Abuja (FCT)
4bdrm Duplex in Gwarinpa Abuja for sale,"Abuja (FCT), Gwarinpa",Gwarinpa,Abuja (FCT),170000000.0,1000.0,4,4,Semi-Furnished,vip_gold,Duplex,Abuja (FCT)
"5bdrm Duplex in Estate, Ikeja GRA for sale","Ikeja, Ikeja GRA",Ikeja GRA,Ikeja,1100000000.0,350.0,5,5,Semi-Furnished,enterprise,Duplex,Lagos Mainland
4bdrm Duplex in Jahi Glimore Abuja for sale,"Abuja (FCT), Jahi",Jahi,Abuja (FCT),250000000.0,1000.0,4,4,Semi-Furnished,vip_gold,Duplex,Abuja (FCT)
6bdrm Duplex in Mabushi Abuja for sale,"Abuja (FCT), Mabushi",Mabushi,Abuja (FCT),650000000.0,1000.0,6,6,Semi-Furnished,vip_gold,Duplex,Abuja (FCT)
5bdrm Duplex in Katampe Extension for sale,"Katampe, Katampe Extension",Katampe Extension,Katampe,650000000.0,600.0,5,5,Semi-Furnished,vip_gold,Duplex,Abuja (FCT)
Furnished 5bdrm Duplex in Mabushi Abuja for sale,"Abuja (FCT), Mabushi",Mabushi,Abuja (FCT),480000000.0,1000.0,5,5,Furnished,vip_gold,Duplex,Abuja (FCT)
3bdrm Apartment in Wuse Zone Abuja for sale,"Abuja (FCT), Wuse",Wuse,Abuja (FCT),800000000.0,1000.0,3,3,Semi-Furnished,vip_gold,Apartment,Abuja (FCT)
4bdrm Duplex in Lugbe Abuja for sale,"Abuja (FCT), Lugbe District",Lugbe District,Abuja (FCT),250000000.0,500.0,4,4,Semi-Furnished,vip_gold,Duplex,Abuja (FCT)
"Functional 5bedrm Duplex,Secured Estate in Guzape for Sale","Abuja (FCT), Guzape District",Guzape District,Abuja (FCT),350000000.0,,5,5,Semi-Furnished,enterprise,Duplex,Abuja (FCT)
4bdrm Duplex in Jabi Abuja for sale,"Abuja (FCT), Jabi",Jabi,Abuja (FCT),300000000.0,500.0,4,4,Semi-Furnished,vip_gold,Duplex,Abuja (FCT)
4bdrm Duplex in Wuye Abuja for sale,"Abuja (FCT), Wuye",Wuye,Abuja (FCT),1000000000.0,1500.0,4,4,Semi-Furnished,vip_gold,Duplex,Abuja (FCT)
5bdrm Duplex in Gudu Abuja for sale,"Abuja (FCT), Gudu",Gudu,Abuja (FCT),380000000.0,1000.0,5,5,Semi-Furnished,vip_gold,Duplex,Abuja (FCT)
6bdrm Duplex in Asokoro Main for sale,"Abuja (FCT), Asokoro",Asokoro,Abuja (FCT),1300000000.0,1100.0,6,6,Semi-Furnished,vip_gold,Duplex,Abuja (FCT)
5bdrm Duplex in Guzape Main for sale,"Abuja (FCT), Guzape District",Guzape District,Abuja (FCT),500000000.0,1000.0,5,5,Semi-Furnished,vip_gold,Duplex,Abuja (FCT)
5bdrm Duplex in Utako Main for sale,"Abuja (FCT), Utako",Utako,Abuja (FCT),1300000000.0,2460.0,5,5,Semi-Furnished,vip_gold,Duplex,Abuja (FCT)
4bdrm Duplex in Kado Abuja for sale,"Abuja (FCT), Kado",Kado,Abuja (FCT),250000000.0,500.0,4,4,Semi-Furnished,vip_gold,Duplex,Abuja (FCT)
2bdrm Duplex in Wuye Abuja for sale,"Abuja (FCT), Wuye",Wuye,Abuja (FCT),700000000.0,1000.0,2,2,Semi-Furnished,vip_gold,Duplex,Abuja (FCT)
4bdrm Duplex in Gwarinpa Abuja for sale,"Abuja (FCT), Gwarinpa",Gwarinpa,Abuja (FCT),500000000.0,500.0,4,4,Semi-Furnished,vip_gold,Duplex,Abuja (FCT)
5bdrm Duplex in Wuye Abuja for sale,"Abuja (FCT), Wuye",Wuye,Abuja (FCT),620000000.0,1000.0,5,5,Semi-Furnished,vip_gold,Duplex,Abuja (FCT)
"9bdrm Duplex in Games Village, Kaura for sale","Abuja (FCT), Kaura",Kaura,Abuja (FCT),650000000.0,1000.0,9,9,Semi-Furnished,vip_gold,Duplex,Abuja (FCT)
"5bdrm Duplex in Estate, Chevron for sale","Lekki, Chevron",Chevron,Lekki,650000000.0,400.0,5,5,Semi-Furnished,enterprise,Duplex,Lagos Island
7bdrm Duplex in Golf Annex Enugu for sale,"Enugu State, Enugu",Enugu,Enugu State,260000000.0,700.0,7,7,Semi-Furnished,diamond,Duplex,Enugu State
3bdrm Block of Flats in Wuse2 Abuja for sale,"Abuja (FCT), Wuse 2",Wuse 2,Abuja (FCT),1300000000.0,1000.0,3,3,Semi-Furnished,vip_gold,Block Of Flats,Abuja (FCT)
3bdrm Apartment in Wuse2 Abuja for sale,"Abuja (FCT), Wuse 2",Wuse 2,Abuja (FCT),2000000000.0,1300.0,3,3,Semi-Furnished,vip_gold,Apartment,Abuja (FCT)
4bdrm Duplex in Katampe Extension for sale,"Abuja (FCT), Katampe",Katampe,Abuja (FCT),400000000.0,1000.0,4,4,Semi-Furnished,vip_gold,Duplex,Abuja (FCT)
5bdrm Duplex in Maitama Abuja for sale,"Abuja (FCT), Maitama",Maitama,Abuja (FCT),1000000000.0,500.0,5,5,Semi-Furnished,vip_gold,Duplex,Abuja (FCT)
"4bdrm Duplex in Estate, Oko-Oba for sale","Agege, Oko-Oba",Oko-Oba,Agege,380000000.0,300.0,4,4,Semi-Furnished,enterprise,Duplex,Lagos Mainland
5bdrm Duplex in Jahi Abuja for sale,"Abuja (FCT), Jahi",Jahi,Abuja (FCT),270000000.0,500.0,5,5,Semi-Furnished,vip_gold,Duplex,Abuja (FCT)
4bdrm Duplex in Apo Abuja for sale,"Abuja (FCT), Apo District",Apo District,Abuja (FCT),230000000.0,500.0,4,4,Semi-Furnished,vip_gold,Duplex,Abuja (FCT)
4bdrm Duplex in Dape for sale,"Gwarinpa, Dape",Dape,Gwarinpa,460000000.0,920.0,4,5,Unfurnished,enterprise,Duplex,Abuja (FCT)
4bdrm Duplex in Maitama Abuja for sale,"Abuja (FCT), Maitama",Maitama,Abuja (FCT),550000000.0,1000.0,4,4,Semi-Furnished,vip_gold,Duplex,Abuja (FCT)
4bdrm Duplex in Wuse2 Abuja for sale,"Abuja (FCT), Wuse 2",Wuse 2,Abuja (FCT),450000000.0,1000.0,4,4,Semi-Furnished,vip_gold,Duplex,Abuja (FCT)
4bdrm Duplex in Galadimawa District for sale,"Abuja (FCT), Galadimawa",Galadimawa,Abuja (FCT),750000000.0,1000.0,4,4,Semi-Furnished,vip_gold,Duplex,Abuja (FCT)
2bdrm Apartment in Area 1 Abuja for sale,"Garki 1, Area 1",Area 1,Garki 1,900000000.0,1000.0,2,2,Semi-Furnished,vip_gold,Apartment,Abuja (FCT)
4bdrm Duplex in Asokoro Abuja for sale,"Abuja (FCT), Asokoro",Asokoro,Abuja (FCT),700000000.0,700.0,4,4,Semi-Furnished,vip_gold,Duplex,Abuja (FCT)
5bdrm Duplex in Guzape District for sale,"Abuja (FCT), Guzape District",Guzape District,Abuja (FCT),680000000.0,1000.0,5,5,Semi-Furnished,vip_gold,Duplex,Abuja (FCT)
"Furnished 3bdrm Block of Flats in Secured Estate, Adeniyi Jones","Ikeja, Adeniyi Jones",Adeniyi Jones,Ikeja,280000000.0,600.0,3,3,Furnished,enterprise,Block Of Flats,Lagos Mainland
"4bdrm Duplex in Secured Area, Oko-Oba for sale","Agege, Oko-Oba",Oko-Oba,Agege,299000000.0,280.0,4,4,Semi-Furnished,enterprise,Duplex,Lagos Mainland
4bdrm Duplex in Apo Abuja for sale,"Abuja (FCT), Apo District",Apo District,Abuja (FCT),125000000.0,500.0,4,4,Semi-Furnished,vip_gold,Duplex,Abuja (FCT)
3bdrm Apartment in Wuye Abuja for sale,"Abuja (FCT), Wuye",Wuye,Abuja (FCT),145000000.0,1000.0,3,3,Semi-Furnished,vip_gold,Apartment,Abuja (FCT)
"5bdrm Duplex in Mabushi Abuja, Wuye for sale","Abuja (FCT), Wuye",Wuye,Abuja (FCT),270000000.0,1000.0,5,5,Semi-Furnished,vip_gold,Duplex,Abuja (FCT)
4bdrm Duplex in Mabushi Abuja for sale,"Abuja (FCT), Mabushi",Mabushi,Abuja (FCT),350000000.0,1000.0,4,4,Semi-Furnished,vip_gold,Duplex,Abuja (FCT)
4bdrm Duplex in Uzoba for sale,"Port-Harcourt, Uzoba",Uzoba,Port-Harcourt,250000000.0,700.0,4,4,Semi-Furnished,enterprise,Duplex,Rivers State
6bdrm Duplex in Trans Amadi for sale,"Port-Harcourt, Trans Amadi",Trans Amadi,Port-Harcourt,250000000.0,465.0,6,8,Semi-Furnished,enterprise,Duplex,Rivers State
3bdrm Apartment in Wuye Abuja for sale,"Abuja (FCT), Wuye",Wuye,Abuja (FCT),160000000.0,1000.0,3,3,Semi-Furnished,vip_gold,Apartment,Abuja (FCT)
3bdrm Block of Flats in Utako Abuja for sale,"Abuja (FCT), Utako",Utako,Abuja (FCT),900000000.0,1000.0,3,3,Semi-Furnished,vip_gold,Block Of Flats,Abuja (FCT)
3bdrm Block of Flats in Jahi Abuja for sale,"Abuja (FCT), Jahi",Jahi,Abuja (FCT),150000000.0,1000.0,3,3,Semi-Furnished,vip_gold,Block Of Flats,Abuja (FCT)
5bdrm Duplex in Guzape District for sale,"Abuja (FCT), Guzape District",Guzape District,Abuja (FCT),600000000.0,1000.0,5,5,Semi-Furnished,vip_gold,Duplex,Abuja (FCT)
5bdrm Duplex in Life Camp Abuja for sale,"Gwarinpa, Life Camp",Life Camp,Gwarinpa,1400000000.0,1250.0,5,5,Semi-Furnished,vip_gold,Duplex,Abuja (FCT)
4bdrm Duplex in Guzape District for sale,"Abuja (FCT), Guzape District",Guzape District,Abuja (FCT),1500000000.0,2145.0,4,4,Semi-Furnished,vip_gold,Duplex,Abuja (FCT)
3bdrm Apartment in Asokoro Main for sale,"Abuja (FCT), Asokoro",Asokoro,Abuja (FCT),1600000000.0,1572.0,3,3,Semi-Furnished,vip_gold,Apartment,Abuja (FCT)
"3bdrm Block of Flats in Sunnyvale Estate, Lokogoma for sale","Abuja (FCT), Lokogoma",Lokogoma,Abuja (FCT),70000000.0,1000.0,3,3,Semi-Furnished,vip_gold,Block Of Flats,Abuja (FCT)
4bdrm Duplex in Jabi Abuja for sale,"Abuja (FCT), Jabi",Jabi,Abuja (FCT),1000000000.0,1500.0,4,4,Semi-Furnished,vip_gold,Duplex,Abuja (FCT)
11bdrm Duplex in Guzape District for sale,"Abuja (FCT), Guzape District",Guzape District,Abuja (FCT),1500000000.0,1500.0,11,11,Semi-Furnished,vip_gold,Duplex,Abuja (FCT)
Furnished 3bdrm Bungalow in Galadimawa Sunnyvale for sale,"Abuja (FCT), Galadimawa",Galadimawa,Abuja (FCT),120000000.0,1000.0,3,3,Furnished,vip_gold,Bungalow,Abuja (FCT)
5bdrm Duplex in Gwarinpa Abuja for sale,"Abuja (FCT), Gwarinpa",Gwarinpa,Abuja (FCT),350000000.0,1000.0,5,5,Semi-Furnished,vip_gold,Duplex,Abuja (FCT)
3bdrm Bungalow in Gaduwa Abuja for sale,"Abuja (FCT), Gaduwa",Gaduwa,Abuja (FCT),150000000.0,1000.0,3,3,Semi-Furnished,vip_gold,Bungalow,Abuja (FCT)
3bdrm Duplex in Life Camp Abuja for sale,"Gwarinpa, Life Camp",Life Camp,Gwarinpa,300000000.0,1000.0,3,3,Semi-Furnished,vip_gold,Duplex,Abuja (FCT)
"5bdrm Duplex in Secured Area, Lekki Phase 1 for sale","Lekki, Lekki Phase 1",Lekki Phase 1,Lekki,1300000000.0,350.0,5,5,Semi-Furnished,enterprise,Duplex,Lagos Island
"5bdrm Duplex in Estate, Ojodu for sale","Lagos State, Ojodu",Ojodu,Lagos State,390000000.0,350.0,5,5,Semi-Furnished,enterprise,Duplex,Lagos Mainland
4bdrm Duplex in Maitama District for sale,"Abuja (FCT), Maitama",Maitama,Abuja (FCT),1700000000.0,1100.0,4,4,Semi-Furnished,vip_gold,Duplex,Abuja (FCT)
8bdrm Bungalow in Kado Abuja for sale,"Abuja (FCT), Kado",Kado,Abuja (FCT),600000000.0,1600.0,8,8,Semi-Furnished,vip_gold,Bungalow,Abuja (FCT)
4bdrm Duplex in Kaura Abuja for sale,"Abuja (FCT), Kaura",Kaura,Abuja (FCT),1700000000.0,3000.0,4,4,Semi-Furnished,vip_gold,Duplex,Abuja (FCT)
5bdrm Duplex in Wuse2 Abuja for sale,"Abuja (FCT), Wuse 2",Wuse 2,Abuja (FCT),1800000000.0,1000.0,5,5,Semi-Furnished,vip_gold,Duplex,Abuja (FCT)
5bdrm Duplex in Jahi for sale,"Abuja (FCT), Jahi",Jahi,Abuja (FCT),200000000.0,1000.0,5,5,Unfurnished,enterprise,Duplex,Abuja (FCT)
3bdrm Bungalow in Dawaki Abuja for sale,"Gwarinpa, Dawaki",Dawaki,Gwarinpa,100000000.0,1000.0,3,3,Semi-Furnished,vip_gold,Bungalow,Abuja (FCT)
"4bdrm Penthouse in Lokogoma Abuja, Dawaki for sale","Gwarinpa, Dawaki",Dawaki,Gwarinpa,120000000.0,500.0,4,4,Semi-Furnished,vip_gold,Penthouse,Abuja (FCT)
3bdrm Block of Flats in Galadimawa Abuja for sale,"Abuja (FCT), Galadimawa",Galadimawa,Abuja (FCT),90000000.0,1000.0,3,3,Semi-Furnished,vip_gold,Block Of Flats,Abuja (FCT)
5bdrm Duplex in Guzape District for sale,"Abuja (FCT), Guzape District",Guzape District,Abuja (FCT),1200000000.0,1000.0,5,5,Semi-Furnished,vip_gold,Duplex,Abuja (FCT)
Furnished 4bdrm Duplex in Iife Camp Abuja for sale,"Gwarinpa, Life Camp",Life Camp,Gwarinpa,210000000.0,800.0,4,4,Furnished,vip_gold,Duplex,Abuja (FCT)
4bdrm Duplex in Life Camp Abuja for sale,"Gwarinpa, Life Camp",Life Camp,Gwarinpa,350000000.0,1000.0,4,4,Semi-Furnished,vip_gold,Duplex,Abuja (FCT)
"6bdrm Duplex in Estate, Magodo Isheri for sale","Ojodu, Magodo Isheri",Magodo Isheri,Ojodu,220000000.0,700.0,6,6,Semi-Furnished,enterprise,Duplex,Lagos Mainland
"4bdrm Duplex in Secured Area, Fagba for sale","Agege, Fagba",Fagba,Agege,280000000.0,270.0,4,4,Semi-Furnished,enterprise,Duplex,Lagos Mainland
"3bdrm Duplex in Secured Area, Fagba for sale","Agege, Fagba",Fagba,Agege,180000000.0,250.0,3,3,Semi-Furnished,enterprise,Duplex,Lagos Mainland
6bdrm Mansion in Guzape District for sale,"Abuja (FCT), Guzape District",Guzape District,Abuja (FCT),1500000000.0,1200.0,6,6,Semi-Furnished,vip_gold,Mansion,Abuja (FCT)
Furnished 5bdrm Duplex in Katampe Extension for sale,"Katampe, Katampe Extension",Katampe Extension,Katampe,1500000000.0,1200.0,5,5,Furnished,vip_gold,Duplex,Abuja (FCT)
5bdrm Duplex in Guzape District for sale,"Abuja (FCT), Guzape District",Guzape District,Abuja (FCT),350000000.0,800.0,5,5,Semi-Furnished,vip_gold,Duplex,Abuja (FCT)
2bdrm Block of Flats in Obio-Akpor for sale,"Rivers State, Obio-Akpor",Obio-Akpor,Rivers State,550000000.0,4200.0,2,3,Unfurnished,enterprise,Block Of Flats,Rivers State
6bdrm Duplex in Asokoro Abuja for sale,"Abuja (FCT), Asokoro",Asokoro,Abuja (FCT),1800000000.0,1500.0,6,6,Semi-Furnished,vip_gold,Duplex,Abuja (FCT)
5bdrm Duplex in Dawaki News for sale,"Gwarinpa, Dawaki",Dawaki,Gwarinpa,80000000.0,500.0,5,5,Unfurnished,enterprise,Duplex,Abuja (FCT)
5bdrm Duplex in Mabushi Abuja for sale,"Abuja (FCT), Mabushi",Mabushi,Abuja (FCT),700000000.0,1000.0,5,5,Semi-Furnished,vip_gold,Duplex,Abuja (FCT)
7bdrm Duplex in Guzape District for sale,"Abuja (FCT), Guzape District",Guzape District,Abuja (FCT),1500000000.0,1000.0,7,7,Semi-Furnished,vip_gold,Duplex,Abuja (FCT)
7bdrm Duplex in Asokoro Abuja for sale,"Abuja (FCT), Asokoro",Asokoro,Abuja (FCT),2000000000.0,1000.0,7,7,Semi-Furnished,vip_gold,Duplex,Abuja (FCT)
4bdrm Duplex in Galadimawa Abuja for sale,"Abuja (FCT), Galadimawa",Galadimawa,Abuja (FCT),155000000.0,1000.0,4,4,Semi-Furnished,vip_gold,Duplex,Abuja (FCT)
3bdrm Bungalow in Lokogoma Abuja for sale,"Abuja (FCT), Lokogoma",Lokogoma,Abuja (FCT),100000000.0,800.0,3,3,Semi-Furnished,vip_gold,Bungalow,Abuja (FCT)
3bdrm Duplex in Katampe Main Abuja for sale,"Katampe, Katampe (Main)",Katampe (Main),Katampe,130000000.0,1000.0,3,3,Semi-Furnished,vip_gold,Duplex,Abuja (FCT)
4bdrm Duplex in Life Camp Abuja for sale,"Gwarinpa, Life Camp",Life Camp,Gwarinpa,300000000.0,1000.0,4,4,Semi-Furnished,vip_gold,Duplex,Abuja (FCT)
5bdrm Duplex in Life Camp Abuja for sale,"Gwarinpa, Life Camp",Life Camp,Gwarinpa,350000000.0,1000.0,5,5,Semi-Furnished,vip_gold,Duplex,Abuja (FCT)
4bdrm Duplex in Lugbe Abuja for sale,"Abuja (FCT), Lugbe District",Lugbe District,Abuja (FCT),140000000.0,450.0,4,4,Semi-Furnished,vip_gold,Duplex,Abuja (FCT)
2bdrm Block of Flats in Mabushi Abuja for sale,"Abuja (FCT), Mabushi",Mabushi,Abuja (FCT),500000000.0,885.0,2,2,Semi-Furnished,vip_gold,Block Of Flats,Abuja (FCT)
6bdrm Duplex in Mabushi Abuja for sale,"Abuja (FCT), Mabushi",Mabushi,Abuja (FCT),520000000.0,1000.0,6,6,Semi-Furnished,vip_gold,Duplex,Abuja (FCT)
4bdrm Duplex in Guzape Main for sale,"Abuja (FCT), Guzape District",Guzape District,Abuja (FCT),1800000000.0,1600.0,4,4,Semi-Furnished,vip_gold,Duplex,Abuja (FCT)
5bdrm Duplex in Jabi Abuja for sale,"Abuja (FCT), Jabi",Jabi,Abuja (FCT),650000000.0,1187.0,5,5,Semi-Furnished,vip_gold,Duplex,Abuja (FCT)
"5bdrm Duplex in Secured Estate, Oko-Oba for sale","Agege, Oko-Oba",Oko-Oba,Agege,380000000.0,300.0,5,5,Semi-Furnished,enterprise,Duplex,Lagos Mainland
"4bdrm Duplex in Golf Annex, Enugu for sale","Enugu State, Enugu",Enugu,Enugu State,125000000.0,500.0,4,4,Semi-Furnished,diamond,Duplex,Enugu State
3bdrm Apartment in Asokoro Abuja for sale,"Abuja (FCT), Asokoro",Asokoro,Abuja (FCT),1600000000.0,1570.0,3,3,Semi-Furnished,vip_gold,Apartment,Abuja (FCT)
4bdrm Duplex in Mabushi Abuja for sale,"Abuja (FCT), Mabushi",Mabushi,Abuja (FCT),300000000.0,1000.0,4,4,Semi-Furnished,vip_gold,Duplex,Abuja (FCT)
Furnished 3bdrm Duplex in Wuye Abuja for sale,"Abuja (FCT), Wuye",Wuye,Abuja (FCT),160000000.0,1000.0,3,3,Furnished,vip_gold,Duplex,Abuja (FCT)
"4bdrm Duplex in Jabi Abuja, Wuye for sale","Abuja (FCT), Wuye",Wuye,Abuja (FCT),1700000000.0,1400.0,4,4,Semi-Furnished,vip_gold,Duplex,Abuja (FCT)
6bdrm Duplex in Jabi Abuja for sale,"Abuja (FCT), Jabi",Jabi,Abuja (FCT),900000000.0,1000.0,6,6,Semi-Furnished,vip_gold,Duplex,Abuja (FCT)
6bdrm Maisonette in Navy Estate Karshi for Sale,"Abuja (FCT), Karshi",Karshi,Abuja (FCT),150000000.0,1400.0,6,5,Semi-Furnished,enterprise,Maisonette,Abuja (FCT)
3bdrm Bungalow in Dakwo District Abuja for sale,"Abuja (FCT), Dakwo District",Dakwo District,Abuja (FCT),180000000.0,1000.0,3,3,Semi-Furnished,vip_gold,Bungalow,Abuja (FCT)
3bdrm Bungalow in Dakwo District Abuja for sale,"Abuja (FCT), Dakwo District",Dakwo District,Abuja (FCT),165000000.0,1000.0,3,3,Semi-Furnished,vip_gold,Bungalow,Abuja (FCT)
"4bdrm Duplex in New Road, Eneka for sale","Port-Harcourt, Eneka",Eneka,Port-Harcourt,200000000.0,465.0,4,4,Semi-Furnished,premium,Duplex,Rivers State
5bdrm Duplex in Jahi Abuja for sale,"Abuja (FCT), Jahi",Jahi,Abuja (FCT),450000000.0,1000.0,5,5,Semi-Furnished,vip_gold,Duplex,Abuja (FCT)
4bdrm Duplex in Maitama Abuja for sale,"Abuja (FCT), Maitama",Maitama,Abuja (FCT),1000000000.0,1000.0,4,4,Semi-Furnished,vip_gold,Duplex,Abuja (FCT)
4bdrm Duplex in Wuye Abuja for sale,"Abuja (FCT), Wuye",Wuye,Abuja (FCT),330000000.0,1000.0,4,4,Semi-Furnished,vip_gold,Duplex,Abuja (FCT)
4bdrm Duplex in Wuye 2 Abuja for sale,"Abuja (FCT), Wuye",Wuye,Abuja (FCT),800000000.0,1000.0,4,4,Semi-Furnished,vip_gold,Duplex,Abuja (FCT)
2bdrm Block of Flats in Jahi Abuja for sale,"Abuja (FCT), Jahi",Jahi,Abuja (FCT),100000000.0,1000.0,2,2,Semi-Furnished,vip_gold,Block Of Flats,Abuja (FCT)
4bdrm Duplex in Life Camp Abuja for sale,"Gwarinpa, Life Camp",Life Camp,Gwarinpa,1200000000.0,1000.0,4,4,Semi-Furnished,vip_gold,Duplex,Abuja (FCT)
4bdrm Duplex in Gwarinpa Abuja for sale,"Abuja (FCT), Gwarinpa",Gwarinpa,Abuja (FCT),480000000.0,900.0,4,4,Semi-Furnished,vip_gold,Duplex,Abuja (FCT)
4bdrm Duplex in Life Camp Abuja for sale,"Gwarinpa, Life Camp",Life Camp,Gwarinpa,270000000.0,1000.0,4,4,Semi-Furnished,vip_gold,Duplex,Abuja (FCT)
5bdrm Duplex in Wuye Abuja for sale,"Abuja (FCT), Wuye",Wuye,Abuja (FCT),1000000000.0,900.0,5,5,Semi-Furnished,vip_gold,Duplex,Abuja (FCT)
6bdrm Duplex in Asokoro Abuja for sale,"Abuja (FCT), Asokoro",Asokoro,Abuja (FCT),1300000000.0,1136.0,6,6,Semi-Furnished,vip_gold,Duplex,Abuja (FCT)
6bdrm Duplex in Wuse Abuja for sale,"Abuja (FCT), Wuse",Wuse,Abuja (FCT),1900000000.0,900.0,6,6,Semi-Furnished,vip_gold,Duplex,Abuja (FCT)
"4bdrm Duplex in Secured Area, Aguda / Ogba for sale","Ogba, Aguda / Ogba",Aguda / Ogba,Ogba,285000000.0,280.0,4,4,Semi-Furnished,enterprise,Duplex,Lagos Mainland
"3bdrm Block of Flats in Secured Area, Lekki Phase 1 for sale","Lekki, Lekki Phase 1",Lekki Phase 1,Lekki,1200000000.0,550.0,3,3,Semi-Furnished,enterprise,Block Of Flats,Lagos Island
"4bdrm Duplex in Secured Area, Anthony Village for sale","Maryland, Anthony Village",Anthony Village,Maryland,400000000.0,280.0,4,4,Semi-Furnished,enterprise,Duplex,Lagos Mainland
5bdrm Duplex in Apo Abuja for sale,"Abuja (FCT), Apo District",Apo District,Abuja (FCT),800000000.0,1000.0,5,5,Semi-Furnished,vip_gold,Duplex,Abuja (FCT)
4bdrm Duplex in Maitama Abuja for sale,"Abuja (FCT), Maitama",Maitama,Abuja (FCT),700000000.0,1000.0,4,4,Semi-Furnished,vip_gold,Duplex,Abuja (FCT)
"2bdrm Block of Flats in Lokogoma Abuja, Maitama for sale","Abuja (FCT), Maitama",Maitama,Abuja (FCT),380000000.0,1000.0,2,2,Semi-Furnished,vip_gold,Block Of Flats,Abuja (FCT)
5bdrm Duplex in Guzape District for sale,"Abuja (FCT), Guzape District",Guzape District,Abuja (FCT),500000000.0,1000.0,5,5,Semi-Furnished,vip_gold,Duplex,Abuja (FCT)
3bdrm Block of Flats in Durumi Abuja for sale,"Abuja (FCT), Durumi",Durumi,Abuja (FCT),90000000.0,1000.0,3,3,Semi-Furnished,vip_gold,Block Of Flats,Abuja (FCT)
5bdrm Duplex in Lokogoma Abuja for sale,"Abuja (FCT), Lokogoma",Lokogoma,Abuja (FCT),360000000.0,1000.0,5,5,Semi-Furnished,vip_gold,Duplex,Abuja (FCT)
4bdrm Duplex in Jahi Abuja for sale,"Abuja (FCT), Jahi",Jahi,Abuja (FCT),280000000.0,1000.0,4,4,Semi-Furnished,vip_gold,Duplex,Abuja (FCT)
2bdrm Block of Flats in Maitama Abuja for sale,"Abuja (FCT), Maitama",Maitama,Abuja (FCT),180000000.0,1000.0,2,2,Semi-Furnished,vip_gold,Block Of Flats,Abuja (FCT)
6bdrm Duplex in Garki Abuja for sale,"Jigawa State, Garki",Garki,Jigawa State,1000000000.0,1000.0,6,6,Semi-Furnished,vip_gold,Duplex,Abuja (FCT)
6bdrm Duplex in Jabi Abuja for sale,"Abuja (FCT), Jabi",Jabi,Abuja (FCT),320000000.0,1000.0,6,6,Semi-Furnished,vip_gold,Duplex,Abuja (FCT)
5bdrm Duplex in Apo Abuja for sale,"Abuja (FCT), Apo District",Apo District,Abuja (FCT),600000000.0,1000.0,5,5,Semi-Furnished,vip_gold,Duplex,Abuja (FCT)
"4bdrm Duplex in Estate, Adeniyi Jones for sale","Ikeja, Adeniyi Jones",Adeniyi Jones,Ikeja,480000000.0,300.0,4,4,Semi-Furnished,enterprise,Duplex,Lagos Mainland
4bdrm Duplex in Rumuahalu for sale,"Port-Harcourt, Rumuahalu",Rumuahalu,Port-Harcourt,210000000.0,245.0,4,4,Semi-Furnished,enterprise,Duplex,Rivers State
4bdrm Duplex in Kado for sale,"Abuja (FCT), Kado",Kado,Abuja (FCT),230000000.0,1900.0,4,4,Semi-Furnished,enterprise,Duplex,Abuja (FCT)
"5bdrm Duplex in Mini Estate, Katampe Extension for sale","Katampe, Katampe Extension",Katampe Extension,Katampe,250000000.0,1000.0,5,5,Semi-Furnished,enterprise,Duplex,Abuja (FCT)
"14bdrm Block of Flats in White House, Okokomaiko for sale","Ojo, Okokomaiko",Okokomaiko,Ojo,114000000.0,500.0,14,14,Semi-Furnished,diamond,Block Of Flats,Lagos Mainland
"5bdrm Duplex in Secured Estate, Omole Phase 2 for sale","Ikeja, Omole Phase 2",Omole Phase 2,Ikeja,650000000.0,300.0,5,5,Semi-Furnished,enterprise,Duplex,Lagos Mainland
5bdrm Bungalow in Obio-Akpor for sale,"Rivers State, Obio-Akpor",Obio-Akpor,Rivers State,130000000.0,500.0,5,5,Semi-Furnished,enterprise,Bungalow,Rivers State
"3bdrm Block of Flats in Secured Area, Allen Avenue for sale","Ikeja, Allen Avenue",Allen Avenue,Ikeja,260000000.0,900.0,3,3,Semi-Furnished,enterprise,Block Of Flats,Lagos Mainland
"5bdrm Duplex in Secured Estate, Omole Phase 2 for sale","Ikeja, Omole Phase 2",Omole Phase 2,Ikeja,700000000.0,300.0,5,5,Semi-Furnished,enterprise,Duplex,Lagos Mainland
3bdrm Block of Flats in Jahi By Gilmor for sale,"Abuja (FCT), Jahi",Jahi,Abuja (FCT),620000000.0,1000.0,3,3,Unfurnished,enterprise,Block Of Flats,Abuja (FCT)
Furnished 3bdrm Bungalow in Gudu for sale,"Abuja (FCT), Gudu",Gudu,Abuja (FCT),280000000.0,700.0,3,3,Furnished,enterprise,Bungalow,Abuja (FCT)
"4bdrm Duplex in Estate, Abule Egba for sale","Lagos State, Abule Egba",Abule Egba,Lagos State,265000000.0,450.0,4,4,Semi-Furnished,enterprise,Duplex,Lagos Mainland
"3bdrm Block of Flats in Secured Area, Allen Avenue for sale","Ikeja, Allen Avenue",Allen Avenue,Ikeja,500000000.0,460.0,3,3,Semi-Furnished,enterprise,Block Of Flats,Lagos Mainland
"4bdrm Duplex in Secured Estate, Omole Phase 1 for sale","Ikeja, Omole Phase 1",Omole Phase 1,Ikeja,670000000.0,300.0,4,4,Semi-Furnished,enterprise,Duplex,Lagos Mainland
5bdrm Bungalow in Benin City for sale,"Edo State, Benin City",Benin City,Edo State,120000000.0,900.0,5,5,Semi-Furnished,diamond,Bungalow,Edo State
"4bdrm Duplex in Secured Estate, Adeniyi Jones for sale","Ikeja, Adeniyi Jones",Adeniyi Jones,Ikeja,680000000.0,350.0,4,4,Semi-Furnished,enterprise,Duplex,Lagos Mainland
"4bdrm Duplex in Estate, Maryland for sale","Lagos State, Maryland",Maryland,Lagos State,600000000.0,300.0,4,4,Semi-Furnished,enterprise,Duplex,Lagos Mainland
3bdrm Apartment in Jahi Gilmor for sale,"Abuja (FCT), Jahi",Jahi,Abuja (FCT),140000000.0,1500.0,3,4,Semi-Furnished,enterprise,Apartment,Abuja (FCT)
"3bdrm Bungalow in Secured Area, Oke-Afa for sale","Isolo, Oke-Afa",Oke-Afa,Isolo,80000000.0,300.0,3,3,Semi-Furnished,enterprise,Bungalow,Lagos Mainland
"Furnished Mini Flat in Langgate Home, Ajah for sale","Lagos State, Ajah",Ajah,Lagos State,130000000.0,600.0,3,3,Furnished,diamond,Unknown,Lagos Island
"8bdrm Block of Flats in Infant Jesus Asaba, Oshimili South for sale","Delta State, Oshimili South",Oshimili South,Delta State,250000000.0,500.0,8,8,Unfurnished,diamond,Block Of Flats,Delta State
"4bdrm Duplex in Estate, Adeniyi Jones for sale","Ikeja, Adeniyi Jones",Adeniyi Jones,Ikeja,360000000.0,290.0,4,4,Semi-Furnished,enterprise,Duplex,Lagos Mainland
"4bdrm Duplex in Secured Estate, Alakuko for sale","Ifako-Ijaiye, Alakuko",Alakuko,Ifako-Ijaiye,270000000.0,280.0,4,4,Semi-Furnished,enterprise,Duplex,Lagos Mainland
2bdrm Block of Flats in Private Estate for sale,"Ikotun/Igando, Ikotun / Ikotun/Igando",Ikotun / Ikotun/Igando,Ikotun/Igando,145000000.0,892.0,2,2,Semi-Furnished,diamond,Block Of Flats,Lagos Mainland
"2bdrm Block of Flats in Cpc Community, Dawaki for sale","Gwarinpa, Dawaki",Dawaki,Gwarinpa,350000000.0,550.0,2,2,Semi-Furnished,enterprise,Block Of Flats,Abuja (FCT)
"5bdrm Duplex in Estate, Ikate for sale","Lekki, Ikate",Ikate,Lekki,1200000000.0,500.0,5,5,Semi-Furnished,enterprise,Duplex,Lagos Island
"5bdrm Duplex in Secured Estate, Adeniyi Jones for sale","Ikeja, Adeniyi Jones",Adeniyi Jones,Ikeja,550000000.0,350.0,5,5,Semi-Furnished,enterprise,Duplex,Lagos Mainland
"Furnished 4bdrm Duplex in Estate, Abule Egba for sale","Lagos State, Abule Egba",Abule Egba,Lagos State,175000000.0,250.0,4,4,Furnished,enterprise,Duplex,Lagos Mainland
"4bdrm Duplex in Secured Estate, Adeniyi Jones for sale","Ikeja, Adeniyi Jones",Adeniyi Jones,Ikeja,430000000.0,290.0,4,4,Semi-Furnished,enterprise,Duplex,Lagos Mainland
"5bdrm Duplex in Secured Estate, Magodo Isheri for sale","Ojodu, Magodo Isheri",Magodo Isheri,Ojodu,400000000.0,300.0,5,5,Semi-Furnished,enterprise,Duplex,Lagos Mainland
4bdrm Duplex in Golf Estate Enugu for sale,Enugu State,Enugu State,,160000000.0,500.0,4,4,Semi-Furnished,diamond,Duplex,Enugu State
2bdrm Block of Flats in Obio-Akpor for sale,"Rivers State, Obio-Akpor",Obio-Akpor,Rivers State,210000000.0,1630.0,2,2,Unfurnished,enterprise,Block Of Flats,Rivers State
3bdrm Block of Flats in Benin City for sale,"Edo State, Benin City",Benin City,Edo State,120000000.0,900.0,3,3,Unfurnished,diamond,Block Of Flats,Edo State
"2bdrm Block of Flats in Secured Area, Gbagada for sale","Lagos State, Gbagada",Gbagada,Lagos State,80000000.0,600.0,2,2,Semi-Furnished,enterprise,Block Of Flats,Lagos Mainland
"5bdrm Duplex in Secured Estate, Ogudu GRA for sale","Ogudu, Ogudu GRA",Ogudu GRA,Ogudu,600000000.0,300.0,5,5,Semi-Furnished,enterprise,Duplex,Lagos Mainland
"4bdrm Bungalow in Free Solar Power, Elerangbe for sale","Ibeju, Elerangbe",Elerangbe,Ibeju,85000000.0,300.0,4,4,Unfurnished,diamond,Bungalow,Lagos Island
"4bdrm Duplex in Ogufayo, Lakowe for sale","Ibeju, Lakowe",Lakowe,Ibeju,115000000.0,1000.0,4,4,Unfurnished,diamond,Duplex,Lagos Island
"5bdrm Bungalow in Unique Estate, Baruwa for sale","Ipaja, Baruwa",Baruwa,Ipaja,135000000.0,600.0,5,4,Unfurnished,diamond,Bungalow,Lagos Mainland
Furnished 6bdrm Duplex in Garki Area 8 for sale,"Garki 1, Area 8",Area 8,Garki 1,1000000000.0,1000.0,6,6,Furnished,vip_gold,Duplex,Abuja (FCT)
Furnished 4bdrm Duplex in Rumuahalu for sale,"Port-Harcourt, Rumuahalu",Rumuahalu,Port-Harcourt,100000000.0,465.0,4,4,Furnished,enterprise,Duplex,Rivers State
4bdrm Bungalow in Rumuahalu for sale,"Port-Harcourt, Rumuahalu",Rumuahalu,Port-Harcourt,90000000.0,230.0,4,4,Semi-Furnished,enterprise,Bungalow,Rivers State
"4bdrm Maisonette in Secured Area, Banana Island for sale","Ikoyi, Banana Island",Banana Island,Ikoyi,1700000000.0,1200.0,4,4,Semi-Furnished,enterprise,Maisonette,Lagos Island
"Furnished 5bdrm Duplex in Secured Area, Magodo Isheri for sale","Ojodu, Magodo Isheri",Magodo Isheri,Ojodu,600000000.0,400.0,5,5,Furnished,enterprise,Duplex,Lagos Mainland
"5bdrm Duplex in Secured Estate, Ogudu GRA for sale","Ogudu, Ogudu GRA",Ogudu GRA,Ogudu,700000000.0,350.0,5,5,Semi-Furnished,enterprise,Duplex,Lagos Mainland
4bdrm Duplex in Galadimawa for sale,"Abuja (FCT), Galadimawa",Galadimawa,Abuja (FCT),350000000.0,500.0,4,4,Unfurnished,enterprise,Duplex,Abuja (FCT)
2bdrm Apartment in Lekki Chevron Toll for sale,"Lekki, Chevron",Chevron,Lekki,95000000.0,1000.0,2,2,Semi-Furnished,enterprise,Apartment,Lagos Island
Furnished 3bdrm House in Ado / Ajah for sale,"Ajah, Ado / Ajah",Ado / Ajah,Ajah,150000000.0,500.0,3,3,Furnished,diamond,House,Lagos Island
5bdrm Duplex in Secured Estate for sale,"Isolo, Ajao Estate",Ajao Estate,Isolo,260000000.0,290.0,5,5,Semi-Furnished,enterprise,Duplex,Lagos Mainland
"4bdrm Maisonette in Secured Area, Old Ikoyi for sale","Ikoyi, Old Ikoyi",Old Ikoyi,Ikoyi,1700000000.0,700.0,4,4,Semi-Furnished,enterprise,Maisonette,Lagos Island
"5bdrm Duplex in Secured Estate, GRA Phase 1 for sale","Magodo, GRA Phase 1",GRA Phase 1,Magodo,580000000.0,450.0,5,5,Semi-Furnished,enterprise,Duplex,Lagos Mainland
4bdrm Duplex in Thinkers Corner for sale,"Enugu State, Enugu",Enugu,Enugu State,130000000.0,400.0,4,4,Unfurnished,diamond,Duplex,Enugu State
"5bdrm Duplex in Secured Estate, Omole Phase 2 for sale","Ikeja, Omole Phase 2",Omole Phase 2,Ikeja,750000000.0,350.0,5,5,Semi-Furnished,enterprise,Duplex,Lagos Mainland
"4bdrm Duplex in Secured Estate, Adeniyi Jones for sale","Ikeja, Adeniyi Jones",Adeniyi Jones,Ikeja,370000000.0,250.0,4,4,Semi-Furnished,enterprise,Duplex,Lagos Mainland
5bdrm Duplex in Centenary City Enugu for sale,"Enugu State, Enugu",Enugu,Enugu State,260000000.0,500.0,5,5,Semi-Furnished,diamond,Duplex,Enugu State
"14bdrm Block of Flats in Marble Hill, Oshimili South for sale","Delta State, Oshimili South",Oshimili South,Delta State,450000000.0,200.0,14,20,Unfurnished,diamond,Block Of Flats,Delta State
"5bdrm Duplex in Secured Estate, Ikeja GRA for sale","Ikeja, Ikeja GRA",Ikeja GRA,Ikeja,1100000000.0,350.0,5,5,Semi-Furnished,enterprise,Duplex,Lagos Mainland
"2bdrm Block of Flats in Secured Are, Ikoyi S.W for sale","Ikoyi, Ikoyi S.W",Ikoyi S.W,Ikoyi,270000000.0,500.0,2,2,Semi-Furnished,enterprise,Block Of Flats,Lagos Island
"2bdrm Block of Flats in Secured Estate, Ipaja / Ipaja for sale","Ipaja, Ipaja / Ipaja",Ipaja / Ipaja,Ipaja,70000000.0,1200.0,2,2,Semi-Furnished,enterprise,Block Of Flats,Lagos Mainland
2bdrm Block of Flats in Uzoba for sale,"Port-Harcourt, Uzoba",Uzoba,Port-Harcourt,130000000.0,1395.0,2,2,Semi-Furnished,enterprise,Block Of Flats,Rivers State
4bdrm Duplex in Dawaki for sale,"Gwarinpa, Dawaki",Dawaki,Gwarinpa,280000000.0,1900.0,4,4,Semi-Furnished,enterprise,Duplex,Abuja (FCT)
"5bdrm Duplex in Behind New General, Oshimili South for sale","Delta State, Oshimili South",Oshimili South,Delta State,270000000.0,500.0,5,6,Semi-Furnished,diamond,Duplex,Delta State
"3bdrm Bungalow in Estate, Ayobo for sale","Ipaja, Ayobo",Ayobo,Ipaja,95000000.0,350.0,3,3,Semi-Furnished,enterprise,Bungalow,Lagos Mainland
"4bdrm Duplex in Olive Park Estate, Sangotedo for sale","Ajah, Sangotedo",Sangotedo,Ajah,230000000.0,500.0,4,4,Unfurnished,diamond,Duplex,Lagos Island
4bdrm Duplex in Benin City for sale,"Edo State, Benin City",Benin City,Edo State,200000000.0,450.0,4,4,Unfurnished,diamond,Duplex,Edo State
"3bdrm Block of Flats in Secured Area, Opebi for sale","Ikeja, Opebi",Opebi,Ikeja,500000000.0,600.0,3,3,Semi-Furnished,enterprise,Block Of Flats,Lagos Mainland
4bdrm Duplex in Transekulu New Gra for sale,"Enugu State, Enugu",Enugu,Enugu State,150000000.0,500.0,4,4,Semi-Furnished,diamond,Duplex,Enugu State
4bdrm Duplex in Transekulu New Gra for sale,"Enugu State, Enugu",Enugu,Enugu State,130000000.0,400.0,4,4,Semi-Furnished,diamond,Duplex,Enugu State
3bdrm Duplex in Obio-Akpor for sale,"Rivers State, Obio-Akpor",Obio-Akpor,Rivers State,80000000.0,235.0,3,3,Unfurnished,enterprise,Duplex,Rivers State
"4bdrm Duplex in Secured Estate, Wempco Road for sale","Ogba, Wempco Road",Wempco Road,Ogba,340000000.0,270.0,4,4,Semi-Furnished,enterprise,Duplex,Lagos Mainland
"5bdrm Duplex in Secured Estate, Chevron for sale","Lekki, Chevron",Chevron,Lekki,650000000.0,300.0,5,5,Semi-Furnished,enterprise,Duplex,Lagos Island
"4bdrm Duplex in Secured Area, Ifako-Ogba for sale","Ogba, Ifako-Ogba",Ifako-Ogba,Ogba,215000000.0,270.0,4,4,Semi-Furnished,enterprise,Duplex,Lagos Mainland
"Furnished 3bdrm Bungalow in Santos Estate, Lokogoma for sale","Abuja (FCT), Lokogoma",Lokogoma,Abuja (FCT),120000000.0,650.0,3,3,Furnished,False,Bungalow,Abuja (FCT)
"4bdrm Duplex in Main Centenary, Enugu for sale","Enugu State, Enugu",Enugu,Enugu State,220000000.0,500.0,4,5,Semi-Furnished,diamond,Duplex,Enugu State
3bdrm Block of Flats in Off Ago-Palace Way for sale,"Isolo, Ago Palace",Ago Palace,Isolo,230000000.0,650.0,3,3,Unfurnished,diamond,Block Of Flats,Lagos Mainland
"5bdrm Duplex in Estate, Omole Phase 1 for sale","Ikeja, Omole Phase 1",Omole Phase 1,Ikeja,620000000.0,300.0,5,5,Semi-Furnished,enterprise,Duplex,Lagos Mainland
"4bdrm Duplex in Secured Estate, GRA Phase 1 for sale","Magodo, GRA Phase 1",GRA Phase 1,Magodo,450000000.0,280.0,4,4,Semi-Furnished,enterprise,Duplex,Lagos Mainland
"4bdrm Duplex in Secured Area, Ifako-Ogba for sale","Ogba, Ifako-Ogba",Ifako-Ogba,Ogba,220000000.0,250.0,4,4,Semi-Furnished,enterprise,Duplex,Lagos Mainland
9bdrm Duplex in Asokoro for sale,"Abuja (FCT), Asokoro",Asokoro,Abuja (FCT),1500000000.0,1500.0,9,5,Semi-Furnished,enterprise,Duplex,Abuja (FCT)
4bdrm Duplex in Obio-Akpor for sale,"Rivers State, Obio-Akpor",Obio-Akpor,Rivers State,180000000.0,465.0,4,4,Semi-Furnished,enterprise,Duplex,Rivers State
2bdrm Block of Flats in Rukpokwu for sale,"Port-Harcourt, Rukpokwu",Rukpokwu,Port-Harcourt,150000000.0,930.0,2,2,Unfurnished,enterprise,Block Of Flats,Rivers State
"3bdrm Duplex in Secured Area, Abule Egba for sale","Lagos State, Abule Egba",Abule Egba,Lagos State,180000000.0,250.0,3,3,Semi-Furnished,enterprise,Duplex,Lagos Mainland
"5bdrm Duplex in Police Service, Idu for sale","Jiwa, Idu",Idu,Jiwa,120000000.0,1200.0,5,5,Unfurnished,enterprise,Duplex,Abuja (FCT)
5bdrm Duplex in Guzape for sale,"Abuja (FCT), Guzape District",Guzape District,Abuja (FCT),750000000.0,1000.0,5,5,Semi-Furnished,enterprise,Duplex,Abuja (FCT)
3bdrm Duplex in Eleko for sale,"Ibeju, Eleko",Eleko,Ibeju,109440000.0,500.0,3,3,Unfurnished,diamond,Duplex,Lagos Island
"5bdrm Duplex in Secured Area, Chevron for sale","Lekki, Chevron",Chevron,Lekki,350000000.0,300.0,5,5,Semi-Furnished,enterprise,Duplex,Lagos Island
"4bdrm Duplex in Secured Estate, Magodo Isheri for sale","Ojodu, Magodo Isheri",Magodo Isheri,Ojodu,380000000.0,250.0,4,4,Semi-Furnished,enterprise,Duplex,Lagos Mainland
Furnished 4bdrm Bungalow in Rukpokwu for sale,"Port-Harcourt, Rukpokwu",Rukpokwu,Port-Harcourt,120000000.0,465.0,4,4,Furnished,enterprise,Bungalow,Rivers State
3bdrm Bungalow in Benin City for sale,"Edo State, Benin City",Benin City,Edo State,70000000.0,1800.0,3,3,Unfurnished,diamond,Bungalow,Edo State
3bdrm Duplex in Benin City for sale,"Edo State, Benin City",Benin City,Edo State,85000000.0,900.0,3,3,Semi-Furnished,diamond,Duplex,Edo State
"4bdrm Duplex in Secured Estate, Ifako-Ogba for sale","Ogba, Ifako-Ogba",Ifako-Ogba,Ogba,255000000.0,290.0,4,4,Semi-Furnished,enterprise,Duplex,Lagos Mainland
"5bdrm Duplex in Secured Estate, Ogba GRA for sale","Ogba, Ogba GRA",Ogba GRA,Ogba,560000000.0,600.0,5,5,Semi-Furnished,enterprise,Duplex,Lagos Mainland
"4bdrm Duplex in Secured Estate, Opebi for sale","Ikeja, Opebi",Opebi,Ikeja,480000000.0,300.0,4,4,Semi-Furnished,enterprise,Duplex,Lagos Mainland
"6bdrm Duplex in Secured Estate, GRA Phase 2 Shangisha for sale","Magodo, GRA Phase 2 Shangisha",GRA Phase 2 Shangisha,Magodo,750000000.0,400.0,6,6,Semi-Furnished,enterprise,Duplex,Lagos Mainland
"Furnished 3bdrm Duplex in Secured Area, Abule Egba for sale","Lagos State, Abule Egba",Abule Egba,Lagos State,190000000.0,250.0,3,3,Furnished,enterprise,Duplex,Lagos Mainland
4bdrm Duplex in Adeniyi Jones for sale,"Ikeja, Adeniyi Jones",Adeniyi Jones,Ikeja,360000000.0,500.0,4,4,Unfurnished,vip_gold,Duplex,Lagos Mainland
"2bdrm Block of Flats in Secured Area, Ikate for sale","Lekki, Ikate",Ikate,Lekki,210000000.0,1000.0,2,2,Semi-Furnished,enterprise,Block Of Flats,Lagos Island
"4bdrm Duplex in Golf Annex, Enugu for sale","Enugu State, Enugu",Enugu,Enugu State,110000000.0,450.0,4,4,Semi-Furnished,diamond,Duplex,Enugu State
"5bdrm Duplex in Estate, Omole Phase 2 for sale","Ikeja, Omole Phase 2",Omole Phase 2,Ikeja,700000000.0,300.0,5,5,Semi-Furnished,enterprise,Duplex,Lagos Mainland
"6bdrm Duplex in Secured Area, Ojodu for sale","Lagos State, Ojodu",Ojodu,Lagos State,330000000.0,300.0,6,6,Semi-Furnished,enterprise,Duplex,Lagos Mainland
3bdrm Block of Flats in Uzoba for sale,"Port-Harcourt, Uzoba",Uzoba,Port-Harcourt,250000000.0,700.0,3,3,Unfurnished,enterprise,Block Of Flats,Rivers State
"6bdrm Duplex in Gra Asaba, Oshimili South for sale","Delta State, Oshimili South",Oshimili South,Delta State,350000000.0,800.0,6,5,Unfurnished,diamond,Duplex,Delta State
"5bdrm Duplex in Nta, Oshimili South for sale","Delta State, Oshimili South",Oshimili South,Delta State,270000000.0,450.0,5,5,Semi-Furnished,diamond,Duplex,Delta State
"3bdrm Block of Flats in Estate, Abule Egba for sale","Lagos State, Abule Egba",Abule Egba,Lagos State,180000000.0,600.0,3,3,Semi-Furnished,enterprise,Block Of Flats,Lagos Mainland
"5bdrm Duplex in Secured Area, Maryland for sale","Lagos State, Maryland",Maryland,Lagos State,550000000.0,350.0,5,5,Semi-Furnished,enterprise,Duplex,Lagos Mainland
"4bdrm Duplex in Secured Estate, Opebi for sale","Ikeja, Opebi",Opebi,Ikeja,450000000.0,300.0,4,4,Semi-Furnished,enterprise,Duplex,Lagos Mainland
"3bdrm Block of Flats in Secured Area, Magodo Isheri for sale","Ojodu, Magodo Isheri",Magodo Isheri,Ojodu,720000000.0,600.0,3,3,Semi-Furnished,enterprise,Block Of Flats,Lagos Mainland
"5bdrm Duplex in Secured Estate, Magodo Isheri for sale","Ojodu, Magodo Isheri",Magodo Isheri,Ojodu,670000000.0,350.0,5,5,Semi-Furnished,enterprise,Duplex,Lagos Mainland
"3bdrm Duplex in Estate, Gbagada for sale","Lagos State, Gbagada",Gbagada,Lagos State,240000000.0,270.0,3,3,Semi-Furnished,enterprise,Duplex,Lagos Mainland
"4bdrm Duplex in Estate, Ogba GRA for sale","Ogba, Ogba GRA",Ogba GRA,Ogba,330000000.0,280.0,4,4,Semi-Furnished,enterprise,Duplex,Lagos Mainland
"5bdrm Duplex in Secured Estate, Adeniyi Jones for sale","Ikeja, Adeniyi Jones",Adeniyi Jones,Ikeja,700000000.0,300.0,5,5,Semi-Furnished,enterprise,Duplex,Lagos Mainland
"4bdrm Duplex in Secured Area, Ifako-Ogba for sale","Ogba, Ifako-Ogba",Ifako-Ogba,Ogba,285000000.0,280.0,4,4,Semi-Furnished,enterprise,Duplex,Lagos Mainland
Furnished 4bdrm Bungalow in Ibeju for sale,"Lagos State, Ibeju",Ibeju,Lagos State,80000000.0,600.0,4,4,Furnished,diamond,Bungalow,Lagos Island
"4bdrm Duplex in Secured Area, Ikeja GRA for sale","Ikeja, Ikeja GRA",Ikeja GRA,Ikeja,550000000.0,280.0,4,4,Semi-Furnished,enterprise,Duplex,Lagos Mainland
3bdrm Block of Flats in Off Ago for sale,"Isolo, Ago Palace",Ago Palace,Isolo,450000000.0,650.0,3,1,Unfurnished,diamond,Block Of Flats,Lagos Mainland
6bdrm Duplex in Guzape for sale,"Abuja (FCT), Guzape District",Guzape District,Abuja (FCT),1200000000.0,1500.0,6,5,Semi-Furnished,enterprise,Duplex,Abuja (FCT)
"3bdrm Apartment in Crystal Apartments, Kado for sale","Abuja (FCT), Kado",Kado,Abuja (FCT),140000000.0,2000.0,3,4,Semi-Furnished,enterprise,Apartment,Abuja (FCT)
"4bdrm Duplex in Estate, Maryland for sale","Lagos State, Maryland",Maryland,Lagos State,500000000.0,300.0,4,4,Semi-Furnished,enterprise,Duplex,Lagos Mainland
4bdrm Duplex in Katampe Extension for Sale,"Katampe, Katampe Extension",Katampe Extension,Katampe,1500000000.0,2500.0,4,5,Semi-Furnished,enterprise,Duplex,Abuja (FCT)
Furnished 4bdrm Apartment in Ado / Ajah for sale,"Ajah, Ado / Ajah",Ado / Ajah,Ajah,135000000.0,1000.0,4,4,Furnished,diamond,Apartment,Lagos Island
"3bdrm Duplex in Secured Are, Fagba for sale","Agege, Fagba",Fagba,Agege,155000000.0,180.0,3,3,Semi-Furnished,enterprise,Duplex,Lagos Mainland
4bdrm Duplex in Apo Legislative Qtrs for sale,"Abuja (FCT), Apo District",Apo District,Abuja (FCT),1800000000.0,1300.0,4,4,Unfurnished,enterprise,Duplex,Abuja (FCT)
"4bdrm Duplex in Secured Area, Ikeja GRA for sale","Ikeja, Ikeja GRA",Ikeja GRA,Ikeja,750000000.0,280.0,4,4,Semi-Furnished,enterprise,Duplex,Lagos Mainland
"Furnished 2bdrm Block of Flats in Secured Estate, Cement for sale","Agege, Cement",Cement,Agege,110000000.0,700.0,2,2,Furnished,enterprise,Block Of Flats,Lagos Mainland
"4bdrm Duplex in Secured Area, Ifako-Ogba for sale","Ogba, Ifako-Ogba",Ifako-Ogba,Ogba,230000000.0,260.0,4,4,Semi-Furnished,enterprise,Duplex,Lagos Mainland
2bdrm Apartment in Monastery Sangotedo for sale,"Ajah, Sangotedo",Sangotedo,Ajah,90000000.0,500.0,2,3,Semi-Furnished,enterprise,Apartment,Lagos Island
"2bdrm Block of Flats in Secured Estate, Oregun for sale","Ikeja, Oregun",Oregun,Ikeja,160000000.0,600.0,2,2,Semi-Furnished,enterprise,Block Of Flats,Lagos Mainland
"4bdrm Maisonette in Secured Area, Opebi for sale","Ikeja, Opebi",Opebi,Ikeja,360000000.0,300.0,4,4,Semi-Furnished,enterprise,Maisonette,Lagos Mainland
"4bdrm Duplex in Estate, Magodo Isheri for sale","Ojodu, Magodo Isheri",Magodo Isheri,Ojodu,350000000.0,260.0,4,4,Semi-Furnished,enterprise,Duplex,Lagos Mainland
"3bdrm Block of Flats in Off 69 Road, Gwarinpa for sale","Abuja (FCT), Gwarinpa",Gwarinpa,Abuja (FCT),330000000.0,1000.0,3,4,Semi-Furnished,enterprise,Block Of Flats,Abuja (FCT)
Furnished 4bdrm Bungalow in Benin City for sale,"Edo State, Benin City",Benin City,Edo State,160000000.0,1000.0,4,4,Furnished,diamond,Bungalow,Edo State
"4bdrm Duplex in Estate, Ikeja GRA for sale","Ikeja, Ikeja GRA",Ikeja GRA,Ikeja,350000000.0,280.0,4,4,Semi-Furnished,enterprise,Duplex,Lagos Mainland
"4bdrm Duplex in Estate, Ogudu GRA for sale","Ogudu, Ogudu GRA",Ogudu GRA,Ogudu,500000000.0,300.0,4,4,Semi-Furnished,enterprise,Duplex,Lagos Mainland
"Furnished 6bdrm House in Private Property, Nasarawa-Kano for sale","Kano State, Nasarawa-Kano",Nasarawa-Kano,Kano State,230000000.0,400.0,6,6,Furnished,False,House,Kano State
"2bdrm Block of Flats in Brains And Hammers, Life Camp for sale","Gwarinpa, Life Camp",Life Camp,Gwarinpa,70000000.0,1000.0,2,2,Unfurnished,enterprise,Block Of Flats,Abuja (FCT)
"4bdrm Duplex in Ogufayo, Awoyaya for sale","Ibeju, Awoyaya",Awoyaya,Ibeju,130000000.0,600.0,4,4,Unfurnished,diamond,Duplex,Lagos Island
4bdrm Duplex in Rumuahalu for sale,"Port-Harcourt, Rumuahalu",Rumuahalu,Port-Harcourt,300000000.0,465.0,4,5,Semi-Furnished,enterprise,Duplex,Rivers State
3bdrm Apartment in Jahi Gmor for sale,"Abuja (FCT), Jahi",Jahi,Abuja (FCT),500000000.0,1000.0,3,4,Unfurnished,enterprise,Apartment,Abuja (FCT)
"4bdrm Duplex in Secured Estate, Ifako-Ogba for sale","Ogba, Ifako-Ogba",Ifako-Ogba,Ogba,330000000.0,280.0,4,4,Semi-Furnished,enterprise,Duplex,Lagos Mainland
"4bdrm Duplex in Secured Area, Maryland for sale","Lagos State, Maryland",Maryland,Lagos State,290000000.0,280.0,4,4,Semi-Furnished,enterprise,Duplex,Lagos Mainland
"Furnished 4bdrm Duplex in Secured Area, Aguda / Ogba for sale","Ogba, Aguda / Ogba",Aguda / Ogba,Ogba,400000000.0,280.0,4,4,Furnished,enterprise,Duplex,Lagos Mainland
4bdrm Duplex in Centenary City Enugu for sale,"Enugu State, Enugu",Enugu,Enugu State,180000000.0,500.0,4,4,Semi-Furnished,diamond,Duplex,Enugu State
Semi Detached Duplex,"Katampe, Katampe Extension",Katampe Extension,Katampe,650000000.0,,4,5,Furnished,enterprise,Duplex,Abuja (FCT)
4bdrm Duplex in Jahi for sale,"Abuja (FCT), Jahi",Jahi,Abuja (FCT),125000000.0,500.0,4,5,Unfurnished,enterprise,Duplex,Abuja (FCT)
"2bdrm Block of Flats in Secured Area, Iju-Ishaga for sale","Agege, Iju-Ishaga",Iju-Ishaga,Agege,130000000.0,650.0,2,2,Semi-Furnished,enterprise,Block Of Flats,Lagos Mainland
"Furnished 6bdrm Duplex in Estate, Egbeda for sale","Oyo State, Egbeda",Egbeda,Oyo State,550000000.0,450.0,6,6,Furnished,enterprise,Duplex,Oyo State
4bdrm Bungalow in Obio-Akpor for sale,"Rivers State, Obio-Akpor",Obio-Akpor,Rivers State,100000000.0,465.0,4,4,Semi-Furnished,enterprise,Bungalow,Rivers State
"6bdrm Duplex in River Park Estate, Sabon Lugbe for sale","Lugbe District, Sabon Lugbe",Sabon Lugbe,Lugbe District,500000000.0,1000.0,6,6,Unfurnished,diamond,Duplex,Abuja (FCT)
"5bdrm Duplex in Secured Estate, GRA Phase 1 for sale","Magodo, GRA Phase 1",GRA Phase 1,Magodo,550000000.0,400.0,5,5,Semi-Furnished,enterprise,Duplex,Lagos Mainland
"4bdrm Duplex in Secured Area, Oregun for sale","Ikeja, Oregun",Oregun,Ikeja,290000000.0,300.0,4,4,Semi-Furnished,enterprise,Duplex,Lagos Mainland
5bdrm Duplex in Benin City for sale,"Edo State, Benin City",Benin City,Edo State,185000000.0,900.0,5,5,Semi-Furnished,diamond,Duplex,Edo State
3bdrm Bungalow in Elerangbe for sale,"Ibeju, Elerangbe",Elerangbe,Ibeju,72000000.0,500.0,3,3,Unfurnished,diamond,Bungalow,Lagos Island
5bdrm Duplex in Woji for sale,"Port-Harcourt, Woji",Woji,Port-Harcourt,180000000.0,465.0,5,5,Semi-Furnished,enterprise,Duplex,Rivers State
3bdrm Apartment in Jahi for sale,"Abuja (FCT), Jahi",Jahi,Abuja (FCT),120000000.0,1500.0,3,4,Semi-Furnished,enterprise,Apartment,Abuja (FCT)
3bdrm Apartment in Katampe Extension for sale,"Katampe, Katampe Extension",Katampe Extension,Katampe,120000000.0,2000.0,3,4,Semi-Furnished,enterprise,Apartment,Abuja (FCT)
"8bdrm Block of Flats in Naira & Kobo Axis,, Oshimili South for sale","Delta State, Oshimili South",Oshimili South,Delta State,180000000.0,450.0,8,16,Unfurnished,diamond,Block Of Flats,Delta State
6bdrm Duplex in Obio-Akpor for sale,"Rivers State, Obio-Akpor",Obio-Akpor,Rivers State,2000000000.0,5000.0,6,8,Semi-Furnished,enterprise,Duplex,Rivers State
"4bdrm Duplex in Ibusa Rd, Oshimili South for sale","Delta State, Oshimili South",Oshimili South,Delta State,250000000.0,500.0,4,5,Unfurnished,diamond,Duplex,Delta State
4bdrm Duplex in Olokonla for sale,"Ajah, Olokonla",Olokonla,Ajah,110000000.0,300.0,4,4,Unfurnished,False,Duplex,Lagos Island
"Furnished 2bdrm Block of Flats in Basin, Ilorin South for sale","Kwara State, Ilorin South",Ilorin South,Kwara State,1300000000.0,3150.0,2,2,Furnished,diamond,Block Of Flats,Kwara State
"Furnished 6bdrm Duplex in Goshen, Enugu for sale","Enugu State, Enugu",Enugu,Enugu State,160000000.0,602.0,6,6,Furnished,premium,Duplex,Enugu State
6bdrm House in Off Ago-Palace for sale,"Isolo, Ago Palace",Ago Palace,Isolo,350000000.0,650.0,6,5,Unfurnished,diamond,House,Lagos Mainland
"20bdrm Block of Flats in Adexson, Igando / Ikotun/Igando for sale","Ikotun/Igando, Igando / Ikotun/Igando",Igando / Ikotun/Igando,Ikotun/Igando,72000000.0,700.0,20,20,Semi-Furnished,vip_gold,Block Of Flats,Lagos Mainland
"20bdrm Block of Flats in Jendor, Igando / Ikotun/Igando for sale","Ikotun/Igando, Igando / Ikotun/Igando",Igando / Ikotun/Igando,Ikotun/Igando,350000000.0,700.0,20,20,Semi-Furnished,vip_gold,Block Of Flats,Lagos Mainland
2bdrm Apartment in Lekki Phase 1 for sale,"Lekki, Lekki Phase 1",Lekki Phase 1,Lekki,200000000.0,600.0,2,3,Unfurnished,vip_gold,Apartment,Lagos Island
"6bdrm Duplex in Ada George Estate, Obio-Akpor for sale","Rivers State, Obio-Akpor",Obio-Akpor,Rivers State,230000000.0,539.0,6,6,Unfurnished,enterprise,Duplex,Rivers State
"4bdrm Block of Flats in Tera Haven Thomas, VGC / Ajah for sale","Ajah, VGC / Ajah",VGC / Ajah,Ajah,250000000.0,600.0,4,4,Unfurnished,False,Block Of Flats,Lagos Island
"20bdrm Block of Flats in Akesan, Igando / Ikotun/Igando for sale","Ikotun/Igando, Igando / Ikotun/Igando",Igando / Ikotun/Igando,Ikotun/Igando,110000000.0,600.0,20,20,Semi-Furnished,vip_gold,Block Of Flats,Lagos Mainland
Furnished 18bdrm Apartment in Benin City for sale,"Edo State, Benin City",Benin City,Edo State,550000000.0,465.0,18,12,Furnished,diamond,Apartment,Edo State
"3bdrm House in Spring Garden Phase, VGC / Ajah for sale","Ajah, VGC / Ajah",VGC / Ajah,Ajah,165000000.0,150.0,3,3,Unfurnished,False,House,Lagos Island
3bdrm Bungalow in Jos for sale,"Plateau State, Jos",Jos,Plateau State,400000000.0,856.0,3,3,Semi-Furnished,False,Bungalow,Plateau State
3bdrm House in Berger for sale,"Ojodu, Berger",Berger,Ojodu,1600000000.0,3767.0,3,1,Unfurnished,enterprise,House,Lagos Mainland
4bdrm Duplex in Victoria Island Extension for sale,"Victoria Island, Victoria Island Extension",Victoria Island Extension,Victoria Island,850000000.0,1000.0,4,1,Unfurnished,enterprise,Duplex,Lagos Island
Furnished 4bdrm Apartment in Lekki Phase 1 for sale,"Lekki, Lekki Phase 1",Lekki Phase 1,Lekki,350000000.0,500.0,4,5,Furnished,enterprise,Apartment,Lagos Island
Furnished 4bdrm Duplex in Sangotedo for sale,"Ajah, Sangotedo",Sangotedo,Ajah,150000000.0,500.0,4,5,Furnished,enterprise,Duplex,Lagos Island
Furnished 4bdrm Block of Flats in Theranex Estate for sale,"Ajah, Sangotedo",Sangotedo,Ajah,95000000.0,300.0,4,4,Furnished,enterprise,Block Of Flats,Lagos Island
Furnished 2bdrm Apartment in Lekki Phase 1 for sale,"Lekki, Lekki Phase 1",Lekki Phase 1,Lekki,260000000.0,600.0,2,2,Furnished,enterprise,Apartment,Lagos Island
Furnished 2bdrm Duplex in Mende for sale,"Maryland, Mende",Mende,Maryland,140000000.0,1000.0,2,1,Furnished,enterprise,Duplex,Lagos Mainland
3bdrm House in Lekki Phase 1 for sale,"Lekki, Lekki Phase 1",Lekki Phase 1,Lekki,300000000.0,1000.0,3,1,Unfurnished,enterprise,House,Lagos Island
"4bdrm Duplex in Works & Housing, Gwarinpa for sale","Abuja (FCT), Gwarinpa",Gwarinpa,Abuja (FCT),260000000.0,900.0,4,4,Unfurnished,enterprise,Duplex,Abuja (FCT)
4bdrm Duplex in Lekki for sale,"Lagos State, Lekki",Lekki,Lagos State,300000000.0,350.0,4,4,Semi-Furnished,enterprise,Duplex,Lagos Island
Furnished 5bdrm Bungalow in Jakande Estate for sale,"Lekki, Jakande",Jakande,Lekki,170000000.0,500.0,5,6,Furnished,enterprise,Bungalow,Lagos Island
"4bdrm Duplex in Magamond Estate, Ikota for sale","Lekki, Ikota",Ikota,Lekki,480000000.0,420.0,4,5,Semi-Furnished,enterprise,Duplex,Lagos Island
6bdrm Duplex in Durumi By American for sale,"Abuja (FCT), Durumi",Durumi,Abuja (FCT),600000000.0,550.0,6,7,Unfurnished,enterprise,Duplex,Abuja (FCT)
"Furnished 4bdrm Apartment in Mercy Land Estate, Ibeju for sale","Lagos State, Ibeju",Ibeju,Lagos State,170000000.0,400.0,4,4,Furnished,enterprise,Apartment,Lagos Island
"4bdrm Duplex in Umuoma Estate, Owerri for sale","Imo State, Owerri",Owerri,Imo State,180000000.0,700.0,4,4,Unfurnished,enterprise,Duplex,Imo State
"6bdrm Duplex in Naf Valley Estate, Asokoro for sale","Abuja (FCT), Asokoro",Asokoro,Abuja (FCT),1000000000.0,1000.0,6,6,Unfurnished,enterprise,Duplex,Abuja (FCT)
4bdrm Duplex in Ado / Ajah for sale,"Ajah, Ado / Ajah",Ado / Ajah,Ajah,170000000.0,300.0,4,4,Semi-Furnished,enterprise,Duplex,Lagos Island
3bdrm Apartment in Lekki for sale,"Lagos State, Lekki",Lekki,Lagos State,1200000000.0,350.0,3,3,Semi-Furnished,enterprise,Apartment,Lagos Island
4bdrm Duplex in Ologolo for sale,"Lekki, Ologolo",Ologolo,Lekki,350000000.0,10.0,4,4,Unfurnished,enterprise,Duplex,Lagos Island
5bdrm Duplex in Ikate for sale,"Lekki, Ikate",Ikate,Lekki,980000000.0,500.0,5,5,Semi-Furnished,enterprise,Duplex,Lagos Island
2bdrm Apartment in Lekki Expressway for sale,"Lekki, Lekki Expressway",Lekki Expressway,Lekki,350000000.0,300.0,2,3,Semi-Furnished,enterprise,Apartment,Lagos Island
4bdrm Duplex in Katampe Extension for sale,"Katampe, Katampe Extension",Katampe Extension,Katampe,800000000.0,600.0,4,5,Unfurnished,enterprise,Duplex,Abuja (FCT)
"6bdrm Duplex in Lugbe Seaman Estate, FHA for sale","Lugbe District, FHA",FHA,Lugbe District,190000000.0,1000.0,6,7,Unfurnished,enterprise,Duplex,Abuja (FCT)
3bdrm Apartment in Ogba for sale,"Ogba, Ifako-Ogba",Ifako-Ogba,Ogba,190000000.0,1000.0,3,4,Unfurnished,enterprise,Apartment,Lagos Mainland
5bdrm Duplex in Lekki for sale,"Lagos State, Lekki",Lekki,Lagos State,550000000.0,400.0,5,5,Semi-Furnished,enterprise,Duplex,Lagos Island
"Furnished 2bdrm Block of Flats in Ikate Lekki ,Off for sale","Lekki, Ikate",Ikate,Lekki,250000000.0,200.0,2,3,Furnished,enterprise,Block Of Flats,Lagos Island
4bdrm Duplex in Enugu for sale,"Enugu State, Enugu",Enugu,Enugu State,200000000.0,600.0,4,4,Unfurnished,enterprise,Duplex,Enugu State
3bdrm Bungalow in Enugu for sale,"Enugu State, Enugu",Enugu,Enugu State,100000000.0,400.0,3,4,Unfurnished,enterprise,Bungalow,Enugu State
5bdrm Duplex in Ikota for sale,"Lekki, Ikota",Ikota,Lekki,650000000.0,450.0,5,5,Unfurnished,enterprise,Duplex,Lagos Island
3bdrm Apartment in Victoria Island for sale,"Lagos State, Victoria Island",Victoria Island,Lagos State,750000000.0,180.0,3,3,Unfurnished,enterprise,Apartment,Lagos Island
4bdrm Duplex in Lekki Palm City for sale,"Lagos State, Lekki",Lekki,Lagos State,170000000.0,10.0,4,4,Unfurnished,enterprise,Duplex,Lagos Island
"5bdrm Duplex in Okebadan Estate, Akobo for sale","Ibadan, Akobo",Akobo,Ibadan,185000000.0,450.0,5,6,Semi-Furnished,enterprise,Duplex,Oyo State
5bdrm House in Osapa london for sale,"Lekki, Osapa london",Osapa london,Lekki,1700000000.0,1000.0,5,1,Unfurnished,enterprise,House,Lagos Island
5bdrm Duplex in Lekki for sale,"Lagos State, Lekki",Lekki,Lagos State,600000000.0,400.0,5,5,Semi-Furnished,enterprise,Duplex,Lagos Island
4bdrm Duplex in Lekki for sale,"Lagos State, Lekki",Lekki,Lagos State,400000000.0,350.0,4,4,Semi-Furnished,enterprise,Duplex,Lagos Island
4bdrm Duplex in Lekki for sale,"Lagos State, Lekki",Lekki,Lagos State,200000000.0,350.0,4,4,Semi-Furnished,enterprise,Duplex,Lagos Island
6bdrm Duplex in Life Camp for sale,"Gwarinpa, Life Camp",Life Camp,Gwarinpa,600000000.0,600.0,6,7,Unfurnished,enterprise,Duplex,Abuja (FCT)
3bdrm Apartment in Wuse Zone 1 for sale,"Abuja (FCT), Wuse",Wuse,Abuja (FCT),145000000.0,300.0,3,4,Unfurnished,enterprise,Apartment,Abuja (FCT)
2bdrm Apartment in Ikate for sale,"Lekki, Ikate",Ikate,Lekki,250000000.0,100.0,2,2,Unfurnished,enterprise,Apartment,Lagos Island
Furnished 4bdrm Duplex in Lekki for sale,"Lagos State, Lekki",Lekki,Lagos State,220000000.0,300.0,4,4,Furnished,enterprise,Duplex,Lagos Island
4bdrm Duplex in Ajah for sale,"Lagos State, Ajah",Ajah,Lagos State,150000000.0,200.0,4,4,Unfurnished,enterprise,Duplex,Lagos Island
7bdrm Block of Flats in Alakuko for sale,"Ifako-Ijaiye, Alakuko",Alakuko,Ifako-Ijaiye,220000000.0,1338.0,7,7,Unfurnished,enterprise,Block Of Flats,Lagos Mainland
Furnished 4bdrm Apartment in Ikota for sale,"Lekki, Ikota",Ikota,Lekki,285000000.0,500.0,4,5,Furnished,enterprise,Apartment,Lagos Island
6bdrm Duplex in Idu for sale,"Jiwa, Idu",Idu,Jiwa,300000000.0,800.0,6,6,Semi-Furnished,enterprise,Duplex,Abuja (FCT)
5bdrm Duplex in Osapa London Lekki for sale,"Lekki, Osapa london",Osapa london,Lekki,1400000000.0,1000.0,5,6,Semi-Furnished,enterprise,Duplex,Lagos Island
"5bdrm House in Victoria Island, Sanusi Fafunwa for sale","Victoria Island, Sanusi Fafunwa",Sanusi Fafunwa,Victoria Island,850000000.0,300.0,5,5,Unfurnished,enterprise,House,Lagos Island
3bdrm Apartment in Ikeja Gra Lagos for sale,"Ikeja, Ikeja GRA",Ikeja GRA,Ikeja,450000000.0,1000.0,3,4,Semi-Furnished,enterprise,Apartment,Lagos Mainland
"3bdrm Apartment in Private Property, Utako for sale","Abuja (FCT), Utako",Utako,Abuja (FCT),750000000.0,1000.0,3,3,Unfurnished,enterprise,Apartment,Abuja (FCT)
5bdrm Duplex in Lekki for sale,"Lagos State, Lekki",Lekki,Lagos State,849000000.0,450.0,5,5,Semi-Furnished,enterprise,Duplex,Lagos Island
4bdrm Duplex in Lekki for sale,"Lagos State, Lekki",Lekki,Lagos State,240000000.0,350.0,4,4,Semi-Furnished,enterprise,Duplex,Lagos Island
5bdrm Duplex in Asokoro for sale,"Abuja (FCT), Asokoro",Asokoro,Abuja (FCT),1800000000.0,2000.0,5,5,Unfurnished,enterprise,Duplex,Abuja (FCT)
10bdrm Block of Flats in Ogba Lagos for sale,"Lagos State, Ogba",Ogba,Lagos State,150000000.0,300.0,10,14,Unfurnished,enterprise,Block Of Flats,Lagos Mainland
3bdrm Duplex in Sangotedo By Blenco for sale,"Ajah, Sangotedo",Sangotedo,Ajah,130000000.0,300.0,3,3,Semi-Furnished,enterprise,Duplex,Lagos Island
"5bdrm Duplex in Naf Valley, Asokoro for sale","Abuja (FCT), Asokoro",Asokoro,Abuja (FCT),970000000.0,500.0,5,6,Unfurnished,enterprise,Duplex,Abuja (FCT)
5bdrm Duplex in Lekki for sale,"Lagos State, Lekki",Lekki,Lagos State,870000000.0,450.0,5,5,Unfurnished,enterprise,Duplex,Lagos Island
5bdrm Duplex in Ajah for sale,"Lagos State, Ajah",Ajah,Lagos State,330000000.0,350.0,5,5,Unfurnished,enterprise,Duplex,Lagos Island
4bdrm Duplex in Ikeja for sale,"Lagos State, Ikeja",Ikeja,Lagos State,450000000.0,400.0,4,4,Unfurnished,enterprise,Duplex,Lagos Mainland
4bdrm Duplex in Ajah for sale,"Lagos State, Ajah",Ajah,Lagos State,210000000.0,250.0,4,4,Unfurnished,enterprise,Duplex,Lagos Island
4bdrm Duplex in Victoria Island for sale,"Lagos State, Victoria Island",Victoria Island,Lagos State,700000000.0,350.0,4,4,Unfurnished,enterprise,Duplex,Lagos Island
"3bdrm Bungalow in Eliparawon Off Ada, Rumueprikom for sale","Port-Harcourt, Rumueprikom",Rumueprikom,Port-Harcourt,115000000.0,465.0,3,3,Semi-Furnished,enterprise,Bungalow,Rivers State
"Furnished 9bdrm Duplex in Ada-George, Port for sale","Rivers State, Port-Harcourt",Port-Harcourt,Rivers State,300000000.0,500.0,9,11,Furnished,enterprise,Duplex,Rivers State
Furnished 5bdrm Duplex in Bunkoro for sale,"Gwarinpa, Bunkoro",Bunkoro,Gwarinpa,650000000.0,900.0,5,6,Furnished,enterprise,Duplex,Abuja (FCT)
2bdrm House in GRA Phase 1 for sale,"Magodo, GRA Phase 1",GRA Phase 1,Magodo,350000000.0,1000.0,2,1,Unfurnished,enterprise,House,Lagos Mainland
3bdrm Block of Flats in Berger for sale,"Ojodu, Berger",Berger,Ojodu,250000000.0,1000.0,3,1,Unfurnished,enterprise,Block Of Flats,Lagos Mainland
4bdrm Duplex in Chevron for sale,"Lekki, Chevron",Chevron,Lekki,380000000.0,400.0,4,5,Unfurnished,enterprise,Duplex,Lagos Island
5bdrm Duplex in Lekki for sale,"Lagos State, Lekki",Lekki,Lagos State,650000000.0,400.0,5,5,Semi-Furnished,enterprise,Duplex,Lagos Island
5bdrm Duplex in VGC / Ajah for sale,"Ajah, VGC / Ajah",VGC / Ajah,Ajah,800000000.0,650.0,5,5,Semi-Furnished,enterprise,Duplex,Lagos Island
"5bdrm Duplex in Rroyal Gardens, Off Lekki-Epe Expressway for sale","Ajah, Off Lekki-Epe Expressway",Off Lekki-Epe Expressway,Ajah,900000000.0,600.0,5,5,Semi-Furnished,enterprise,Duplex,Lagos Island
5bdrm Duplex in Zone B for sale,"Apo District, Zone B",Zone B,Apo District,2000000000.0,2300.0,5,6,Unfurnished,enterprise,Duplex,Abuja (FCT)
4bdrm House in Ikota for sale,"Lekki, Ikota",Ikota,Lekki,180000000.0,1000.0,4,5,Unfurnished,enterprise,House,Lagos Island
5bdrm Duplex in Chevron for sale,"Lekki, Chevron",Chevron,Lekki,450000000.0,1000.0,5,1,Unfurnished,enterprise,Duplex,Lagos Island
5bdrm House in Chevron for sale,"Lekki, Chevron",Chevron,Lekki,550000000.0,1000.0,5,5,Unfurnished,enterprise,House,Lagos Island
5bdrm Duplex in Orchid Lekki for sale,"Lekki, Lekki Expressway",Lekki Expressway,Lekki,480000000.0,1000.0,5,6,Semi-Furnished,enterprise,Duplex,Lagos Island
2bdrm Penthouse in Lekki for sale,"Lagos State, Lekki",Lekki,Lagos State,180000000.0,350.0,2,2,Semi-Furnished,enterprise,Penthouse,Lagos Island
3bdrm Apartment in Lekki for sale,"Lagos State, Lekki",Lekki,Lagos State,290000000.0,350.0,3,3,Semi-Furnished,enterprise,Apartment,Lagos Island
6bdrm Duplex in Wuse Zone 7 for sale,"Abuja (FCT), Wuse",Wuse,Abuja (FCT),850000000.0,450.0,6,7,Unfurnished,enterprise,Duplex,Abuja (FCT)
5bdrm Duplex in Ajah for sale,"Lagos State, Ajah",Ajah,Lagos State,220000000.0,350.0,5,5,Unfurnished,enterprise,Duplex,Lagos Island
5bdrm Duplex in Ado / Ajah for sale,"Ajah, Ado / Ajah",Ado / Ajah,Ajah,300000000.0,350.0,5,5,Semi-Furnished,enterprise,Duplex,Lagos Island
5bdrm Duplex in Osapa london for sale,"Lekki, Osapa london",Osapa london,Lekki,350000000.0,1000.0,5,1,Unfurnished,enterprise,Duplex,Lagos Island
4bdrm Maisonette in Ikoyi South West for sale,"Ikoyi, Ikoyi S.W",Ikoyi S.W,Ikoyi,450000000.0,500.0,4,5,Semi-Furnished,enterprise,Maisonette,Lagos Island
"4bdrm Duplex in Ikeja, Opebi for sale","Ikeja, Opebi",Opebi,Ikeja,570000000.0,300.0,4,5,Semi-Furnished,enterprise,Duplex,Lagos Mainland
"3bdrm Bungalow in Spring Meadow, Apo Resettlement for sale","Apo District, Apo Resettlement",Apo Resettlement,Apo District,115000000.0,650.0,3,4,Unfurnished,enterprise,Bungalow,Abuja (FCT)
5bdrm Duplex in Jabi for sale,"Abuja (FCT), Jabi",Jabi,Abuja (FCT),2000000000.0,500.0,5,5,Unfurnished,enterprise,Duplex,Abuja (FCT)
"3bdrm Bungalow in Rumuakparali, Obio-Akpor for sale","Rivers State, Obio-Akpor",Obio-Akpor,Rivers State,95000000.0,300.0,3,3,Semi-Furnished,enterprise,Bungalow,Rivers State
5bdrm Duplex in Enugu for sale,"Enugu State, Enugu",Enugu,Enugu State,600000000.0,500.0,5,5,Semi-Furnished,enterprise,Duplex,Enugu State
"Mini Flat in Bricks & More Plaza, Gwarinpa for sale","Abuja (FCT), Gwarinpa",Gwarinpa,Abuja (FCT),75000000.0,40.0,1,1,Unfurnished,enterprise,Unknown,Abuja (FCT)
12bdrm Block of Flats in Abule Egba for sale,"Lagos State, Abule Egba",Abule Egba,Lagos State,110000000.0,60.0,12,8,Unfurnished,enterprise,Block Of Flats,Lagos Mainland
3bdrm Penthouse in Happy Land Sangotedo for sale,"Ajah, Sangotedo",Sangotedo,Ajah,120000000.0,252.0,3,3,Unfurnished,enterprise,Penthouse,Lagos Island
4bdrm Apartment in Ikeja GRA for sale,"Ikeja, Ikeja GRA",Ikeja GRA,Ikeja,500000000.0,350.0,4,4,Unfurnished,enterprise,Apartment,Lagos Mainland
2bdrm Apartment in Ogba for sale,"Lagos State, Ogba",Ogba,Lagos State,95000000.0,100.0,2,2,Unfurnished,enterprise,Apartment,Lagos Mainland
"4bdrm Duplex in Peter Odili, Port-Harcourt for sale","Rivers State, Port-Harcourt",Port-Harcourt,Rivers State,330000000.0,500.0,4,4,Semi-Furnished,enterprise,Duplex,Rivers State
"5bdrm Duplex in Lekki Palm City, Ajah for sale","Lagos State, Ajah",Ajah,Lagos State,190000000.0,10.0,5,5,Unfurnished,enterprise,Duplex,Lagos Island
5bdrm Duplex in Asokoro Main Abuja for sale,"Abuja (FCT), Asokoro",Asokoro,Abuja (FCT),950000000.0,700.0,5,6,Semi-Furnished,enterprise,Duplex,Abuja (FCT)
5bdrm Duplex in Nta Road Behind Ait for sale,"Rivers State, Port-Harcourt",Port-Harcourt,Rivers State,130000000.0,466.0,5,7,Semi-Furnished,enterprise,Duplex,Rivers State
4bdrm Duplex in Chevron for sale,"Lekki, Chevron",Chevron,Lekki,230000000.0,350.0,4,4,Semi-Furnished,enterprise,Duplex,Lagos Island
4bdrm Duplex in Citec Mbora for sale,"Abuja (FCT), Mbora",Mbora,Abuja (FCT),250000000.0,350.0,4,5,Unfurnished,enterprise,Duplex,Abuja (FCT)
"18bdrm Block of Flats in River Park Estate, Lugbe District for sale","Abuja (FCT), Lugbe District",Lugbe District,Abuja (FCT),460000000.0,1200.0,18,18,Unfurnished,enterprise,Block Of Flats,Abuja (FCT)
4bdrm Duplex in Ajah for sale,"Lagos State, Ajah",Ajah,Lagos State,220000000.0,350.0,4,4,Unfurnished,enterprise,Duplex,Lagos Island
3bdrm Duplex in Ajah for sale,"Lagos State, Ajah",Ajah,Lagos State,130000000.0,10.0,3,3,Unfurnished,enterprise,Duplex,Lagos Island
Furnished 5bdrm Duplex in Sangotedo for sale,"Ajah, Sangotedo",Sangotedo,Ajah,150000000.0,500.0,5,6,Furnished,enterprise,Duplex,Lagos Island
2bdrm Apartment in Iwaya for sale,"Yaba, Iwaya",Iwaya,Yaba,100000000.0,400.0,2,2,Unfurnished,enterprise,Apartment,Lagos Mainland
Furnished 3bdrm Apartment in Lekki Phase 2 for sale,"Lekki, Lekki Phase 2",Lekki Phase 2,Lekki,130000000.0,500.0,3,4,Furnished,enterprise,Apartment,Lagos Island
Furnished 2bdrm Apartment in Abraham Adesanya for sale,"Surulere, Abraham Adesanya",Abraham Adesanya,Surulere,97500000.0,500.0,2,2,Furnished,enterprise,Apartment,Lagos Mainland
Furnished 2bdrm Apartment in Lekki Phase 1 for sale,"Lekki, Lekki Phase 1",Lekki Phase 1,Lekki,250000000.0,500.0,2,3,Furnished,enterprise,Apartment,Lagos Island
5bdrm House in Osapa london for sale,"Lekki, Osapa london",Osapa london,Lekki,1650000000.0,1000.0,5,1,Unfurnished,enterprise,House,Lagos Island
3bdrm Apartment in Lekki for sale,"Lagos State, Lekki",Lekki,Lagos State,300000000.0,400.0,3,3,Semi-Furnished,enterprise,Apartment,Lagos Island
4bdrm Duplex in Chevron for sale,"Lekki, Chevron",Chevron,Lekki,320000000.0,350.0,4,4,Unfurnished,enterprise,Duplex,Lagos Island
"5bdrm Duplex in Centenary City, Enugu for sale","Enugu State, Enugu",Enugu,Enugu State,210000000.0,500.0,5,6,Unfurnished,enterprise,Duplex,Enugu State
4bdrm Duplex in Enugu for sale,"Enugu State, Enugu",Enugu,Enugu State,140000000.0,300.0,4,5,Unfurnished,enterprise,Duplex,Enugu State
3bdrm Apartment in Ikeja for sale,"Lagos State, Ikeja",Ikeja,Lagos State,155000000.0,150.0,3,3,Unfurnished,enterprise,Apartment,Lagos Mainland
"4bdrm Duplex in Sangotedo, Ajah for sale","Lagos State, Ajah",Ajah,Lagos State,180000000.0,10.0,4,4,Unfurnished,enterprise,Duplex,Lagos Island
4bdrm Duplex in Abraham Adesanya Estate for sale,"Ajah, Abraham Adesanya Estate",Abraham Adesanya Estate,Ajah,180000000.0,250.0,4,4,Semi-Furnished,enterprise,Duplex,Lagos Island
4bdrm Duplex in Abijo for sale,"Ibeju, Abijo",Abijo,Ibeju,221000000.0,3420.0,4,4,Semi-Furnished,enterprise,Duplex,Lagos Island
Furnished 4bdrm Duplex in Peter Odili Road for sale,"Rivers State, Port-Harcourt",Port-Harcourt,Rivers State,380000000.0,400.0,4,4,Furnished,enterprise,Duplex,Rivers State
5bdrm Duplex in Ogudu GRA for sale,"Ogudu, Ogudu GRA",Ogudu GRA,Ogudu,550000000.0,1000.0,5,1,Unfurnished,enterprise,Duplex,Lagos Mainland
2bdrm Apartment in Ologolo Lekki Lagos for sale,"Lekki, Ologolo",Ologolo,Lekki,95000000.0,650.0,2,3,Semi-Furnished,enterprise,Apartment,Lagos Island
5bdrm Duplex in Gwarinpa for sale,"Abuja (FCT), Gwarinpa",Gwarinpa,Abuja (FCT),800000000.0,900.0,5,5,Semi-Furnished,enterprise,Duplex,Abuja (FCT)
5bdrm Duplex in Lekki for sale,"Lagos State, Lekki",Lekki,Lagos State,750000000.0,350.0,5,5,Semi-Furnished,enterprise,Duplex,Lagos Island
"4bdrm Duplex in River Park Estate, Lugbe District for sale","Abuja (FCT), Lugbe District",Lugbe District,Abuja (FCT),200000000.0,300.0,4,5,Unfurnished,enterprise,Duplex,Abuja (FCT)
4bdrm Bungalow in Eligbolo Off Eliozu for sale,"Port-Harcourt, Eliozu",Eliozu,Port-Harcourt,75000000.0,350.0,4,4,Semi-Furnished,enterprise,Bungalow,Rivers State
"3bdrm Bungalow in Celica Estate, Alakia for sale","Ibadan, Alakia",Alakia,Ibadan,85000000.0,600.0,3,4,Semi-Furnished,enterprise,Bungalow,Oyo State
2bdrm Apartment in Lekki Expressway for sale,"Lekki, Lekki Expressway",Lekki Expressway,Lekki,220000000.0,400.0,2,2,Unfurnished,enterprise,Apartment,Lagos Island
"3bdrm Bungalow in Maryland, Mende for sale","Maryland, Mende",Mende,Maryland,530000000.0,486.0,3,3,Unfurnished,enterprise,Bungalow,Lagos Mainland
4bdrm Duplex in Off Admiralty Way for sale,"Lekki, Lekki Phase 1",Lekki Phase 1,Lekki,780000000.0,377.0,4,5,Semi-Furnished,enterprise,Duplex,Lagos Island
4bdrm Duplex in Lekki for sale,"Lagos State, Lekki",Lekki,Lagos State,350000000.0,350.0,4,4,Semi-Furnished,enterprise,Duplex,Lagos Island
4bdrm Duplex in Lekki for sale,"Lagos State, Lekki",Lekki,Lagos State,190000000.0,350.0,4,4,Semi-Furnished,enterprise,Duplex,Lagos Island
5bdrm Duplex in Lekki for sale,"Lagos State, Lekki",Lekki,Lagos State,480000000.0,400.0,5,5,Semi-Furnished,enterprise,Duplex,Lagos Island
Furnished 4bdrm Duplex in Abuja (FCT) for sale,Abuja (FCT),Abuja (FCT),,700000000.0,350.0,4,4,Furnished,enterprise,Duplex,Abuja (FCT)
5bdrm Duplex in Osapa london for sale,"Lekki, Osapa london",Osapa london,Lekki,1500000000.0,400.0,5,5,Unfurnished,enterprise,Duplex,Lagos Island
4bdrm Duplex in Lekki for sale,"Lagos State, Lekki",Lekki,Lagos State,160000000.0,350.0,4,4,Unfurnished,enterprise,Duplex,Lagos Island
2bdrm Apartment in Victoria Island for sale,"Lagos State, Victoria Island",Victoria Island,Lagos State,300000000.0,150.0,2,2,Unfurnished,enterprise,Apartment,Lagos Island
3bdrm Apartment in Lekki for sale,"Lagos State, Lekki",Lekki,Lagos State,500000000.0,250.0,3,3,Unfurnished,enterprise,Apartment,Lagos Island
"4bdrm Duplex in Engr. Lere Adigun, Ibadan for sale","Oyo State, Ibadan",Ibadan,Oyo State,370000000.0,450.0,4,4,Semi-Furnished,enterprise,Duplex,Oyo State
6bdrm Duplex in Asokoro Main Abuja for sale,"Abuja (FCT), Asokoro",Asokoro,Abuja (FCT),1500000000.0,600.0,6,7,Semi-Furnished,enterprise,Duplex,Abuja (FCT)
"Furnished 2bdrm Apartment in Mojisola Onikoyi, Lekki Phase 1 for sale","Lekki, Lekki Phase 1",Lekki Phase 1,Lekki,650000000.0,600.0,2,3,Furnished,enterprise,Apartment,Lagos Island
Furnished 4bdrm Duplex in Sangotedo for sale,"Ajah, Sangotedo",Sangotedo,Ajah,220000000.0,500.0,4,5,Furnished,enterprise,Duplex,Lagos Island
4bdrm House in Lafiaji for sale,"Lekki, Lafiaji",Lafiaji,Lekki,155000000.0,1000.0,4,1,Unfurnished,enterprise,House,Lagos Island
5bdrm House in Osapa London Lekki for sale,"Lekki, Osapa london",Osapa london,Lekki,1720000000.0,1000.0,5,6,Semi-Furnished,enterprise,House,Lagos Island
"4bdrm Duplex in Kayfarm Estate, Ifako-Ogba for sale","Ogba, Ifako-Ogba",Ifako-Ogba,Ogba,255000000.0,450.0,4,4,Unfurnished,enterprise,Duplex,Lagos Mainland
"4bdrm Apartment in Victoria Island, Kofo Abayomi for sale","Victoria Island, Kofo Abayomi",Kofo Abayomi,Victoria Island,2250000000.0,1000.0,4,5,Semi-Furnished,enterprise,Apartment,Lagos Island
4bdrm Duplex in Labak Estate for sale,"Lagos State, Abule Egba",Abule Egba,Lagos State,200000000.0,557.0,4,5,Unfurnished,enterprise,Duplex,Lagos Mainland
5bdrm Duplex in Lekki for sale,"Lagos State, Lekki",Lekki,Lagos State,400000000.0,350.0,5,5,Semi-Furnished,enterprise,Duplex,Lagos Island
"4bdrm Duplex in Golf Annex, Enugu for sale","Enugu State, Enugu",Enugu,Enugu State,130000000.0,400.0,4,5,Unfurnished,enterprise,Duplex,Enugu State
5bdrm Duplex in Lekki for sale,"Lagos State, Lekki",Lekki,Lagos State,2000000000.0,400.0,5,5,Semi-Furnished,enterprise,Duplex,Lagos Island
5bdrm Duplex in Lekki for sale,"Lagos State, Lekki",Lekki,Lagos State,700000000.0,350.0,5,5,Unfurnished,enterprise,Duplex,Lagos Island
5bdrm Duplex in Osapa london for sale,"Lekki, Osapa london",Osapa london,Lekki,1750000000.0,350.0,5,5,Unfurnished,enterprise,Duplex,Lagos Island
4bdrm Duplex in Ajah for sale,"Lagos State, Ajah",Ajah,Lagos State,120000000.0,350.0,4,4,Unfurnished,enterprise,Duplex,Lagos Island
"4bdrm Duplex in Royal Garden Estate, Obio-Akpor for sale","Rivers State, Obio-Akpor",Obio-Akpor,Rivers State,250000000.0,300.0,4,4,Semi-Furnished,enterprise,Duplex,Rivers State
4bdrm Duplex in Sangotedo for sale,"Ajah, Sangotedo",Sangotedo,Ajah,360000000.0,350.0,4,4,Semi-Furnished,enterprise,Duplex,Lagos Island
4bdrm Duplex in Sangotedo for sale,"Ajah, Sangotedo",Sangotedo,Ajah,180000000.0,400.0,4,4,Unfurnished,enterprise,Duplex,Lagos Island
5bdrm House in Chevron Drive Lekki for sale,"Lekki, Chevron",Chevron,Lekki,800000000.0,600.0,5,6,Semi-Furnished,enterprise,House,Lagos Island
5bdrm Duplex in Megamond Estate for sale,"Lekki, Ikota",Ikota,Lekki,650000000.0,500.0,5,6,Semi-Furnished,enterprise,Duplex,Lagos Island
5bdrm Duplex in Chevron for sale,"Lekki, Chevron",Chevron,Lekki,1500000000.0,400.0,5,5,Semi-Furnished,enterprise,Duplex,Lagos Island
"5bdrm Duplex in River Park Estate, Lugbe District for sale","Abuja (FCT), Lugbe District",Lugbe District,Abuja (FCT),300000000.0,550.0,5,6,Unfurnished,enterprise,Duplex,Abuja (FCT)
4bdrm Duplex in Guzape District for sale,"Abuja (FCT), Guzape District",Guzape District,Abuja (FCT),400000000.0,300.0,4,4,Semi-Furnished,enterprise,Duplex,Abuja (FCT)
5bdrm Duplex in Lekki for sale,"Lagos State, Lekki",Lekki,Lagos State,350000000.0,250.0,5,5,Unfurnished,enterprise,Duplex,Lagos Island
4bdrm Duplex in Lekki Phase 1 for sale,"Lekki, Lekki Phase 1",Lekki Phase 1,Lekki,750000000.0,250.0,4,4,Unfurnished,enterprise,Duplex,Lagos Island
5bdrm Duplex in Ojodu for sale,"Lagos State, Ojodu",Ojodu,Lagos State,400000000.0,550.0,5,5,Unfurnished,enterprise,Duplex,Lagos Mainland
4bdrm Duplex in Gbalajam Woji for sale,"Port-Harcourt, Woji",Woji,Port-Harcourt,330000000.0,330.0,4,4,Semi-Furnished,enterprise,Duplex,Rivers State
4bdrm Duplex in Lekki for sale,"Lagos State, Lekki",Lekki,Lagos State,100000000.0,250.0,4,4,Semi-Furnished,diamond,Duplex,Lagos Island
"3bdrm Duplex in Naf Harmony Estate, Port-Harcourt for sale","Rivers State, Port-Harcourt",Port-Harcourt,Rivers State,300000000.0,465.0,3,4,Semi-Furnished,enterprise,Duplex,Rivers State
5bdrm Duplex in Ada George Port for sale,"Rivers State, Port-Harcourt",Port-Harcourt,Rivers State,400000000.0,955.0,5,7,Semi-Furnished,enterprise,Duplex,Rivers State
"Furnished 3bdrm Block of Flats in Kings Court, Ikeja GRA for sale","Ikeja, Ikeja GRA",Ikeja GRA,Ikeja,450000000.0,600.0,3,3,Furnished,enterprise,Block Of Flats,Lagos Mainland
5bdrm Duplex in Osapa London Lekki for sale,"Lekki, Osapa london",Osapa london,Lekki,1650000000.0,1000.0,5,6,Semi-Furnished,enterprise,Duplex,Lagos Island
"5bdrm Duplex in Naf Valley Estate, Asokoro for sale","Abuja (FCT), Asokoro",Asokoro,Abuja (FCT),650000000.0,820.0,5,5,Unfurnished,enterprise,Duplex,Abuja (FCT)
5bdrm Duplex in Omole Phase 1 for sale,"Ikeja, Omole Phase 1",Omole Phase 1,Ikeja,850000000.0,400.0,5,5,Unfurnished,enterprise,Duplex,Lagos Mainland
5bdrm Duplex in Lekki for sale,"Lagos State, Lekki",Lekki,Lagos State,1300000000.0,500.0,5,5,Semi-Furnished,enterprise,Duplex,Lagos Island
4bdrm Duplex in Guzape District for sale,"Abuja (FCT), Guzape District",Guzape District,Abuja (FCT),450000000.0,200.0,4,4,Semi-Furnished,enterprise,Duplex,Abuja (FCT)
5bdrm Duplex in Off Lekki-Epe Expressway for sale,"Ajah, Off Lekki-Epe Expressway",Off Lekki-Epe Expressway,Ajah,700000000.0,450.0,5,5,Semi-Furnished,enterprise,Duplex,Lagos Island
5bdrm Duplex in Maitama for sale,"Abuja (FCT), Maitama",Maitama,Abuja (FCT),2000000000.0,700.0,5,6,Unfurnished,enterprise,Duplex,Abuja (FCT)
3bdrm Duplex in Pen Cinema for sale,"Agege, Pen Cinema",Pen Cinema,Agege,140000000.0,1000.0,3,1,Unfurnished,enterprise,Duplex,Lagos Mainland
2bdrm Apartment in Alausa Ikeja Lagos for sale,"Ikeja, Alausa",Alausa,Ikeja,230000000.0,1000.0,2,2,Semi-Furnished,enterprise,Apartment,Lagos Mainland
5bdrm Duplex in Lekki for sale,"Lagos State, Lekki",Lekki,Lagos State,470000000.0,400.0,5,5,Semi-Furnished,enterprise,Duplex,Lagos Island
Furnished 4bdrm Duplex in Sangotedo Lagos for sale,"Ajah, Sangotedo",Sangotedo,Ajah,240000000.0,767.0,4,3,Furnished,enterprise,Duplex,Lagos Island
4bdrm Duplex in Ajah for sale,"Lagos State, Ajah",Ajah,Lagos State,170000000.0,250.0,4,4,Unfurnished,enterprise,Duplex,Lagos Island
5bdrm Duplex in Ojodu for sale,"Lagos State, Ojodu",Ojodu,Lagos State,580000000.0,400.0,5,5,Unfurnished,enterprise,Duplex,Lagos Mainland
"3bdrm Bungalow in Ada George, Port-Harcourt for sale","Rivers State, Port-Harcourt",Port-Harcourt,Rivers State,100000000.0,465.0,3,3,Semi-Furnished,enterprise,Bungalow,Rivers State
5bdrm Duplex in Lekki Palm City for sale,"Lagos State, Lekki",Lekki,Lagos State,260000000.0,10.0,5,5,Unfurnished,enterprise,Duplex,Lagos Island
3bdrm Duplex in Ikota for sale,"Lekki, Ikota",Ikota,Lekki,170000000.0,1000.0,3,1,Unfurnished,enterprise,Duplex,Lagos Island
4bdrm Duplex in Alaka Estate for sale,"Surulere, Alaka Estate",Alaka Estate,Surulere,450000000.0,1000.0,4,1,Unfurnished,enterprise,Duplex,Lagos Mainland
4bdrm House in Old Ikoyi for sale,"Ikoyi, Old Ikoyi",Old Ikoyi,Ikoyi,450000000.0,1000.0,4,1,Unfurnished,enterprise,House,Lagos Island
4bdrm House in Ikeja GRA for sale,"Ikeja, Ikeja GRA",Ikeja GRA,Ikeja,800000000.0,1000.0,4,1,Unfurnished,enterprise,House,Lagos Mainland
4bdrm Duplex in Life Camp for sale,"Gwarinpa, Life Camp",Life Camp,Gwarinpa,200000000.0,350.0,4,6,Unfurnished,enterprise,Duplex,Abuja (FCT)
"5bdrm Duplex in Efab City Estate, Life Camp for sale","Gwarinpa, Life Camp",Life Camp,Gwarinpa,400000000.0,620.0,5,5,Semi-Furnished,enterprise,Duplex,Abuja (FCT)
4bdrm Block of Flats in Ejigbo for sale,"Ejigbo, Ejigbo / Ejigbo",Ejigbo / Ejigbo,Ejigbo,120000000.0,500.0,4,4,Unfurnished,enterprise,Block Of Flats,Lagos Mainland
7bdrm Duplex in Galadimawa for sale,"Abuja (FCT), Galadimawa",Galadimawa,Abuja (FCT),315000000.0,500.0,7,8,Unfurnished,enterprise,Duplex,Abuja (FCT)
3bdrm Maisonette in Osborne Foreshore Estate for sale,"Ikoyi, Osborne Foreshore Estate",Osborne Foreshore Estate,Ikoyi,540000000.0,150.0,3,3,Unfurnished,enterprise,Maisonette,Lagos Island
7bdrm Duplex in Lekki for sale,"Lagos State, Lekki",Lekki,Lagos State,800000000.0,500.0,7,7,Unfurnished,enterprise,Duplex,Lagos Island
3bdrm Duplex in Ilupeju for sale,"Lagos State, Ilupeju",Ilupeju,Lagos State,300000000.0,200.0,3,3,Unfurnished,enterprise,Duplex,Lagos Mainland
6bdrm Duplex in Apo Resettlement for sale,"Apo District, Apo Resettlement",Apo Resettlement,Apo District,665000000.0,600.0,6,7,Semi-Furnished,enterprise,Duplex,Abuja (FCT)
"5bdrm Duplex in Barnawa Gra Phase 1, Kaduna / Kaduna State for sale","Kaduna State, Kaduna / Kaduna State",Kaduna / Kaduna State,Kaduna State,108000000.0,900.0,5,5,Semi-Furnished,enterprise,Duplex,Kaduna State
5bdrm Duplex in Lekki Phase 1 for sale,"Lekki, Lekki Phase 1",Lekki Phase 1,Lekki,1100000000.0,1000.0,5,1,Unfurnished,enterprise,Duplex,Lagos Island
5bdrm Duplex in Lekki Phase 1 for sale,"Lekki, Lekki Phase 1",Lekki Phase 1,Lekki,1200000000.0,1000.0,5,1,Unfurnished,enterprise,Duplex,Lagos Island
4bdrm Duplex in Opebi Ikeja Lagos for sale,"Ikeja, Opebi",Opebi,Ikeja,370000000.0,2000.0,4,4,Semi-Furnished,enterprise,Duplex,Lagos Mainland
4bdrm Duplex in Lekki for sale,"Lagos State, Lekki",Lekki,Lagos State,280000000.0,300.0,4,4,Semi-Furnished,enterprise,Duplex,Lagos Island
5bdrm Duplex in Ayobo for sale,"Ipaja, Ayobo",Ayobo,Ipaja,70000000.0,167.0,5,6,Unfurnished,enterprise,Duplex,Lagos Mainland
6bdrm Duplex in Lokogoma for sale,"Abuja (FCT), Lokogoma",Lokogoma,Abuja (FCT),330000000.0,600.0,6,7,Unfurnished,enterprise,Duplex,Abuja (FCT)
"5bdrm Duplex in Bricks Garden, Lugbe District for sale","Abuja (FCT), Lugbe District",Lugbe District,Abuja (FCT),90000000.0,500.0,5,6,Unfurnished,enterprise,Duplex,Abuja (FCT)
5bdrm Duplex in Sangotedo Ajah for sale,"Ajah, Sangotedo",Sangotedo,Ajah,400000000.0,400.0,5,5,Semi-Furnished,enterprise,Duplex,Lagos Island
"4bdrm Duplex in Nuga Luxury, Lugbe District for sale","Abuja (FCT), Lugbe District",Lugbe District,Abuja (FCT),75000000.0,350.0,4,5,Unfurnished,enterprise,Duplex,Abuja (FCT)
5bdrm House in Lekki for sale,"Lagos State, Lekki",Lekki,Lagos State,650000000.0,500.0,5,5,Unfurnished,enterprise,House,Lagos Island
5bdrm Duplex in Abuja (FCT) for sale,Abuja (FCT),Abuja (FCT),,390000000.0,400.0,5,5,Unfurnished,enterprise,Duplex,Abuja (FCT)
"4bdrm Duplex in Choose Estate Off, Rumuosi for sale","Port-Harcourt, Rumuosi",Rumuosi,Port-Harcourt,120000000.0,320.0,4,4,Semi-Furnished,enterprise,Duplex,Rivers State
"3bdrm Duplex in Harmony Estate Off, Obio-Akpor for sale","Rivers State, Obio-Akpor",Obio-Akpor,Rivers State,300000000.0,468.0,3,3,Semi-Furnished,enterprise,Duplex,Rivers State
5bdrm Duplex in Guzape Main Abuja for sale,"Abuja (FCT), Guzape District",Guzape District,Abuja (FCT),807500000.0,500.0,5,6,Semi-Furnished,enterprise,Duplex,Abuja (FCT)
"Furnished 4bdrm Duplex in Centenary City, Enugu for sale","Enugu State, Enugu",Enugu,Enugu State,200000000.0,500.0,4,5,Furnished,enterprise,Duplex,Enugu State
4bdrm Penthouse in Banana Island Ikoyi for sale,"Ikoyi, Banana Island",Banana Island,Ikoyi,2250000000.0,1000.0,4,5,Semi-Furnished,enterprise,Penthouse,Lagos Island
5bdrm Duplex in Adeniyi Jones Ikeja for sale,"Ikeja, Adeniyi Jones",Adeniyi Jones,Ikeja,750000000.0,600.0,5,6,Semi-Furnished,enterprise,Duplex,Lagos Mainland
"6bdrm Duplex in Private Property, Katampe Extension for sale","Katampe, Katampe Extension",Katampe Extension,Katampe,1500000000.0,4000.0,6,6,Semi-Furnished,enterprise,Duplex,Abuja (FCT)
"3bdrm Apartment in Private Property, Katampe (Main) for sale","Katampe, Katampe (Main)",Katampe (Main),Katampe,120000000.0,2200.0,3,3,Unfurnished,enterprise,Apartment,Abuja (FCT)
2bdrm Apartment in Chevron for sale,"Lekki, Chevron",Chevron,Lekki,100000000.0,300.0,2,2,Semi-Furnished,enterprise,Apartment,Lagos Island
"4bdrm Duplex in Riverview (Tinubu), Berger for sale","Ojodu, Berger",Berger,Ojodu,250000000.0,250.0,4,5,Unfurnished,enterprise,Duplex,Lagos Mainland
"4bdrm Bungalow in Royal Garden, Lugbe District for sale","Abuja (FCT), Lugbe District",Lugbe District,Abuja (FCT),80000000.0,400.0,4,5,Unfurnished,enterprise,Bungalow,Abuja (FCT)
2bdrm Apartment in Yaba for sale,"Lagos State, Yaba",Yaba,Lagos State,150000000.0,250.0,2,2,Unfurnished,enterprise,Apartment,Lagos Mainland
5bdrm Duplex in Ajah for sale,"Lagos State, Ajah",Ajah,Lagos State,530000000.0,500.0,5,5,Unfurnished,enterprise,Duplex,Lagos Island
"Furnished 5bdrm Duplex in Ada George, Port-Harcourt for sale","Rivers State, Port-Harcourt",Port-Harcourt,Rivers State,400000000.0,1860.0,5,5,Furnished,enterprise,Duplex,Rivers State
4bdrm Duplex in Guzape Main Abuja for sale,"Abuja (FCT), Guzape District",Guzape District,Abuja (FCT),850000000.0,500.0,4,5,Semi-Furnished,enterprise,Duplex,Abuja (FCT)
4bdrm Duplex in Gbalajam-Woji Port for sale,"Port-Harcourt, Woji",Woji,Port-Harcourt,330000000.0,400.0,4,5,Semi-Furnished,enterprise,Duplex,Rivers State
"Furnished 4bdrm Apartment in Victoria Crest 2, Chevron for sale","Lekki, Chevron",Chevron,Lekki,240000000.0,300.0,4,5,Furnished,enterprise,Apartment,Lagos Island
3bdrm Apartment in Lekki Phase 1 for sale,"Lekki, Lekki Phase 1",Lekki Phase 1,Lekki,160000000.0,500.0,3,3,Unfurnished,enterprise,Apartment,Lagos Island
5bdrm Duplex in Jakande for sale,"Lekki, Jakande",Jakande,Lekki,600000000.0,1000.0,5,1,Unfurnished,enterprise,Duplex,Lagos Island
"3bdrm Bungalow in Pyakasa Axis, Lugbe District for sale","Abuja (FCT), Lugbe District",Lugbe District,Abuja (FCT),95000000.0,600.0,3,4,Unfurnished,enterprise,Bungalow,Abuja (FCT)
"6bdrm Duplex in Country Home, Lugbe District for sale","Abuja (FCT), Lugbe District",Lugbe District,Abuja (FCT),93000000.0,450.0,6,7,Unfurnished,enterprise,Duplex,Abuja (FCT)
"5bdrm Duplex in Independence Layout, Enugu for sale","Enugu State, Enugu",Enugu,Enugu State,700000000.0,1200.0,5,6,Unfurnished,enterprise,Duplex,Enugu State
Furnished 4bdrm Duplex in Katampe Extension for sale,"Katampe, Katampe Extension",Katampe Extension,Katampe,650000000.0,500.0,4,5,Furnished,enterprise,Duplex,Abuja (FCT)
4bdrm Duplex in Ikota for sale,"Lekki, Ikota",Ikota,Lekki,200000000.0,250.0,4,4,Unfurnished,enterprise,Duplex,Lagos Island
"5bdrm Duplex in New Road Ada George, Port-Harcourt for sale","Rivers State, Port-Harcourt",Port-Harcourt,Rivers State,135000000.0,465.0,5,6,Semi-Furnished,enterprise,Duplex,Rivers State
Furnished 4bdrm Duplex in Sangotedo for sale,"Ajah, Sangotedo",Sangotedo,Ajah,180000000.0,500.0,4,4,Furnished,enterprise,Duplex,Lagos Island
2bdrm House in Bode Thomas for sale,"Surulere, Bode Thomas",Bode Thomas,Surulere,95000000.0,1000.0,2,1,Unfurnished,enterprise,House,Lagos Mainland
5bdrm Duplex in Chevron Drive Lekki for sale,"Lekki, Chevron",Chevron,Lekki,600000000.0,500.0,5,6,Semi-Furnished,enterprise,Duplex,Lagos Island
6bdrm Duplex in Katampe for sale,"Abuja (FCT), Katampe",Katampe,Abuja (FCT),850000000.0,500.0,6,7,Unfurnished,enterprise,Duplex,Abuja (FCT)
5bdrm Villa in Apo District for sale,"Abuja (FCT), Apo District",Apo District,Abuja (FCT),650000000.0,600.0,5,7,Unfurnished,enterprise,Unknown,Abuja (FCT)
5bdrm Duplex in Akobo for sale,"Ibadan, Akobo",Akobo,Ibadan,190000000.0,500.0,5,6,Unfurnished,enterprise,Duplex,Oyo State
5bdrm Duplex in Asokoro for sale,"Abuja (FCT), Asokoro",Asokoro,Abuja (FCT),1000000000.0,800.0,5,5,Unfurnished,enterprise,Duplex,Abuja (FCT)
Furnished 4bdrm Apartment in Lekki Phase 2 for sale,"Lekki, Lekki Phase 2",Lekki Phase 2,Lekki,340000000.0,400.0,4,4,Furnished,enterprise,Apartment,Lagos Island
2bdrm Apartment in Katampe Extension for sale,"Katampe, Katampe Extension",Katampe Extension,Katampe,150000000.0,150.0,2,2,Semi-Furnished,enterprise,Apartment,Abuja (FCT)
5bdrm Duplex in Lekki for sale,"Lagos State, Lekki",Lekki,Lagos State,500000000.0,450.0,5,5,Semi-Furnished,enterprise,Duplex,Lagos Island
Furnished 4bdrm Duplex in Lekki Phase 2 for sale,"Lekki, Lekki Phase 2",Lekki Phase 2,Lekki,230000000.0,500.0,4,5,Furnished,enterprise,Duplex,Lagos Island
4bdrm Duplex in Ayobo for sale,"Ipaja, Ayobo",Ayobo,Ipaja,120000000.0,1000.0,4,1,Unfurnished,enterprise,Duplex,Lagos Mainland
4bdrm Duplex in Opebi for sale,"Ikeja, Opebi",Opebi,Ikeja,520000000.0,1000.0,4,1,Unfurnished,enterprise,Duplex,Lagos Mainland
"3bdrm Duplex in Citadel City, Sangotedo for sale","Ajah, Sangotedo",Sangotedo,Ajah,206000000.0,500.0,3,4,Semi-Furnished,enterprise,Duplex,Lagos Island
5bdrm Duplex in Lekki for sale,"Lagos State, Lekki",Lekki,Lagos State,1400000000.0,400.0,5,5,Semi-Furnished,enterprise,Duplex,Lagos Island
3bdrm Apartment in Idu By Nizamiye for sale,"Jiwa, Idu",Idu,Jiwa,110000000.0,250.0,3,4,Unfurnished,enterprise,Apartment,Abuja (FCT)
5bdrm Duplex in Abuja (FCT) for sale,Abuja (FCT),Abuja (FCT),,2000000000.0,160.0,5,5,Unfurnished,enterprise,Duplex,Abuja (FCT)
5bdrm Duplex in Omole Phase 1 for sale,"Ikeja, Omole Phase 1",Omole Phase 1,Ikeja,700000000.0,450.0,5,5,Unfurnished,enterprise,Duplex,Lagos Mainland
Furnished 2bdrm Apartment in Lekki Phase 1 for sale,"Lekki, Lekki Phase 1",Lekki Phase 1,Lekki,270000000.0,150.0,2,2,Furnished,enterprise,Apartment,Lagos Island
Furnished 2bdrm Penthouse in Lekki for sale,"Lagos State, Lekki",Lekki,Lagos State,180000000.0,150.0,2,2,Furnished,enterprise,Penthouse,Lagos Island
7bdrm Duplex in Lekki for sale,"Lagos State, Lekki",Lekki,Lagos State,2200000000.0,500.0,7,7,Unfurnished,enterprise,Duplex,Lagos Island
"3bdrm Bungalow in Ada George, Obio-Akpor for sale","Rivers State, Obio-Akpor",Obio-Akpor,Rivers State,100000000.0,465.0,3,3,Semi-Furnished,enterprise,Bungalow,Rivers State
"4bdrm Duplex in Lekki Palm City, Ajah for sale","Lagos State, Ajah",Ajah,Lagos State,250000000.0,10.0,4,4,Unfurnished,enterprise,Duplex,Lagos Island
"4bdrm Duplex in Ikota Gra, Lekki for sale","Lagos State, Lekki",Lekki,Lagos State,200000000.0,10.0,4,4,Unfurnished,enterprise,Duplex,Lagos Island
"4bdrm Duplex in General Paint, Ajah for sale","Lagos State, Ajah",Ajah,Lagos State,160000000.0,10.0,4,4,Unfurnished,enterprise,Duplex,Lagos Island
5bdrm Duplex in Chevron for sale,"Lekki, Chevron",Chevron,Lekki,849000000.0,1000.0,5,1,Unfurnished,enterprise,Duplex,Lagos Island
4bdrm Duplex in Adeniyi Jones for sale,"Ikeja, Adeniyi Jones",Adeniyi Jones,Ikeja,550000000.0,1000.0,4,1,Unfurnished,enterprise,Duplex,Lagos Mainland
3bdrm Duplex in Galadimawa for sale,"Abuja (FCT), Galadimawa",Galadimawa,Abuja (FCT),200000000.0,950.0,3,3,Unfurnished,enterprise,Duplex,Abuja (FCT)
5bdrm Duplex in Ogudu Gra Lagos for sale,"Ogudu, Ogudu GRA",Ogudu GRA,Ogudu,600000000.0,1000.0,5,6,Semi-Furnished,enterprise,Duplex,Lagos Mainland
6bdrm Duplex in Ijegun Ikotun Lagos for sale,"Ikotun/Igando, Ijegun",Ijegun,Ikotun/Igando,180000000.0,678.0,6,7,Semi-Furnished,enterprise,Duplex,Lagos Mainland
4bdrm Apartment in Banana Island Ikoyi for sale,"Ikoyi, Banana Island",Banana Island,Ikoyi,2200000000.0,2000.0,4,5,Semi-Furnished,enterprise,Apartment,Lagos Island
4bdrm Duplex in Ajah for sale,"Lagos State, Ajah",Ajah,Lagos State,175000000.0,350.0,4,4,Semi-Furnished,enterprise,Duplex,Lagos Island
"5bdrm Duplex in Light House Estate, Lugbe District for sale","Abuja (FCT), Lugbe District",Lugbe District,Abuja (FCT),370000000.0,763.0,5,6,Semi-Furnished,enterprise,Duplex,Abuja (FCT)
"3bdrm Duplex in F01, Kubwa for sale","Abuja (FCT), Kubwa",Kubwa,Abuja (FCT),90000000.0,250.0,3,4,Unfurnished,enterprise,Duplex,Abuja (FCT)
3bdrm Apartment in Yaba for sale,"Lagos State, Yaba",Yaba,Lagos State,220000000.0,250.0,3,3,Unfurnished,enterprise,Apartment,Lagos Mainland
4bdrm Bungalow in Akobo for sale,"Ibadan, Akobo",Akobo,Ibadan,95000000.0,500.0,4,5,Unfurnished,enterprise,Bungalow,Oyo State
"3bdrm Duplex in Rayfield ,, Ibadan for sale","Oyo State, Ibadan",Ibadan,Oyo State,150000000.0,450.0,3,3,Unfurnished,enterprise,Duplex,Oyo State
4bdrm Duplex in Ibadan for sale,"Oyo State, Ibadan",Ibadan,Oyo State,185000000.0,450.0,4,4,Unfurnished,enterprise,Duplex,Oyo State
3bdrm Bungalow in Majesty Estate Off for sale,"Rivers State, Port-Harcourt",Port-Harcourt,Rivers State,125000000.0,300.0,3,4,Semi-Furnished,enterprise,Bungalow,Rivers State
5bdrm Duplex in Sangotedo for sale,"Ajah, Sangotedo",Sangotedo,Ajah,300000000.0,320.0,5,5,Semi-Furnished,enterprise,Duplex,Lagos Island
3bdrm House in Omole Phase 1 for sale,"Ikeja, Omole Phase 1",Omole Phase 1,Ikeja,320000000.0,1000.0,3,1,Unfurnished,enterprise,House,Lagos Mainland
3bdrm Block of Flats in Off Egbeda Iyana for sale,"Egbeda, Egbeda / Egbeda",Egbeda / Egbeda,Egbeda,250000000.0,641.0,3,4,Semi-Furnished,enterprise,Block Of Flats,Oyo State
Furnished 5bdrm Duplex in Ogba Gra Didiolu for sale,"Ogba, Ogba GRA",Ogba GRA,Ogba,540000000.0,450.0,5,6,Furnished,enterprise,Duplex,Lagos Mainland
5bdrm Duplex in Lekki Phase 1 for sale,"Lekki, Lekki Phase 1",Lekki Phase 1,Lekki,1300000000.0,300.0,5,5,Semi-Furnished,enterprise,Duplex,Lagos Island
2bdrm Apartment in Lekki for sale,"Lagos State, Lekki",Lekki,Lagos State,200000000.0,350.0,2,2,Semi-Furnished,enterprise,Apartment,Lagos Island
6bdrm Duplex in 3Rd Avenue Gwarinpa for sale,"Abuja (FCT), Gwarinpa",Gwarinpa,Abuja (FCT),850000000.0,600.0,6,7,Unfurnished,enterprise,Duplex,Abuja (FCT)
5bdrm Duplex in Osapa Lekki Lagos for sale,"Lekki, Osapa london",Osapa london,Lekki,350000000.0,400.0,5,5,Semi-Furnished,enterprise,Duplex,Lagos Island
"4bdrm Duplex in Centenary City, Enugu for sale","Enugu State, Enugu",Enugu,Enugu State,220000000.0,500.0,4,5,Unfurnished,enterprise,Duplex,Enugu State
4bdrm Duplex in Ogudu for sale,"Lagos State, Ogudu",Ogudu,Lagos State,550000000.0,250.0,4,4,Unfurnished,enterprise,Duplex,Lagos Mainland
"6bdrm Duplex in Royal Estate, Obio-Akpor for sale","Rivers State, Obio-Akpor",Obio-Akpor,Rivers State,220000000.0,465.0,6,6,Unfurnished,enterprise,Duplex,Rivers State
5bdrm Duplex in Ikate for sale,"Lekki, Ikate",Ikate,Lekki,450000000.0,10.0,5,5,Unfurnished,enterprise,Duplex,Lagos Island
4bdrm Maisonette in Ikoyi S.W for sale,"Ikoyi, Ikoyi S.W",Ikoyi S.W,Ikoyi,1800000000.0,1000.0,4,1,Unfurnished,enterprise,Maisonette,Lagos Island
5bdrm House in Alausa for sale,"Ikeja, Alausa",Alausa,Ikeja,800000000.0,1000.0,5,1,Unfurnished,enterprise,House,Lagos Mainland
3bdrm Block of Flats in Igbo-Efun Lekki for sale,"Lekki, Igbo-efon",Igbo-efon,Lekki,350000000.0,708.0,3,3,Semi-Furnished,enterprise,Block Of Flats,Lagos Island
Furnished 5bdrm Duplex in Western Foreshore for sale,"Lekki, Lekki Phase 1",Lekki Phase 1,Lekki,1200000000.0,600.0,5,6,Furnished,enterprise,Duplex,Lagos Island
2bdrm Apartment in Abijo Gra Lagos for sale,"Ibeju, Abijo",Abijo,Ibeju,80000000.0,1000.0,2,2,Semi-Furnished,enterprise,Apartment,Lagos Island
3bdrm Apartment in Mabushi for sale,"Abuja (FCT), Mabushi",Mabushi,Abuja (FCT),185000000.0,300.0,3,3,Unfurnished,enterprise,Apartment,Abuja (FCT)
4bdrm Duplex in Ogudu GRA for sale,"Ogudu, Ogudu GRA",Ogudu GRA,Ogudu,550000000.0,350.0,4,4,Unfurnished,enterprise,Duplex,Lagos Mainland
3bdrm Duplex in Ajah for sale,"Lagos State, Ajah",Ajah,Lagos State,95000000.0,300.0,3,3,Unfurnished,enterprise,Duplex,Lagos Island
5bdrm Duplex in Apo Resettlement for sale,"Apo District, Apo Resettlement",Apo Resettlement,Apo District,665000000.0,600.0,5,6,Semi-Furnished,enterprise,Duplex,Abuja (FCT)
Furnished 5bdrm Duplex in Jahi for sale,"Abuja (FCT), Jahi",Jahi,Abuja (FCT),600000000.0,650.0,5,6,Furnished,enterprise,Duplex,Abuja (FCT)
3bdrm Block of Flats in Guzape District for sale,"Abuja (FCT), Guzape District",Guzape District,Abuja (FCT),350000000.0,250.0,3,4,Unfurnished,enterprise,Block Of Flats,Abuja (FCT)
5bdrm Duplex in Osapa london for sale,"Lekki, Osapa london",Osapa london,Lekki,1800000000.0,1000.0,5,1,Unfurnished,enterprise,Duplex,Lagos Island
4bdrm Duplex in Ogba Gra for sale,"Ogba, Ogba GRA",Ogba GRA,Ogba,260000000.0,2000.0,4,5,Semi-Furnished,enterprise,Duplex,Lagos Mainland
4bdrm Maisonette in Old Ikoyi Lagos for sale,"Ikoyi, Old Ikoyi",Old Ikoyi,Ikoyi,2000000000.0,1000.0,4,5,Semi-Furnished,enterprise,Maisonette,Lagos Island
3bdrm Apartment in Gbagada Lagos for sale,"Gbagada, Ifako-Gbagada",Ifako-Gbagada,Gbagada,200000000.0,1000.0,3,4,Semi-Furnished,enterprise,Apartment,Lagos Mainland
5bdrm Duplex in Lekki Phase 1 Lagos for sale,"Lekki, Lekki Phase 1",Lekki Phase 1,Lekki,1600000000.0,500.0,5,6,Semi-Furnished,enterprise,Duplex,Lagos Island
4bdrm Duplex in Naf Valley Estate for sale,"Abuja (FCT), Asokoro",Asokoro,Abuja (FCT),850000000.0,650.0,4,4,Unfurnished,enterprise,Duplex,Abuja (FCT)
4bdrm House in Wuse for sale,"Abuja (FCT), Wuse 2",Wuse 2,Abuja (FCT),650000000.0,450.0,4,4,Unfurnished,enterprise,House,Abuja (FCT)
2bdrm Apartment in Lekki for sale,"Lagos State, Lekki",Lekki,Lagos State,370000000.0,350.0,2,2,Semi-Furnished,enterprise,Apartment,Lagos Island
4bdrm Duplex in Lekki for sale,"Lekki, Lekki Phase 1",Lekki Phase 1,Lekki,600000000.0,300.0,4,5,Unfurnished,enterprise,Duplex,Lagos Island
"Furnished 6bdrm Duplex in Ochacho Estate, Life Camp for sale","Gwarinpa, Life Camp",Life Camp,Gwarinpa,450000000.0,350.0,6,7,Furnished,enterprise,Duplex,Abuja (FCT)
4bdrm Duplex in Sangotedo Ajah for sale,"Ajah, Sangotedo",Sangotedo,Ajah,161000000.0,342.0,4,4,Semi-Furnished,enterprise,Duplex,Lagos Island
2bdrm Apartment in Lekki for sale,"Lagos State, Lekki",Lekki,Lagos State,280000000.0,150.0,2,2,Unfurnished,enterprise,Apartment,Lagos Island
4bdrm Duplex in Ajah for sale,"Lagos State, Ajah",Ajah,Lagos State,230000000.0,500.0,4,4,Unfurnished,enterprise,Duplex,Lagos Island
Furnished 3bdrm Apartment in Ikoyi for sale,"Lagos State, Ikoyi",Ikoyi,Lagos State,680000000.0,250.0,3,3,Furnished,enterprise,Apartment,Lagos Island
5bdrm Duplex in Idado for sale,"Lekki, Idado",Idado,Lekki,400000000.0,350.0,5,5,Unfurnished,enterprise,Duplex,Lagos Island
"5bdrm Duplex in Gwarinpa Main Abuja, Life Camp for sale","Gwarinpa, Life Camp",Life Camp,Gwarinpa,850000000.0,450.0,5,6,Semi-Furnished,enterprise,Duplex,Abuja (FCT)
Furnished 2bdrm Apartment in Iwaya for sale,"Yaba, Iwaya",Iwaya,Yaba,100000000.0,600.0,2,2,Furnished,enterprise,Apartment,Lagos Mainland
4bdrm House in Alaka Estate for sale,"Surulere, Alaka Estate",Alaka Estate,Surulere,450000000.0,1000.0,4,1,Unfurnished,enterprise,House,Lagos Mainland
5bdrm Bungalow in Lokogoma for sale,"Abuja (FCT), Lokogoma",Lokogoma,Abuja (FCT),130000000.0,850.0,5,5,Unfurnished,enterprise,Bungalow,Abuja (FCT)
3bdrm Block of Flats in Abulegba Lagos for sale,"Lagos State, Abule Egba",Abule Egba,Lagos State,300000000.0,600.0,3,4,Semi-Furnished,enterprise,Block Of Flats,Lagos Mainland
"3bdrm Block of Flats in Private Property, Dape for sale","Gwarinpa, Dape",Dape,Gwarinpa,120000000.0,850.0,3,3,Unfurnished,enterprise,Block Of Flats,Abuja (FCT)
4bdrm Duplex in Life Camp for sale,"Gwarinpa, Life Camp",Life Camp,Gwarinpa,350000000.0,250.0,4,4,Unfurnished,enterprise,Duplex,Abuja (FCT)
4bdrm Duplex in Lekki for sale,"Lagos State, Lekki",Lekki,Lagos State,470000000.0,800.0,4,4,Unfurnished,enterprise,Duplex,Lagos Island
Furnished 2bdrm Apartment in Ikate Palm Spring for sale,"Lekki, Ikate",Ikate,Lekki,200000000.0,200.0,2,3,Furnished,enterprise,Apartment,Lagos Island
5bdrm Duplex in Utako for sale,"Abuja (FCT), Utako",Utako,Abuja (FCT),800000000.0,500.0,5,6,Unfurnished,enterprise,Duplex,Abuja (FCT)
"4bdrm Duplex in Nuga Luxury Estate, Lugbe District for sale","Abuja (FCT), Lugbe District",Lugbe District,Abuja (FCT),150000000.0,350.0,4,5,Unfurnished,enterprise,Duplex,Abuja (FCT)
"7bdrm Duplex in River Park Estate, Lugbe District for sale","Abuja (FCT), Lugbe District",Lugbe District,Abuja (FCT),350000000.0,750.0,7,8,Unfurnished,enterprise,Duplex,Abuja (FCT)
5bdrm Duplex in Jabi for sale,"Abuja (FCT), Jabi",Jabi,Abuja (FCT),1100000000.0,350.0,5,5,Unfurnished,enterprise,Duplex,Abuja (FCT)
3bdrm Apartment in Surulere for sale,"Lagos State, Surulere",Surulere,Lagos State,170000000.0,200.0,3,3,Semi-Furnished,enterprise,Apartment,Lagos Mainland
2bdrm Apartment in Chevron for sale,"Lekki, Chevron",Chevron,Lekki,180000000.0,150.0,2,2,Unfurnished,enterprise,Apartment,Lagos Island
"4bdrm Duplex in Ikota Gra, Lekki for sale","Lagos State, Lekki",Lekki,Lagos State,250000000.0,10.0,4,4,Unfurnished,enterprise,Duplex,Lagos Island
5bdrm Duplex in Wuye Abuja for sale,"Abuja (FCT), Wuye",Wuye,Abuja (FCT),1400000000.0,500.0,5,6,Semi-Furnished,enterprise,Duplex,Abuja (FCT)
3bdrm Apartment in Jahi for sale,"Abuja (FCT), Jahi",Jahi,Abuja (FCT),250000000.0,200.0,3,3,Unfurnished,enterprise,Apartment,Abuja (FCT)
"5bdrm Duplex in Osapa London, Jakande for sale","Lekki, Jakande",Jakande,Lekki,400000000.0,200.0,5,5,Unfurnished,enterprise,Duplex,Lagos Island
5bdrm Duplex in Osapa london for sale,"Lekki, Osapa london",Osapa london,Lekki,1720000000.0,450.0,5,5,Semi-Furnished,enterprise,Duplex,Lagos Island
"3bdrm Bungalow in High Cost, Kaduna / Kaduna State for sale","Kaduna State, Kaduna / Kaduna State",Kaduna / Kaduna State,Kaduna State,82800000.0,900.0,3,4,Unfurnished,enterprise,Bungalow,Kaduna State
"6bdrm Duplex in Private Property, Guzape District for sale","Abuja (FCT), Guzape District",Guzape District,Abuja (FCT),750000000.0,500.0,6,6,Unfurnished,enterprise,Duplex,Abuja (FCT)
3bdrm Apartment in Lekki Phase 1 for sale,"Lekki, Lekki Phase 1",Lekki Phase 1,Lekki,320000000.0,300.0,3,3,Semi-Furnished,enterprise,Apartment,Lagos Island
2bdrm Apartment in Lekki Phase 1 for sale,"Lekki, Lekki Phase 1",Lekki Phase 1,Lekki,300000000.0,300.0,2,2,Semi-Furnished,enterprise,Apartment,Lagos Island
11bdrm Apartment in Aguda Surulere Lagos for sale,"Surulere, Aguda / Surulere",Aguda / Surulere,Surulere,400000000.0,613.0,11,13,Unfurnished,enterprise,Apartment,Lagos Mainland
"3bdrm Bungalow in Jedo Estate, Lugbe District for sale","Abuja (FCT), Lugbe District",Lugbe District,Abuja (FCT),130000000.0,500.0,3,4,Unfurnished,enterprise,Bungalow,Abuja (FCT)
"4bdrm Duplex in Unity Estate Off, Obio-Akpor for sale","Rivers State, Obio-Akpor",Obio-Akpor,Rivers State,130000000.0,465.0,4,4,Semi-Furnished,enterprise,Duplex,Rivers State
5bdrm Duplex in Apo Resettlement for sale,"Apo District, Apo Resettlement",Apo Resettlement,Apo District,550000000.0,600.0,5,6,Semi-Furnished,enterprise,Duplex,Abuja (FCT)
"Furnished 4bdrm Duplex in Valley Estate, Enugu for sale","Enugu State, Enugu",Enugu,Enugu State,260000000.0,500.0,4,5,Furnished,enterprise,Duplex,Enugu State
5bdrm Duplex in Opebi for sale,"Ikeja, Opebi",Opebi,Ikeja,650000000.0,1000.0,5,1,Unfurnished,enterprise,Duplex,Lagos Mainland
5bdrm Duplex in Apo Resettlement for sale,"Apo District, Apo Resettlement",Apo Resettlement,Apo District,750000000.0,466.0,5,1,Unfurnished,enterprise,Duplex,Abuja (FCT)
3bdrm Apartment in Lekki for sale,"Lagos State, Lekki",Lekki,Lagos State,450000000.0,350.0,3,3,Semi-Furnished,enterprise,Apartment,Lagos Island
2bdrm Apartment in Wuye for sale,"Abuja (FCT), Wuye",Wuye,Abuja (FCT),110000000.0,200.0,2,3,Unfurnished,enterprise,Apartment,Abuja (FCT)
5bdrm Duplex in Osapa London for sale,"Lekki, Osapa london",Osapa london,Lekki,460000000.0,450.0,5,5,Semi-Furnished,enterprise,Duplex,Lagos Island
"7bdrm Duplex in Efab Global Estate, Idu Industrial for sale","Abuja (FCT), Idu Industrial",Idu Industrial,Abuja (FCT),450000000.0,700.0,7,8,Unfurnished,enterprise,Duplex,Abuja (FCT)
2bdrm Apartment in Ajah for sale,"Lagos State, Ajah",Ajah,Lagos State,90000000.0,150.0,2,2,Unfurnished,enterprise,Apartment,Lagos Island
5bdrm Duplex in Gbagada for sale,"Lagos State, Gbagada",Gbagada,Lagos State,600000000.0,350.0,5,5,Unfurnished,enterprise,Duplex,Lagos Mainland
3bdrm Maisonette in Lekki Phase 1 for sale,"Lekki, Lekki Phase 1",Lekki Phase 1,Lekki,320000000.0,150.0,3,3,Unfurnished,enterprise,Maisonette,Lagos Island
"4bdrm Duplex in Odani Estate Off, Port-Harcourt for sale","Rivers State, Port-Harcourt",Port-Harcourt,Rivers State,220000000.0,500.0,4,4,Semi-Furnished,enterprise,Duplex,Rivers State
6bdrm Bungalow in Alakia for sale,"Ibadan, Alakia",Alakia,Ibadan,85000000.0,750.0,6,6,Unfurnished,enterprise,Bungalow,Oyo State
Furnished 3bdrm Duplex in Idu Industrial for sale,"Abuja (FCT), Idu Industrial",Idu Industrial,Abuja (FCT),160000000.0,300.0,3,3,Furnished,enterprise,Duplex,Abuja (FCT)
5bdrm Duplex in Asokoro for sale,"Abuja (FCT), Asokoro",Asokoro,Abuja (FCT),850000000.0,800.0,5,5,Unfurnished,enterprise,Duplex,Abuja (FCT)
"5bdrm Duplex in Royal Pine Estate, Lekki Phase 2 for sale","Lekki, Lekki Phase 2",Lekki Phase 2,Lekki,480000000.0,350.0,5,5,Semi-Furnished,enterprise,Duplex,Lagos Island
"4bdrm Duplex in Lekki Scheme Two, Abraham Adesanya Estate for sale","Ajah, Abraham Adesanya Estate",Abraham Adesanya Estate,Ajah,200000000.0,250.0,4,4,Semi-Furnished,enterprise,Duplex,Lagos Island
"Furnished 4bdrm Duplex in Country Mews Court, Ibeju for sale","Lagos State, Ibeju",Ibeju,Lagos State,110000000.0,1296.0,4,4,Furnished,enterprise,Duplex,Lagos Island
2bdrm Apartment in Lekki for sale,"Lagos State, Lekki",Lekki,Lagos State,100000000.0,600.0,2,3,Semi-Furnished,enterprise,Apartment,Lagos Island
"5bdrm Mansion in River Park Estate,, FHA for sale","Lugbe District, FHA",FHA,Lugbe District,350000000.0,450.0,5,8,Semi-Furnished,False,Mansion,Abuja (FCT)
4bdrm Duplex in Maitama for sale,"Abuja (FCT), Maitama",Maitama,Abuja (FCT),1500000000.0,700.0,4,5,Unfurnished,enterprise,Duplex,Abuja (FCT)
7bdrm House in Ikate for sale,"Lekki, Ikate",Ikate,Lekki,1800000000.0,1000.0,7,1,Unfurnished,enterprise,House,Lagos Island
2bdrm House in Lekki Phase 1 for sale,"Lekki, Lekki Phase 1",Lekki Phase 1,Lekki,280000000.0,1000.0,2,1,Unfurnished,enterprise,House,Lagos Island
"4bdrm Duplex in Area In Surulere, for sale","Surulere, Aguda / Surulere",Aguda / Surulere,Surulere,300000000.0,301.0,4,5,Unfurnished,enterprise,Duplex,Lagos Mainland
"3bdrm Bungalow in Palm Height Estate, Lugbe District for sale","Abuja (FCT), Lugbe District",Lugbe District,Abuja (FCT),100000000.0,500.0,3,4,Unfurnished,enterprise,Bungalow,Abuja (FCT)
"4bdrm Bungalow in Sunnyvale Estate, Lokogoma for sale","Abuja (FCT), Lokogoma",Lokogoma,Abuja (FCT),300000000.0,600.0,4,5,Semi-Furnished,enterprise,Bungalow,Abuja (FCT)
"4bdrm Duplex in Technocrats, Lugbe District for sale","Abuja (FCT), Lugbe District",Lugbe District,Abuja (FCT),100000000.0,450.0,4,5,Unfurnished,enterprise,Duplex,Abuja (FCT)
3bdrm Apartment in Utako for sale,"Abuja (FCT), Utako",Utako,Abuja (FCT),165000000.0,300.0,3,4,Unfurnished,enterprise,Apartment,Abuja (FCT)
4bdrm Duplex in Ikoyi for sale,"Lagos State, Ikoyi",Ikoyi,Lagos State,1400000000.0,350.0,4,4,Unfurnished,enterprise,Duplex,Lagos Island
2bdrm Apartment in Lekki for sale,"Lagos State, Lekki",Lekki,Lagos State,245000000.0,220.0,2,2,Semi-Furnished,enterprise,Apartment,Lagos Island
5bdrm Duplex in Lekki for sale,"Lagos State, Lekki",Lekki,Lagos State,580000000.0,500.0,5,5,Unfurnished,enterprise,Duplex,Lagos Island
4bdrm Duplex in Ikota for sale,"Lekki, Ikota",Ikota,Lekki,170000000.0,300.0,4,4,Unfurnished,enterprise,Duplex,Lagos Island
"4bdrm Duplex in Harris Drive, Lekki for sale","Lagos State, Lekki",Lekki,Lagos State,200000000.0,10.0,4,4,Unfurnished,enterprise,Duplex,Lagos Island
3bdrm Apartment in Ibadan for sale,"Oyo State, Ibadan",Ibadan,Oyo State,75000000.0,400.0,3,3,Unfurnished,enterprise,Apartment,Oyo State
4bdrm Duplex in Karsana Gwarinpa for sale,"Gwagwa, Karsana",Karsana,Gwagwa,270000000.0,450.0,4,5,Semi-Furnished,enterprise,Duplex,Abuja (FCT)
3bdrm House in Jahi for sale,"Abuja (FCT), Jahi",Jahi,Abuja (FCT),175000000.0,2000.0,3,4,Semi-Furnished,enterprise,House,Abuja (FCT)
5bdrm Duplex in Orchid Lekki Lagos for sale,"Lekki, Lekki Expressway",Lekki Expressway,Lekki,480000000.0,650.0,5,6,Semi-Furnished,enterprise,Duplex,Lagos Island
2bdrm Apartment in Lekki for sale,"Lagos State, Lekki",Lekki,Lagos State,320000000.0,300.0,2,2,Semi-Furnished,enterprise,Apartment,Lagos Island
"4bdrm Penthouse in Nut, Lugbe District for sale","Abuja (FCT), Lugbe District",Lugbe District,Abuja (FCT),170000000.0,450.0,4,5,Unfurnished,enterprise,Penthouse,Abuja (FCT)
2bdrm Apartment in Victoria Island for sale,"Lagos State, Victoria Island",Victoria Island,Lagos State,650000000.0,130.0,2,2,Unfurnished,enterprise,Apartment,Lagos Island
"6bdrm Duplex in Royal Gardens, Ajah for sale","Lagos State, Ajah",Ajah,Lagos State,750000000.0,600.0,6,6,Unfurnished,enterprise,Duplex,Lagos Island
"5bdrm Duplex in Circular Road, Woji for sale","Port-Harcourt, Woji",Woji,Port-Harcourt,650000000.0,1275.0,5,7,Semi-Furnished,enterprise,Duplex,Rivers State
5bdrm Duplex in Guzape District for sale,"Abuja (FCT), Guzape District",Guzape District,Abuja (FCT),1500000000.0,600.0,5,6,Unfurnished,enterprise,Duplex,Abuja (FCT)
5bdrm Duplex in Ikate for sale,"Lekki, Ikate",Ikate,Lekki,1200000000.0,1000.0,5,1,Unfurnished,enterprise,Duplex,Lagos Island
5bdrm Duplex in Vgc for sale,"Ajah, VGC / Ajah",VGC / Ajah,Ajah,800000000.0,650.0,5,6,Semi-Furnished,enterprise,Duplex,Lagos Island
"4bdrm Duplex in Naf Valley, Asokoro for sale","Abuja (FCT), Asokoro",Asokoro,Abuja (FCT),1000000000.0,1200.0,4,4,Unfurnished,enterprise,Duplex,Abuja (FCT)
5bdrm Duplex in Osapa London for sale,"Lekki, Osapa london",Osapa london,Lekki,250000000.0,211.0,5,5,Semi-Furnished,enterprise,Duplex,Lagos Island
5bdrm Duplex in Ajah for sale,"Lagos State, Ajah",Ajah,Lagos State,270000000.0,500.0,5,5,Unfurnished,enterprise,Duplex,Lagos Island
Furnished 4bdrm Duplex in Naf Harmony Estate for sale,"Rivers State, Port-Harcourt",Port-Harcourt,Rivers State,450000000.0,550.0,4,6,Furnished,enterprise,Duplex,Rivers State
5bdrm Duplex in Osapa london for sale,"Lekki, Osapa london",Osapa london,Lekki,1300000000.0,400.0,5,5,Semi-Furnished,enterprise,Duplex,Lagos Island
"4bdrm Duplex in Crown Estate, Sangotedo for sale","Ajah, Sangotedo",Sangotedo,Ajah,450000000.0,350.0,4,4,Semi-Furnished,enterprise,Duplex,Lagos Island
4bdrm Apartment in Ibeju for sale,"Lagos State, Ibeju",Ibeju,Lagos State,115000000.0,520.0,4,4,Semi-Furnished,enterprise,Apartment,Lagos Island
4bdrm Duplex in Guzape District for sale,"Abuja (FCT), Guzape District",Guzape District,Abuja (FCT),800000000.0,430.0,4,5,Unfurnished,enterprise,Duplex,Abuja (FCT)
5bdrm Duplex in Omole Phase 1 for sale,"Ikeja, Omole Phase 1",Omole Phase 1,Ikeja,750000000.0,1000.0,5,1,Unfurnished,enterprise,Duplex,Lagos Mainland
4bdrm Duplex in Lekki Phase 1 for sale,"Lekki, Lekki Phase 1",Lekki Phase 1,Lekki,600000000.0,1000.0,4,1,Unfurnished,enterprise,Duplex,Lagos Island
5bdrm Duplex in Adeniyi Jones for sale,"Ikeja, Adeniyi Jones",Adeniyi Jones,Ikeja,700000000.0,1000.0,5,1,Unfurnished,enterprise,Duplex,Lagos Mainland
5bdrm House in Pinewood Estate for sale,"Lekki, Lekki Phase 1",Lekki Phase 1,Lekki,750000000.0,650.0,5,6,Semi-Furnished,enterprise,House,Lagos Island
"3bdrm Block of Flats in Onipetese Estate, Osapa london for sale","Lekki, Osapa london",Osapa london,Lekki,250000000.0,664.0,3,2,Unfurnished,enterprise,Block Of Flats,Lagos Island
"2bdrm Duplex in Fadeyi, Jibowu for sale","Yaba, Jibowu",Jibowu,Yaba,90000000.0,250.0,2,3,Unfurnished,enterprise,Duplex,Lagos Mainland
4bdrm Duplex in Behind Blenco for sale,"Ajah, Sangotedo",Sangotedo,Ajah,170000000.0,355.0,4,4,Semi-Furnished,enterprise,Duplex,Lagos Island
4bdrm Duplex in Sangotedo Ajah for sale,"Ajah, Sangotedo",Sangotedo,Ajah,160000000.0,350.0,4,4,Semi-Furnished,enterprise,Duplex,Lagos Island
5bdrm Duplex in Behind Blenco for sale,"Ajah, Sangotedo",Sangotedo,Ajah,330000000.0,350.0,5,5,Semi-Furnished,enterprise,Duplex,Lagos Island
6bdrm Duplex in Lekki for sale,"Lagos State, Lekki",Lekki,Lagos State,850000000.0,500.0,6,6,Unfurnished,enterprise,Duplex,Lagos Island
5bdrm Maisonette in Victoria Island for sale,"Lagos State, Victoria Island",Victoria Island,Lagos State,500000000.0,400.0,5,5,Unfurnished,enterprise,Maisonette,Lagos Island
4bdrm House in Maryland for sale,"Lagos State, Maryland",Maryland,Lagos State,500000000.0,250.0,4,4,Unfurnished,enterprise,House,Lagos Mainland
4bdrm Duplex in VGC / Ajah for sale,"Ajah, VGC / Ajah",VGC / Ajah,Ajah,210000000.0,10.0,4,4,Unfurnished,enterprise,Duplex,Lagos Island
12bdrm Block of Flats in Ojoo for sale,"Ibadan, Ojoo",Ojoo,Ibadan,85000000.0,700.0,12,16,Unfurnished,enterprise,Block Of Flats,Oyo State
5bdrm Duplex in Chevron for sale,"Lekki, Chevron",Chevron,Lekki,550000000.0,300.0,5,5,Semi-Furnished,enterprise,Duplex,Lagos Island
"Furnished 4bdrm Apartment in Bother Court Estate, Ibeju for sale","Lagos State, Ibeju",Ibeju,Lagos State,130000000.0,400.0,4,4,Furnished,enterprise,Apartment,Lagos Island
4bdrm Apartment in Ajah for sale,"Lagos State, Ajah",Ajah,Lagos State,140000000.0,300.0,4,5,Semi-Furnished,enterprise,Apartment,Lagos Island
4bdrm Duplex in Aboru Harmony Estate for sale,"Ipaja, Iyana Ipaja",Iyana Ipaja,Ipaja,220000000.0,500.0,4,5,Semi-Furnished,enterprise,Duplex,Lagos Mainland
"5bdrm Duplex in Pearl Garden, Sangotedo for sale","Ajah, Sangotedo",Sangotedo,Ajah,300000000.0,450.0,5,5,Semi-Furnished,enterprise,Duplex,Lagos Island
4bdrm Duplex in Agege for sale,"Lagos State, Agege",Agege,Lagos State,180000000.0,250.0,4,4,Unfurnished,enterprise,Duplex,Lagos Mainland
"2bdrm Block of Flats in Rumuigbo, Port-Harcourt for sale","Rivers State, Port-Harcourt",Port-Harcourt,Rivers State,140000000.0,989.0,2,2,Semi-Furnished,enterprise,Block Of Flats,Rivers State
"4bdrm Duplex in Ikota Gra, Lekki for sale","Lagos State, Lekki",Lekki,Lagos State,160000000.0,10.0,4,4,Unfurnished,enterprise,Duplex,Lagos Island
5bdrm Duplex in VGC / Ajah for sale,"Ajah, VGC / Ajah",VGC / Ajah,Ajah,470000000.0,300.0,5,5,Semi-Furnished,enterprise,Duplex,Lagos Island
5bdrm Duplex in Ikota for sale,"Lekki, Ikota",Ikota,Lekki,480000000.0,1000.0,5,1,Unfurnished,enterprise,Duplex,Lagos Island
3bdrm House in Opebi for sale,"Ikeja, Opebi",Opebi,Ikeja,250000000.0,1000.0,3,1,Unfurnished,enterprise,House,Lagos Mainland
3bdrm House in Ketu-Ikosi for sale,"Kosofe, Ketu-Ikosi",Ketu-Ikosi,Kosofe,160000000.0,1000.0,3,1,Unfurnished,enterprise,House,Lagos Mainland
4bdrm Duplex in Osborne Foreshore Estate for sale,"Ikoyi, Osborne Foreshore Estate",Osborne Foreshore Estate,Ikoyi,800000000.0,1000.0,4,1,Unfurnished,enterprise,Duplex,Lagos Island
"4bdrm Duplex in Private Estate, Katampe Extension for sale","Katampe, Katampe Extension",Katampe Extension,Katampe,750000000.0,400.0,4,4,Unfurnished,enterprise,Duplex,Abuja (FCT)
"2bdrm Duplex in Olorunfemi Estate, for sale","Ikotun/Igando, Igando / Ikotun/Igando",Igando / Ikotun/Igando,Ikotun/Igando,700000000.0,300.0,2,18,Semi-Furnished,enterprise,Duplex,Lagos Mainland
"6bdrm Duplex in Green Estate, Sangotedo for sale","Ajah, Sangotedo",Sangotedo,Ajah,170000000.0,400.0,6,6,Unfurnished,enterprise,Duplex,Lagos Island
4bdrm House in Lekki for sale,"Lagos State, Lekki",Lekki,Lagos State,450000000.0,350.0,4,4,Unfurnished,enterprise,House,Lagos Island
Furnished 2bdrm Penthouse in Lekki for sale,"Lagos State, Lekki",Lekki,Lagos State,400000000.0,150.0,2,2,Furnished,enterprise,Penthouse,Lagos Island
"4bdrm Duplex in Woji Port Harcourt, Obio-Akpor for sale","Rivers State, Obio-Akpor",Obio-Akpor,Rivers State,300000000.0,460.0,4,4,Semi-Furnished,enterprise,Duplex,Rivers State
"4bdrm Duplex in Oke-Badan Estate, Akobo for sale","Ibadan, Akobo",Akobo,Ibadan,200000000.0,1000.0,4,5,Unfurnished,enterprise,Duplex,Oyo State
4bdrm Duplex in Sangotedo for sale,"Ajah, Sangotedo",Sangotedo,Ajah,170000000.0,200.0,4,4,Semi-Furnished,enterprise,Duplex,Lagos Island
4bdrm Duplex in Ado / Ajah for sale,"Ajah, Ado / Ajah",Ado / Ajah,Ajah,150000000.0,200.0,4,4,Unfurnished,enterprise,Duplex,Lagos Island
5bdrm Duplex in VGC / Ajah for sale,"Ajah, VGC / Ajah",VGC / Ajah,Ajah,550000000.0,300.0,5,5,Semi-Furnished,enterprise,Duplex,Lagos Island
Furnished 5bdrm Duplex in Osapa london for sale,"Lekki, Osapa london",Osapa london,Lekki,1720000000.0,500.0,5,6,Furnished,enterprise,Duplex,Lagos Island
5bdrm Duplex in Ogudu Gra Lagos for sale,"Ogudu, Ogudu GRA",Ogudu GRA,Ogudu,1500000000.0,1000.0,5,6,Semi-Furnished,enterprise,Duplex,Lagos Mainland
2bdrm Apartment in Chevron for sale,"Lekki, Chevron",Chevron,Lekki,150000000.0,100.0,2,2,Unfurnished,enterprise,Apartment,Lagos Island
5bdrm Duplex in Lekki for sale,"Lagos State, Lekki",Lekki,Lagos State,850000000.0,200.0,5,5,Unfurnished,enterprise,Duplex,Lagos Island
"4bdrm Duplex in Carlton Gate Estate, Akobo for sale","Ibadan, Akobo",Akobo,Ibadan,270000000.0,500.0,4,5,Unfurnished,enterprise,Duplex,Oyo State
4bdrm Duplex in Sangotedo for sale,"Ajah, Sangotedo",Sangotedo,Ajah,260000000.0,320.0,4,4,Semi-Furnished,enterprise,Duplex,Lagos Island
6bdrm Duplex in Ikeja GRA for sale,"Ikeja, Ikeja GRA",Ikeja GRA,Ikeja,1300000000.0,1000.0,6,1,Unfurnished,enterprise,Duplex,Lagos Mainland
5bdrm Duplex in GRA Phase 1 for sale,"Magodo, GRA Phase 1",GRA Phase 1,Magodo,750000000.0,1000.0,5,1,Unfurnished,enterprise,Duplex,Lagos Mainland
5bdrm House in Osapa London Lekki for sale,"Lekki, Osapa london",Osapa london,Lekki,1700000000.0,1000.0,5,6,Semi-Furnished,enterprise,House,Lagos Island
5bdrm Duplex in Ajah for sale,"Lagos State, Ajah",Ajah,Lagos State,350000000.0,400.0,5,5,Semi-Furnished,enterprise,Duplex,Lagos Island
4bdrm Duplex in Durumi for sale,"Abuja (FCT), Durumi",Durumi,Abuja (FCT),300000000.0,400.0,4,4,Unfurnished,enterprise,Duplex,Abuja (FCT)
4bdrm Duplex in Sangotedo Behind for sale,"Ajah, Sangotedo",Sangotedo,Ajah,200000000.0,350.0,4,4,Semi-Furnished,enterprise,Duplex,Lagos Island
2bdrm Apartment in Victoria Island for sale,"Lagos State, Victoria Island",Victoria Island,Lagos State,290000000.0,180.0,2,2,Unfurnished,enterprise,Apartment,Lagos Island
Furnished 4bdrm Duplex in Lekki for sale,"Lagos State, Lekki",Lekki,Lagos State,350000000.0,350.0,4,4,Furnished,enterprise,Duplex,Lagos Island
5bdrm Duplex in VGC / Ajah for sale,"Ajah, VGC / Ajah",VGC / Ajah,Ajah,400000000.0,10.0,5,5,Unfurnished,enterprise,Duplex,Lagos Island
5bdrm Duplex in Katampe Extension for sale,"Katampe, Katampe Extension",Katampe Extension,Katampe,550000000.0,500.0,5,5,Unfurnished,enterprise,Duplex,Abuja (FCT)
5bdrm Duplex in Oniru Victoria for sale,"Victoria Island, Victoria Island Extension",Victoria Island Extension,Victoria Island,1000000000.0,1000.0,5,6,Semi-Furnished,enterprise,Duplex,Lagos Island
"4bdrm Duplex in Lekki Garden Estate, Abraham Adesanya for sale","Surulere, Abraham Adesanya",Abraham Adesanya,Surulere,115000000.0,500.0,4,4,Unfurnished,enterprise,Duplex,Lagos Mainland
5bdrm Duplex in Ait Ray Power for sale,"Ifako-Ijaiye, Alagbado",Alagbado,Ifako-Ijaiye,150000000.0,650.0,5,5,Semi-Furnished,enterprise,Duplex,Lagos Mainland
4bdrm Duplex in Chevron Drive Lekki for sale,"Lekki, Chevron",Chevron,Lekki,150000000.0,500.0,4,5,Semi-Furnished,enterprise,Duplex,Lagos Island
3bdrm Block of Flats in Agbelekale Abulegba for sale,"Lagos State, Abule Egba",Abule Egba,Lagos State,200000000.0,500.0,3,3,Unfurnished,enterprise,Block Of Flats,Lagos Mainland
5bdrm Duplex in Asokoro for sale,"Abuja (FCT), Asokoro",Asokoro,Abuja (FCT),550000000.0,500.0,5,6,Unfurnished,enterprise,Duplex,Abuja (FCT)
"5bdrm Duplex in Vinehill Estate, Lugbe District for sale","Abuja (FCT), Lugbe District",Lugbe District,Abuja (FCT),280000000.0,550.0,5,6,Unfurnished,enterprise,Duplex,Abuja (FCT)
3bdrm Bungalow in Citec Mbora for sale,"Abuja (FCT), Mbora",Mbora,Abuja (FCT),185000000.0,300.0,3,4,Unfurnished,enterprise,Bungalow,Abuja (FCT)
3bdrm Duplex in Kubwa for sale,"Abuja (FCT), Kubwa",Kubwa,Abuja (FCT),100000000.0,250.0,3,3,Unfurnished,enterprise,Duplex,Abuja (FCT)
5bdrm House in Osapa london for sale,"Lekki, Osapa london",Osapa london,Lekki,1100000000.0,1000.0,5,1,Unfurnished,enterprise,House,Lagos Island
5bdrm Duplex in Lekki Phase 1 for sale,"Lekki, Lekki Phase 1",Lekki Phase 1,Lekki,1500000000.0,1000.0,5,1,Unfurnished,enterprise,Duplex,Lagos Island
4bdrm Duplex in Adeniyi Jones Ikeja for sale,"Ikeja, Adeniyi Jones",Adeniyi Jones,Ikeja,450000000.0,1000.0,4,4,Semi-Furnished,enterprise,Duplex,Lagos Mainland
5bdrm Duplex in Chevron Drive Lekki for sale,"Lekki, Chevron",Chevron,Lekki,350000000.0,600.0,5,6,Semi-Furnished,enterprise,Duplex,Lagos Island
3bdrm Maisonette in Lekki for sale,"Lagos State, Lekki",Lekki,Lagos State,300000000.0,350.0,3,3,Semi-Furnished,enterprise,Maisonette,Lagos Island
"4bdrm Duplex in Floursh Estate, Lugbe District for sale","Abuja (FCT), Lugbe District",Lugbe District,Abuja (FCT),110000000.0,350.0,4,5,Unfurnished,enterprise,Duplex,Abuja (FCT)
3bdrm Bungalow in Lokogoma By Express for sale,"Abuja (FCT), Lokogoma",Lokogoma,Abuja (FCT),145000000.0,541.0,3,4,Unfurnished,enterprise,Bungalow,Abuja (FCT)
"4bdrm Duplex in Wtc Estate, Enugu for sale","Enugu State, Enugu",Enugu,Enugu State,350000000.0,500.0,4,5,Unfurnished,enterprise,Duplex,Enugu State
5bdrm Duplex in Chevron for sale,"Lekki, Chevron",Chevron,Lekki,1300000000.0,400.0,5,5,Unfurnished,enterprise,Duplex,Lagos Island
4bdrm Duplex in Akobo for sale,"Ibadan, Akobo",Akobo,Ibadan,210000000.0,500.0,4,5,Unfurnished,enterprise,Duplex,Oyo State
Furnished 3bdrm Apartment in Abraham Adesanya for sale,"Surulere, Abraham Adesanya",Abraham Adesanya,Surulere,107500000.0,600.0,3,3,Furnished,enterprise,Apartment,Lagos Mainland
3bdrm Apartment in Banana Island Ikoyi for sale,"Ikoyi, Banana Island",Banana Island,Ikoyi,975000000.0,1000.0,3,4,Semi-Furnished,enterprise,Apartment,Lagos Island
3bdrm Apartment in Lekki Phase 1 Right for sale,"Lekki, Lekki Phase 1",Lekki Phase 1,Lekki,230000000.0,1000.0,3,4,Semi-Furnished,enterprise,Apartment,Lagos Island
4bdrm Duplex in Lekki for sale,"Lagos State, Lekki",Lekki,Lagos State,750000000.0,400.0,4,4,Semi-Furnished,enterprise,Duplex,Lagos Island
5bdrm Duplex in Chevron for sale,"Lekki, Chevron",Chevron,Lekki,470000000.0,500.0,5,6,Unfurnished,enterprise,Duplex,Lagos Island
4bdrm Duplex in Osapa Lekki for sale,"Lekki, Osapa london",Osapa london,Lekki,250000000.0,300.0,4,4,Semi-Furnished,enterprise,Duplex,Lagos Island
2bdrm Apartment in Olokonla Sangotedo for sale,"Ajah, Sangotedo",Sangotedo,Ajah,75000000.0,111.0,2,2,Unfurnished,enterprise,Apartment,Lagos Island
"Furnished 3bdrm Townhouse/Terrace in Behind Dunamis, Lugbe District","Abuja (FCT), Lugbe District",Lugbe District,Abuja (FCT),180000000.0,300.0,3,4,Furnished,enterprise,Townhouse,Abuja (FCT)
5bdrm Duplex in Osapa Lekki Lagos for sale,"Lekki, Osapa london",Osapa london,Lekki,455000000.0,550.0,5,5,Semi-Furnished,enterprise,Duplex,Lagos Island
6bdrm Duplex in Lekki for sale,"Lagos State, Lekki",Lekki,Lagos State,1400000000.0,500.0,6,6,Unfurnished,enterprise,Duplex,Lagos Island
"4bdrm Duplex in Atlantic Layout, Ajah for sale","Lagos State, Ajah",Ajah,Lagos State,170000000.0,10.0,4,4,Unfurnished,enterprise,Duplex,Lagos Island
3bdrm Bungalow in Ibadan for sale,"Oyo State, Ibadan",Ibadan,Oyo State,90000000.0,500.0,3,3,Unfurnished,enterprise,Bungalow,Oyo State
"5bdrm Duplex in Peter Odili, Port for sale","Rivers State, Port-Harcourt",Port-Harcourt,Rivers State,550000000.0,470.0,5,6,Semi-Furnished,enterprise,Duplex,Rivers State
4bdrm Duplex in Berger for sale,"Ojodu, Berger",Berger,Ojodu,150000000.0,1000.0,4,1,Unfurnished,enterprise,Duplex,Lagos Mainland
5bdrm House in Ikota for sale,"Lekki, Ikota",Ikota,Lekki,330000000.0,1000.0,5,5,Unfurnished,enterprise,House,Lagos Island
"4bdrm Duplex in Heliu Estate, Enugu for sale","Enugu State, Enugu",Enugu,Enugu State,200000000.0,500.0,4,5,Unfurnished,enterprise,Duplex,Enugu State
4bdrm Duplex in Ajah for sale,"Lagos State, Ajah",Ajah,Lagos State,270000000.0,250.0,4,4,Unfurnished,enterprise,Duplex,Lagos Island
4bdrm Duplex in Lekki for sale,"Lagos State, Lekki",Lekki,Lagos State,195000000.0,300.0,4,4,Unfurnished,enterprise,Duplex,Lagos Island
4bdrm Duplex in Ojodu for sale,"Lagos State, Ojodu",Ojodu,Lagos State,450000000.0,300.0,4,4,Unfurnished,enterprise,Duplex,Lagos Mainland
5bdrm House in Lekki for sale,"Lagos State, Lekki",Lekki,Lagos State,1800000000.0,350.0,5,5,Unfurnished,enterprise,House,Lagos Island
"5bdrm Duplex in General Paint, Ajah for sale","Lagos State, Ajah",Ajah,Lagos State,260000000.0,10.0,5,5,Unfurnished,enterprise,Duplex,Lagos Island
2bdrm Apartment in Bogije for sale,"Ibeju, Bogije",Bogije,Ibeju,125000000.0,400.0,2,3,Unfurnished,enterprise,Apartment,Lagos Island
"2bdrm Block of Flats in Gerald Estate, Lekki Phase 1 for sale","Lekki, Lekki Phase 1",Lekki Phase 1,Lekki,100000000.0,600.0,2,3,Unfurnished,enterprise,Block Of Flats,Lagos Island
6bdrm Duplex in Guzape District for sale,"Abuja (FCT), Guzape District",Guzape District,Abuja (FCT),1400000000.0,1300.0,6,7,Unfurnished,enterprise,Duplex,Abuja (FCT)
2bdrm House in Ikate for sale,"Lekki, Ikate",Ikate,Lekki,250000000.0,1000.0,2,1,Unfurnished,enterprise,House,Lagos Island
Furnished 4bdrm Duplex in Galadimawa for sale,"Abuja (FCT), Galadimawa",Galadimawa,Abuja (FCT),130000000.0,900.0,4,5,Furnished,enterprise,Duplex,Abuja (FCT)
4bdrm Duplex in Ogba for sale,"Lagos State, Ogba",Ogba,Lagos State,220000000.0,250.0,4,4,Unfurnished,enterprise,Duplex,Lagos Mainland
5bdrm Duplex in Ikota for sale,"Lekki, Ikota",Ikota,Lekki,450000000.0,400.0,5,5,Semi-Furnished,enterprise,Duplex,Lagos Island
4bdrm Duplex in Mercyland Extension for sale,"Rivers State, Port-Harcourt",Port-Harcourt,Rivers State,225000000.0,465.0,4,5,Semi-Furnished,enterprise,Duplex,Rivers State
7bdrm House in Zone 1 / Wuse for sale,"Wuse, Zone 1 / Wuse",Zone 1 / Wuse,Wuse,870000000.0,610.0,7,10,Semi-Furnished,enterprise,House,Abuja (FCT)
"4bdrm Duplex in Centenary City, Enugu for sale","Enugu State, Enugu",Enugu,Enugu State,210000000.0,500.0,4,5,Unfurnished,enterprise,Duplex,Enugu State
5bdrm Duplex in Lekki for sale,"Lagos State, Lekki",Lekki,Lagos State,875000000.0,600.0,5,5,Semi-Furnished,enterprise,Duplex,Lagos Island
2bdrm Apartment in Lekki for sale,"Lagos State, Lekki",Lekki,Lagos State,170000000.0,300.0,2,2,Unfurnished,enterprise,Apartment,Lagos Island
4bdrm Duplex in Lekki for sale,"Lagos State, Lekki",Lekki,Lagos State,230000000.0,350.0,4,4,Unfurnished,enterprise,Duplex,Lagos Island
4bdrm Duplex in Lekki for sale,"Lagos State, Lekki",Lekki,Lagos State,150000000.0,350.0,4,4,Semi-Furnished,enterprise,Duplex,Lagos Island
"5bdrm Duplex in Ikota Gra, Lekki for sale","Lagos State, Lekki",Lekki,Lagos State,270000000.0,10.0,5,5,Unfurnished,enterprise,Duplex,Lagos Island
"4bdrm Penthouse in Carlton Gate Estate, Ibadan for sale","Oyo State, Ibadan",Ibadan,Oyo State,380000000.0,450.0,4,4,Semi-Furnished,enterprise,Penthouse,Oyo State
Furnished 5bdrm House in Guzape District for sale,"Abuja (FCT), Guzape District",Guzape District,Abuja (FCT),1200000000.0,600.0,5,6,Furnished,enterprise,House,Abuja (FCT)
5bdrm Duplex in Osapa london for sale,"Lekki, Osapa london",Osapa london,Lekki,860000000.0,1000.0,5,1,Unfurnished,enterprise,Duplex,Lagos Island
4bdrm Duplex in Old Ikoyi for sale,"Ikoyi, Old Ikoyi",Old Ikoyi,Ikoyi,950000000.0,1000.0,4,1,Unfurnished,enterprise,Duplex,Lagos Island
6bdrm Duplex in Galadimawa for sale,"Abuja (FCT), Galadimawa",Galadimawa,Abuja (FCT),200000000.0,750.0,6,6,Unfurnished,enterprise,Duplex,Abuja (FCT)
2bdrm Block of Flats in Ogba Ikeja Lagos for sale,"Ogba, Oke-Ira / Ogba",Oke-Ira / Ogba,Ogba,600000000.0,692.0,2,2,Unfurnished,enterprise,Block Of Flats,Lagos Mainland
3bdrm Apartment in Alagomeji Yaba Lagos for sale,"Yaba, Alagomeji",Alagomeji,Yaba,260000000.0,1000.0,3,4,Semi-Furnished,enterprise,Apartment,Lagos Mainland
4bdrm Duplex in Lekki Gardens 2 for sale,"Ajah, Lekki Gardens Estate",Lekki Gardens Estate,Ajah,140000000.0,1000.0,4,5,Unfurnished,enterprise,Duplex,Lagos Island
4bdrm Duplex in Lekki for sale,"Lagos State, Lekki",Lekki,Lagos State,255000000.0,350.0,4,4,Semi-Furnished,enterprise,Duplex,Lagos Island
5bdrm Duplex in Lekki for sale,"Lagos State, Lekki",Lekki,Lagos State,250000000.0,350.0,5,5,Semi-Furnished,enterprise,Duplex,Lagos Island
6bdrm Duplex in Durumi for sale,"Abuja (FCT), Durumi",Durumi,Abuja (FCT),350000000.0,450.0,6,6,Unfurnished,enterprise,Duplex,Abuja (FCT)
"8bdrm Duplex in Ndic Directors, Idu Industrial for sale","Abuja (FCT), Idu Industrial",Idu Industrial,Abuja (FCT),350000000.0,900.0,8,9,Unfurnished,enterprise,Duplex,Abuja (FCT)
"5bdrm Duplex in Independence Layout, Enugu for sale","Enugu State, Enugu",Enugu,Enugu State,400000000.0,600.0,5,6,Unfurnished,enterprise,Duplex,Enugu State
5bdrm Duplex in Ogudu GRA for sale,"Ogudu, Ogudu GRA",Ogudu GRA,Ogudu,400000000.0,300.0,5,5,Unfurnished,enterprise,Duplex,Lagos Mainland
5bdrm Duplex in Lekki for sale,"Lagos State, Lekki",Lekki,Lagos State,370000000.0,400.0,5,5,Unfurnished,enterprise,Duplex,Lagos Island
"4bdrm Duplex in Carlton Gate Estate, Akobo for sale","Ibadan, Akobo",Akobo,Ibadan,210000000.0,600.0,4,4,Unfurnished,enterprise,Duplex,Oyo State
4bdrm Duplex in Sangotedo for sale,"Ajah, Sangotedo",Sangotedo,Ajah,200000000.0,300.0,4,4,Semi-Furnished,enterprise,Duplex,Lagos Island
5bdrm Duplex in Berger for sale,"Ojodu, Berger",Berger,Ojodu,450000000.0,1000.0,5,1,Unfurnished,enterprise,Duplex,Lagos Mainland
3bdrm House in Banana Island for sale,"Ikoyi, Banana Island",Banana Island,Ikoyi,600000000.0,1000.0,3,1,Unfurnished,enterprise,House,Lagos Island
1bdrm Apartment in Idado Estate Lekki for sale,"Lekki, Idado",Idado,Lekki,100000000.0,1000.0,1,2,Semi-Furnished,enterprise,Apartment,Lagos Island
6bdrm Duplex in Osapa London Lekki for sale,"Lekki, Osapa london",Osapa london,Lekki,1400000000.0,1000.0,6,7,Semi-Furnished,enterprise,Duplex,Lagos Island
5bdrm Duplex in Lekki for sale,"Lagos State, Lekki",Lekki,Lagos State,450000000.0,350.0,5,5,Semi-Furnished,enterprise,Duplex,Lagos Island
5bdrm Duplex in Ado / Ajah for sale,"Ajah, Ado / Ajah",Ado / Ajah,Ajah,480000000.0,300.0,5,5,Semi-Furnished,enterprise,Duplex,Lagos Island
"4bdrm Duplex in Pearl Garden Estate, Sangotedo for sale","Ajah, Sangotedo",Sangotedo,Ajah,290000000.0,450.0,4,4,Semi-Furnished,enterprise,Duplex,Lagos Island
Furnished 2bdrm Apartment in Lekki for sale,"Lagos State, Lekki",Lekki,Lagos State,350000000.0,150.0,2,2,Furnished,enterprise,Apartment,Lagos Island
"5bdrm Duplex in Okebadan Estate, Akobo for sale","Ibadan, Akobo",Akobo,Ibadan,230000000.0,450.0,5,6,Semi-Furnished,enterprise,Duplex,Oyo State
"5bdrm Bungalow in Biala Estate., Iwo Road for sale","Ibadan, Iwo Road",Iwo Road,Ibadan,85000000.0,700.0,5,8,Semi-Furnished,enterprise,Bungalow,Oyo State
3bdrm Duplex in Harris Drive Vgc for sale,"Ajah, VGC / Ajah",VGC / Ajah,Ajah,165000000.0,1000.0,3,3,Unfurnished,enterprise,Duplex,Lagos Island
"5bdrm Duplex in Private Property, Guzape District for sale","Abuja (FCT), Guzape District",Guzape District,Abuja (FCT),1500000000.0,1800.0,5,5,Semi-Furnished,enterprise,Duplex,Abuja (FCT)
5bdrm Duplex in Lekki for sale,"Lagos State, Lekki",Lekki,Lagos State,840000000.0,400.0,5,5,Semi-Furnished,enterprise,Duplex,Lagos Island
Furnished 4bdrm Apartment in Oko Oba Estate for sale,"Agege, New Oko Oba",New Oko Oba,Agege,300000000.0,300.0,4,5,Furnished,enterprise,Apartment,Lagos Mainland
"7bdrm Duplex in Praise Hill Estate, Obafemi-Owode for sale","Ogun State, Obafemi-Owode",Obafemi-Owode,Ogun State,140000000.0,600.0,7,9,Unfurnished,enterprise,Duplex,Ogun State
6bdrm Mansion in Lekki for sale,"Lagos State, Lekki",Lekki,Lagos State,1700000000.0,450.0,6,6,Unfurnished,enterprise,Mansion,Lagos Island
"6bdrm Duplex in Kukwab Abuja, Lokogoma for sale","Abuja (FCT), Lokogoma",Lokogoma,Abuja (FCT),650000000.0,700.0,6,7,Semi-Furnished,enterprise,Duplex,Abuja (FCT)
5bdrm Duplex in Maitama Main Abuja for sale,"Abuja (FCT), Maitama",Maitama,Abuja (FCT),2000000000.0,500.0,5,6,Semi-Furnished,enterprise,Duplex,Abuja (FCT)
4bdrm Duplex in Old Ikoyi for sale,"Ikoyi, Old Ikoyi",Old Ikoyi,Ikoyi,1200000000.0,1000.0,4,1,Unfurnished,enterprise,Duplex,Lagos Island
"4bdrm Duplex in Nizamiya Hospital, Karmo for sale","Abuja (FCT), Karmo",Karmo,Abuja (FCT),150000000.0,300.0,4,5,Unfurnished,enterprise,Duplex,Abuja (FCT)
5bdrm Duplex in Lekki Phase 1 Lagos for sale,"Lekki, Lekki Phase 1",Lekki Phase 1,Lekki,1500000000.0,400.0,5,5,Semi-Furnished,enterprise,Duplex,Lagos Island
5bdrm Duplex in Victory Park Estate for sale,"Lekki, Osapa london",Osapa london,Lekki,875000000.0,1000.0,5,6,Semi-Furnished,enterprise,Duplex,Lagos Island
5bdrm House in Lekki Phase 1 Lagos for sale,"Lekki, Lekki Phase 1",Lekki Phase 1,Lekki,1500000000.0,1000.0,5,6,Semi-Furnished,enterprise,House,Lagos Island
4bdrm Duplex in Maryland Estate for sale,"Maryland, LSDPC Maryland Estate",LSDPC Maryland Estate,Maryland,350000000.0,1000.0,4,5,Semi-Furnished,enterprise,Duplex,Lagos Mainland
5bdrm Duplex in Chevron Drive Lekki for sale,"Lekki, Chevron",Chevron,Lekki,500000000.0,500.0,5,6,Semi-Furnished,enterprise,Duplex,Lagos Island
"2bdrm Apartment in Victoria Island, Ligali Ayorinde for sale","Victoria Island, Ligali Ayorinde",Ligali Ayorinde,Victoria Island,525000000.0,500.0,2,3,Semi-Furnished,enterprise,Apartment,Lagos Island
Furnished 9bdrm Duplex in Chevron Drive Lekki for sale,"Lekki, Chevron",Chevron,Lekki,900000000.0,1000.0,9,9,Furnished,enterprise,Duplex,Lagos Island
"6bdrm House in Victoria Garden City, VGC / Ajah for sale","Ajah, VGC / Ajah",VGC / Ajah,Ajah,1200000000.0,1000.0,6,6,Semi-Furnished,enterprise,House,Lagos Island
5bdrm Duplex in Ajah for sale,"Lagos State, Ajah",Ajah,Lagos State,300000000.0,300.0,5,5,Semi-Furnished,enterprise,Duplex,Lagos Island
"Furnished 5bdrm Duplex in Chevron Estate, Lekki for sale","Lagos State, Lekki",Lekki,Lagos State,380000000.0,480.0,5,6,Furnished,enterprise,Duplex,Lagos Island
"Furnished 4bdrm Duplex in Abijo Gra, Lagos. for sale","Ibeju, Abijo",Abijo,Ibeju,150000000.0,200.0,4,3,Furnished,enterprise,Duplex,Lagos Island
Furnished 4bdrm Duplex in Osapa London Lekki for sale,"Lekki, Osapa london",Osapa london,Lekki,700000000.0,500.0,4,4,Furnished,enterprise,Duplex,Lagos Island
4bdrm Duplex in Ipaja for sale,"Lagos State, Ipaja",Ipaja,Lagos State,150000000.0,200.0,4,4,Unfurnished,enterprise,Duplex,Lagos Mainland
5bdrm House in Lekki for sale,"Lagos State, Lekki",Lekki,Lagos State,1500000000.0,200.0,5,5,Unfurnished,enterprise,House,Lagos Island
3bdrm Apartment in Gbagada for sale,"Lagos State, Gbagada",Gbagada,Lagos State,135000000.0,180.0,3,3,Unfurnished,enterprise,Apartment,Lagos Mainland
4bdrm Duplex in Jahi for sale,"Abuja (FCT), Jahi",Jahi,Abuja (FCT),400000000.0,300.0,4,4,Unfurnished,enterprise,Duplex,Abuja (FCT)
Furnished 3bdrm Duplex in Idu for sale,"Abuja (FCT), Idu Industrial",Idu Industrial,Abuja (FCT),110000000.0,500.0,3,3,Furnished,enterprise,Duplex,Abuja (FCT)
"4bdrm Duplex in Dana Estate, for sale","Rivers State, Port-Harcourt",Port-Harcourt,Rivers State,195000000.0,350.0,4,5,Semi-Furnished,enterprise,Duplex,Rivers State
Furnished 5bdrm Duplex in Victoria Island Extension for sale,"Victoria Island, Victoria Island Extension",Victoria Island Extension,Victoria Island,950000000.0,500.0,5,6,Furnished,enterprise,Duplex,Lagos Island
10bdrm House in Lekki Phase 1 for sale,"Lekki, Lekki Phase 1",Lekki Phase 1,Lekki,2000000000.0,100.0,10,1,Unfurnished,enterprise,House,Lagos Island
5bdrm Duplex in Vgc Lekki Lagos for sale,"Ajah, VGC / Ajah",VGC / Ajah,Ajah,470000000.0,500.0,5,6,Semi-Furnished,enterprise,Duplex,Lagos Island
3bdrm Apartment in Lekki Phase 1 for sale,"Lekki, Lekki Phase 1",Lekki Phase 1,Lekki,550000000.0,3000.0,3,4,Semi-Furnished,enterprise,Apartment,Lagos Island
2bdrm Apartment in Oniru Victoria for sale,"Victoria Island, Victoria Island Extension",Victoria Island Extension,Victoria Island,290000000.0,1000.0,2,2,Semi-Furnished,enterprise,Apartment,Lagos Island
"4bdrm Duplex in Private Property, Kado for sale","Abuja (FCT), Kado",Kado,Abuja (FCT),300000000.0,2400.0,4,4,Unfurnished,enterprise,Duplex,Abuja (FCT)
5bdrm Duplex in Ado / Ajah for sale,"Ajah, Ado / Ajah",Ado / Ajah,Ajah,400000000.0,300.0,5,5,Semi-Furnished,enterprise,Duplex,Lagos Island
5bdrm Duplex in Ajah for sale,"Lagos State, Ajah",Ajah,Lagos State,650000000.0,400.0,5,5,Semi-Furnished,enterprise,Duplex,Lagos Island
"5bdrm Bungalow in Centenary City, Enugu for sale","Enugu State, Enugu",Enugu,Enugu State,135000000.0,500.0,5,5,Unfurnished,enterprise,Bungalow,Enugu State
2bdrm Apartment in Victoria Island for sale,"Lagos State, Victoria Island",Victoria Island,Lagos State,250000000.0,150.0,2,2,Unfurnished,enterprise,Apartment,Lagos Island
4bdrm Duplex in Ikeja for sale,"Lagos State, Ikeja",Ikeja,Lagos State,550000000.0,250.0,4,4,Unfurnished,enterprise,Duplex,Lagos Mainland
5bdrm Duplex in Lekki for sale,"Lagos State, Lekki",Lekki,Lagos State,950000000.0,350.0,5,5,Unfurnished,enterprise,Duplex,Lagos Island
4bdrm Duplex in Ikoyi for sale,"Lagos State, Ikoyi",Ikoyi,Lagos State,1100000000.0,500.0,4,4,Unfurnished,enterprise,Duplex,Lagos Island
"4bdrm Duplex in Ikota Gra, Lekki for sale","Lagos State, Lekki",Lekki,Lagos State,150000000.0,10.0,4,4,Unfurnished,enterprise,Duplex,Lagos Island
"4bdrm Duplex in Engineer Lere Adigun, Basorun for sale","Ibadan, Basorun",Basorun,Ibadan,280000000.0,450.0,4,4,Unfurnished,enterprise,Duplex,Oyo State
"3bdrm Apartment in Off Admiralty Way, Lekki Phase 1 for sale","Lekki, Lekki Phase 1",Lekki Phase 1,Lekki,250000000.0,2400.0,3,3,Unfurnished,enterprise,Apartment,Lagos Island
5bdrm Duplex in Ikota for sale,"Lekki, Ikota",Ikota,Lekki,550000000.0,350.0,5,5,Semi-Furnished,enterprise,Duplex,Lagos Island
"Furnished 2bdrm Apartment in Cello 3, Lekki Phase 1 for sale","Lekki, Lekki Phase 1",Lekki Phase 1,Lekki,260000000.0,300.0,2,2,Furnished,enterprise,Apartment,Lagos Island
5bdrm Duplex in Alaka Estate for sale,"Surulere, Alaka Estate",Alaka Estate,Surulere,430000000.0,1000.0,5,1,Unfurnished,enterprise,Duplex,Lagos Mainland
5bdrm Duplex in Sangotedo for sale,"Ajah, Sangotedo",Sangotedo,Ajah,350000000.0,1000.0,5,1,Unfurnished,enterprise,Duplex,Lagos Island
5bdrm House in Ikota for sale,"Lekki, Ikota",Ikota,Lekki,370000000.0,1000.0,5,5,Unfurnished,enterprise,House,Lagos Island
3bdrm Apartment in Banana Island Ikoyi for sale,"Ikoyi, Banana Island",Banana Island,Ikoyi,1100000000.0,1000.0,3,4,Semi-Furnished,enterprise,Apartment,Lagos Island
4bdrm Duplex in Lekki for sale,"Lagos State, Lekki",Lekki,Lagos State,330000000.0,350.0,4,4,Semi-Furnished,enterprise,Duplex,Lagos Island
6bdrm Maisonette in Jahi for sale,"Abuja (FCT), Jahi",Jahi,Abuja (FCT),350000000.0,500.0,6,7,Unfurnished,enterprise,Maisonette,Abuja (FCT)
6bdrm Duplex in Ajah for sale,"Lagos State, Ajah",Ajah,Lagos State,400000000.0,400.0,6,6,Unfurnished,enterprise,Duplex,Lagos Island
4bdrm Duplex in Maryland for sale,"Lagos State, Maryland",Maryland,Lagos State,450000000.0,300.0,4,4,Unfurnished,enterprise,Duplex,Lagos Mainland
5bdrm Duplex in Ikeja for sale,"Lagos State, Ikeja",Ikeja,Lagos State,650000000.0,350.0,5,5,Unfurnished,enterprise,Duplex,Lagos Mainland
5bdrm Duplex in Sangotedo for sale,"Ajah, Sangotedo",Sangotedo,Ajah,380000000.0,450.0,5,6,Semi-Furnished,enterprise,Duplex,Lagos Island
4bdrm Apartment in Ajah for sale,"Lagos State, Ajah",Ajah,Lagos State,150000000.0,400.0,4,4,Semi-Furnished,enterprise,Apartment,Lagos Island
"5bdrm Duplex in Narayi High Cost, Kaduna / Kaduna State for sale","Kaduna State, Kaduna / Kaduna State",Kaduna / Kaduna State,Kaduna State,80000000.0,652.0,5,5,Unfurnished,enterprise,Duplex,Kaduna State
4bdrm Duplex in Opebi for sale,"Ikeja, Opebi",Opebi,Ikeja,570000000.0,1000.0,4,1,Unfurnished,enterprise,Duplex,Lagos Mainland
4bdrm Duplex in Abule Egba for sale,"Lagos State, Abule Egba",Abule Egba,Lagos State,180000000.0,1000.0,4,1,Unfurnished,enterprise,Duplex,Lagos Mainland
4bdrm House in Silver Spring Agungi for sale,"Lekki, Agungi",Agungi,Lekki,300000000.0,500.0,4,5,Unfurnished,enterprise,House,Lagos Island
4bdrm House in Allen Avenue Ikeja for sale,"Ikeja, Allen Avenue",Allen Avenue,Ikeja,650000000.0,500.0,4,5,Semi-Furnished,enterprise,House,Lagos Mainland
"4bdrm Duplex in Maryland Ikeja Lagos, Mende for sale","Maryland, Mende",Mende,Maryland,750000000.0,500.0,4,5,Semi-Furnished,enterprise,Duplex,Lagos Mainland
4bdrm Duplex in Seagate Estate Ikate for sale,"Lekki, Ikate",Ikate,Lekki,500000000.0,1000.0,4,5,Semi-Furnished,enterprise,Duplex,Lagos Island
Furnished 4bdrm Duplex in Sabon Lugbe Axis for sale,"Abuja (FCT), Lugbe District",Lugbe District,Abuja (FCT),260000000.0,1000.0,4,5,Furnished,enterprise,Duplex,Abuja (FCT)
4bdrm Duplex in Magodo for sale,"Lagos State, Magodo",Magodo,Lagos State,500000000.0,250.0,4,4,Semi-Furnished,enterprise,Duplex,Lagos Mainland
5bdrm House in Lekki for sale,"Lagos State, Lekki",Lekki,Lagos State,1100000000.0,400.0,5,5,Unfurnished,enterprise,House,Lagos Island
5bdrm Duplex in Lekki for sale,"Lagos State, Lekki",Lekki,Lagos State,320000000.0,450.0,5,5,Unfurnished,enterprise,Duplex,Lagos Island
5bdrm Duplex in Lekki for sale,"Lagos State, Lekki",Lekki,Lagos State,1100000000.0,700.0,5,5,Semi-Furnished,enterprise,Duplex,Lagos Island
"5bdrm Duplex in Royal Gardens Estate, Off Lekki-Epe Expressway for sale","Ajah, Off Lekki-Epe Expressway",Off Lekki-Epe Expressway,Ajah,650000000.0,400.0,5,5,Semi-Furnished,enterprise,Duplex,Lagos Island
5bdrm Duplex in Ogombo for sale,"Ajah, Ogombo",Ogombo,Ajah,350000000.0,300.0,5,5,Semi-Furnished,enterprise,Duplex,Lagos Island
4bdrm Apartment in Ilaje for sale,"Ondo State, Ilaje",Ilaje,Ondo State,180000000.0,400.0,4,5,Unfurnished,enterprise,Apartment,Ondo State
3bdrm Apartment in Opebi for sale,"Ikeja, Opebi",Opebi,Ikeja,175000000.0,1000.0,3,1,Unfurnished,enterprise,Apartment,Lagos Mainland
4bdrm Bungalow in Eleko Junction Ibeju for sale,"Ibeju, Eleko",Eleko,Ibeju,70000000.0,600.0,4,5,Semi-Furnished,enterprise,Bungalow,Lagos Island
5bdrm Duplex in Orchid Lekki Lagos for sale,"Lekki, Lekki Expressway",Lekki Expressway,Lekki,750000000.0,603.0,5,6,Semi-Furnished,enterprise,Duplex,Lagos Island
Furnished 2bdrm Apartment in Ikate for sale,"Lekki, Ikate",Ikate,Lekki,165000000.0,120.0,2,2,Furnished,enterprise,Apartment,Lagos Island
4bdrm Duplex in Ilupeju for sale,"Lagos State, Ilupeju",Ilupeju,Lagos State,250000000.0,500.0,4,4,Unfurnished,enterprise,Duplex,Lagos Mainland
"4bdrm Duplex in General Paint, Ajah for sale","Lagos State, Ajah",Ajah,Lagos State,145000000.0,10.0,4,4,Unfurnished,enterprise,Duplex,Lagos Island
"Furnished 4bdrm Bungalow in Almond Garden, Enugu for sale","Enugu State, Enugu",Enugu,Enugu State,150000000.0,500.0,4,5,Furnished,enterprise,Bungalow,Enugu State
"4bdrm Duplex in Peter Odili Road, for sale","Rivers State, Port-Harcourt",Port-Harcourt,Rivers State,320000000.0,400.0,4,5,Semi-Furnished,enterprise,Duplex,Rivers State
3bdrm Duplex in Lafiaji for sale,"Lekki, Lafiaji",Lafiaji,Lekki,140000000.0,300.0,3,3,Semi-Furnished,enterprise,Duplex,Lagos Island
7bdrm Duplex in Osapa london for sale,"Lekki, Osapa london",Osapa london,Lekki,2200000000.0,1000.0,7,1,Unfurnished,enterprise,Duplex,Lagos Island
3bdrm Apartment in Ikeja Gra Lagos for sale,"Ikeja, Ikeja GRA",Ikeja GRA,Ikeja,800000000.0,1000.0,3,4,Semi-Furnished,enterprise,Apartment,Lagos Mainland
3bdrm Block of Flats in Lekki Phase 1 Right for sale,"Lekki, Lekki Phase 1",Lekki Phase 1,Lekki,1200000000.0,550.0,3,4,Semi-Furnished,enterprise,Block Of Flats,Lagos Island
4bdrm House in Omole Phase 2 Lagos for sale,"Ikeja, Omole Phase 2",Omole Phase 2,Ikeja,280000000.0,500.0,4,5,Semi-Furnished,enterprise,House,Lagos Mainland
"3bdrm Duplex in Trulo, Kubwa for sale","Abuja (FCT), Kubwa",Kubwa,Abuja (FCT),110000000.0,2000.0,3,4,Unfurnished,False,Duplex,Abuja (FCT)
4bdrm Duplex in Magodo for sale,"Lagos State, Magodo",Magodo,Lagos State,650000000.0,300.0,4,4,Unfurnished,enterprise,Duplex,Lagos Mainland
5bdrm Duplex in Sangotedo for sale,"Ajah, Sangotedo",Sangotedo,Ajah,480000000.0,400.0,5,5,Semi-Furnished,enterprise,Duplex,Lagos Island
"3bdrm House in Mojisola Onikoyi, Banana Island for sale","Ikoyi, Banana Island",Banana Island,Ikoyi,720000000.0,1000.0,3,1,Unfurnished,enterprise,House,Lagos Island
"4bdrm Penthouse in Leisure Court, Lugbe District for sale","Abuja (FCT), Lugbe District",Lugbe District,Abuja (FCT),120000000.0,450.0,4,5,Unfurnished,enterprise,Penthouse,Abuja (FCT)
"2bdrm Duplex in Makogi Estate, Lekki Expressway for sale","Lekki, Lekki Expressway",Lekki Expressway,Lekki,85000000.0,400.0,2,2,Unfurnished,enterprise,Duplex,Lagos Island
4bdrm Duplex in Lekki for sale,"Lagos State, Lekki",Lekki,Lagos State,940000000.0,500.0,4,4,Semi-Furnished,enterprise,Duplex,Lagos Island
"4bdrm Duplex in Shell Co-Operative, Obio-Akpor for sale","Rivers State, Obio-Akpor",Obio-Akpor,Rivers State,260000000.0,320.0,4,4,Semi-Furnished,enterprise,Duplex,Rivers State
13bdrm Block of Flats in Old Bodija Estate for sale,"Ibadan, Old Bodija",Old Bodija,Ibadan,400000000.0,1037.0,13,15,Unfurnished,enterprise,Block Of Flats,Oyo State
3bdrm Duplex in Sangotedo for sale,"Ajah, Sangotedo",Sangotedo,Ajah,135000000.0,300.0,3,3,Semi-Furnished,enterprise,Duplex,Lagos Island
5bdrm Duplex in Lekki Phase 2 for sale,"Lekki, Lekki Phase 2",Lekki Phase 2,Lekki,600000000.0,350.0,5,6,Semi-Furnished,enterprise,Duplex,Lagos Island
"5bdrm Duplex in Cowrie Creek, Ikate for sale","Lekki, Ikate",Ikate,Lekki,1200000000.0,1000.0,5,1,Unfurnished,enterprise,Duplex,Lagos Island
7bdrm Block of Flats in Egbeda for sale,"Alimosho, Egbeda",Egbeda,Alimosho,300000000.0,1000.0,7,1,Unfurnished,enterprise,Block Of Flats,Oyo State
3bdrm Apartment in Lekki Phase 1 Lagos for sale,"Lekki, Lekki Phase 1",Lekki Phase 1,Lekki,370000000.0,1000.0,3,4,Semi-Furnished,enterprise,Apartment,Lagos Island
3bdrm Bungalow in Graceland Estate for sale,"Ajah, Oke Ira / Ajah",Oke Ira / Ajah,Ajah,95000000.0,600.0,3,4,Semi-Furnished,enterprise,Bungalow,Lagos Island
"6bdrm Duplex in Kukwaba, Around, Kaura for sale","Abuja (FCT), Kaura",Kaura,Abuja (FCT),450000000.0,500.0,6,7,Unfurnished,enterprise,Duplex,Abuja (FCT)
"4bdrm Duplex in Ambassador Villa, Lugbe District for sale","Abuja (FCT), Lugbe District",Lugbe District,Abuja (FCT),190000000.0,400.0,4,5,Unfurnished,enterprise,Duplex,Abuja (FCT)
6bdrm Duplex in Abuja (FCT) for sale,Abuja (FCT),Abuja (FCT),,750000000.0,500.0,6,6,Unfurnished,enterprise,Duplex,Abuja (FCT)
"2bdrm Block of Flats in Rumuibekwe Estate, for sale","Rivers State, Port-Harcourt",Port-Harcourt,Rivers State,290000000.0,752.0,2,3,Semi-Furnished,enterprise,Block Of Flats,Rivers State
"3bdrm Block of Flats in Eagle Estate, Off, Port-Harcourt for sale","Rivers State, Port-Harcourt",Port-Harcourt,Rivers State,72750000.0,300.0,3,4,Unfurnished,enterprise,Block Of Flats,Rivers State
4bdrm Duplex in Jahi for sale,"Abuja (FCT), Jahi",Jahi,Abuja (FCT),550000000.0,350.0,4,5,Unfurnished,enterprise,Duplex,Abuja (FCT)
Furnished 6bdrm Mansion in Ibeshe / Amuwo-Odofin for sale,"Amuwo-Odofin, Ibeshe / Amuwo-Odofin",Ibeshe / Amuwo-Odofin,Amuwo-Odofin,320000000.0,1700.0,6,6,Furnished,enterprise,Mansion,Lagos Mainland
4bdrm House in Northern Foreshore for sale,"Lekki, Chevron",Chevron,Lekki,700000000.0,600.0,4,4,Semi-Furnished,enterprise,House,Lagos Island
3bdrm Block of Flats in Karaole Estate for sale,"Lagos State, Abule Egba",Abule Egba,Lagos State,180000000.0,709.0,3,3,Semi-Furnished,enterprise,Block Of Flats,Lagos Mainland
5bdrm Duplex in Williams Elliott for sale,"Agege, Oko-Oba",Oko-Oba,Agege,230000000.0,300.0,5,6,Semi-Furnished,enterprise,Duplex,Lagos Mainland
"2bdrm Apartment in Yaba Lagos, Alagomeji for sale","Yaba, Alagomeji",Alagomeji,Yaba,170000000.0,550.0,2,3,Semi-Furnished,enterprise,Apartment,Lagos Mainland
5bdrm Duplex in Lekki for sale,"Lagos State, Lekki",Lekki,Lagos State,1600000000.0,400.0,5,5,Semi-Furnished,enterprise,Duplex,Lagos Island
6bdrm Mansion in Wuye Main for sale,"Abuja (FCT), Wuye",Wuye,Abuja (FCT),1600000000.0,600.0,6,7,Unfurnished,enterprise,Mansion,Abuja (FCT)
6bdrm Duplex in Apo Resettlement for sale,"Abuja (FCT), Apo District",Apo District,Abuja (FCT),680000000.0,500.0,6,7,Unfurnished,enterprise,Duplex,Abuja (FCT)
"4bdrm Duplex in 79Th Estate Akwaka, for sale","Rivers State, Port-Harcourt",Port-Harcourt,Rivers State,191400000.0,300.0,4,5,Semi-Furnished,enterprise,Duplex,Rivers State
4bdrm Duplex in Abijo for sale,"Ibeju, Abijo",Abijo,Ibeju,150000000.0,200.0,4,4,Unfurnished,enterprise,Duplex,Lagos Island
4bdrm Duplex in Rumuodara/Artillery for sale,"Port-Harcourt, Rumuodara",Rumuodara,Port-Harcourt,120000000.0,400.0,4,5,Semi-Furnished,enterprise,Duplex,Rivers State
Furnished 4bdrm Duplex in Victoria Island Extension for sale,"Victoria Island, Victoria Island Extension",Victoria Island Extension,Victoria Island,800000000.0,500.0,4,5,Furnished,enterprise,Duplex,Lagos Island
6bdrm Block of Flats in New Oko Oba for sale,"Agege, New Oko Oba",New Oko Oba,Agege,300000000.0,1000.0,6,1,Unfurnished,enterprise,Block Of Flats,Lagos Mainland
4bdrm Duplex in Ifako-Gbagada for sale,"Gbagada, Ifako-Gbagada",Ifako-Gbagada,Gbagada,350000000.0,1000.0,4,1,Unfurnished,enterprise,Duplex,Lagos Mainland
5bdrm Duplex in Chevron Drive Lekki for sale,"Lekki, Chevron",Chevron,Lekki,450000000.0,1000.0,5,6,Semi-Furnished,enterprise,Duplex,Lagos Island
"4bdrm Duplex in St Martin Estate, Pyakasa for sale","Abuja (FCT), Pyakasa",Pyakasa,Abuja (FCT),200000000.0,700.0,4,4,Semi-Furnished,enterprise,Duplex,Abuja (FCT)
3bdrm Apartment in Lekki for sale,"Lagos State, Lekki",Lekki,Lagos State,370000000.0,350.0,3,3,Semi-Furnished,enterprise,Apartment,Lagos Island
2bdrm Duplex in Sangotedo for sale,"Ajah, Sangotedo",Sangotedo,Ajah,110000000.0,214.0,2,2,Semi-Furnished,enterprise,Duplex,Lagos Island
"4bdrm Bungalow in Centenary City, Enugu for sale","Enugu State, Enugu",Enugu,Enugu State,160000000.0,500.0,4,5,Unfurnished,enterprise,Bungalow,Enugu State
4bdrm Duplex in Lekki for sale,"Lagos State, Lekki",Lekki,Lagos State,210000000.0,300.0,4,4,Unfurnished,enterprise,Duplex,Lagos Island
"2bdrm Duplex in Gift Avenue Off Nta, Woji for sale","Port-Harcourt, Woji",Woji,Port-Harcourt,250000000.0,1095.0,2,2,Semi-Furnished,enterprise,Duplex,Rivers State
"5bdrm Duplex in Newheaven, Enugu for sale","Enugu State, Enugu",Enugu,Enugu State,350000000.0,600.0,5,5,Semi-Furnished,diamond,Duplex,Enugu State
3bdrm Bungalow in Karsana for sale,"Gwagwa, Karsana",Karsana,Gwagwa,170000000.0,500.0,3,3,Unfurnished,enterprise,Bungalow,Abuja (FCT)
5bdrm House in VGC / Ajah for sale,"Ajah, VGC / Ajah",VGC / Ajah,Ajah,470000000.0,500.0,5,5,Semi-Furnished,diamond,House,Lagos Island
5bdrm House in Off Lekki-Epe Expressway for sale,"Ajah, Off Lekki-Epe Expressway",Off Lekki-Epe Expressway,Ajah,350000000.0,500.0,5,5,Semi-Furnished,diamond,House,Lagos Island
"2bdrm House in Rockvale Manors, Apo Resettlement for sale","Apo District, Apo Resettlement",Apo Resettlement,Apo District,110000000.0,500.0,2,2,Unfurnished,diamond,House,Abuja (FCT)
"4bdrm Duplex in Ikolaba Estate, Agodi for sale","Ibadan, Agodi",Agodi,Ibadan,220000000.0,400.0,4,4,Semi-Furnished,diamond,Duplex,Oyo State
"4bdrm Apartment in Jahi, Abuja for sale","Abuja (FCT), Jahi",Jahi,Abuja (FCT),165000000.0,250.0,4,4,Unfurnished,diamond,Apartment,Abuja (FCT)
Furnished 4bdrm House in Adeniyi Jones for sale,"Ikeja, Adeniyi Jones",Adeniyi Jones,Ikeja,380000000.0,500.0,4,4,Furnished,diamond,House,Lagos Mainland
Furnished 4bdrm House in Magodo for sale,"Lagos State, Magodo",Magodo,Lagos State,550000000.0,500.0,4,4,Furnished,diamond,House,Lagos Mainland
Furnished 3bdrm House in Olokonla for sale,"Ajah, Olokonla",Olokonla,Ajah,150000000.0,500.0,3,3,Furnished,diamond,House,Lagos Island
Furnished 4bdrm House in Ikeja GRA for sale,"Ikeja, Ikeja GRA",Ikeja GRA,Ikeja,750000000.0,500.0,4,4,Furnished,diamond,House,Lagos Mainland
6bdrm Block of Flats in Benin City for sale,"Edo State, Benin City",Benin City,Edo State,72000000.0,470.0,6,6,Semi-Furnished,diamond,Block Of Flats,Edo State
"4bdrm Duplex in Ikota Villa Estate, Lekki for sale","Lagos State, Lekki",Lekki,Lagos State,200000000.0,100.0,4,4,Unfurnished,enterprise,Duplex,Lagos Island
5bdrm Duplex in Ajah Lekki for sale,"Lagos State, Ajah",Ajah,Lagos State,300000000.0,100.0,5,5,Unfurnished,enterprise,Duplex,Lagos Island
5bdrm Duplex in VGC / Ajah for sale,"Ajah, VGC / Ajah",VGC / Ajah,Ajah,1500000000.0,100.0,5,5,Unfurnished,enterprise,Duplex,Lagos Island
4bdrm Duplex in Ikota for sale,"Lekki, Ikota",Ikota,Lekki,180000000.0,100.0,4,4,Unfurnished,enterprise,Duplex,Lagos Island
2bdrm Apartment in Ikate for sale,"Lekki, Ikate",Ikate,Lekki,140000000.0,100.0,2,2,Unfurnished,enterprise,Apartment,Lagos Island
"Furnished 2bdrm Penthouse in Oniru, Victoria Island for sale","Lagos State, Victoria Island",Victoria Island,Lagos State,250000000.0,100.0,2,2,Furnished,enterprise,Penthouse,Lagos Island
4bdrm Duplex in Ikota Villa for sale,"Lekki, Ikota",Ikota,Lekki,150000000.0,100.0,4,4,Unfurnished,enterprise,Duplex,Lagos Island
"4bdrm Duplex in Orchid, Lekki for sale","Lagos State, Lekki",Lekki,Lagos State,230000000.0,100.0,4,4,Unfurnished,enterprise,Duplex,Lagos Island
2bdrm Apartment in Gbagada for sale,"Lagos State, Gbagada",Gbagada,Lagos State,90000000.0,250.0,2,2,Unfurnished,enterprise,Apartment,Lagos Mainland
4bdrm House in Omole Phase 2 for sale,"Ikeja, Omole Phase 2",Omole Phase 2,Ikeja,200000000.0,250.0,4,4,Unfurnished,enterprise,House,Lagos Mainland
Furnished 4bdrm Duplex in Lekki for sale,"Lagos State, Lekki",Lekki,Lagos State,420000000.0,250.0,4,4,Furnished,enterprise,Duplex,Lagos Island
4bdrm Duplex in Wuse 2 Abuja for sale,"Abuja (FCT), Wuse 2",Wuse 2,Abuja (FCT),750000000.0,2000.0,4,5,Semi-Furnished,enterprise,Duplex,Abuja (FCT)
"5bdrm Duplex in It Owns Compound, Apo Resettlement for sale","Apo District, Apo Resettlement",Apo Resettlement,Apo District,800000000.0,700.0,5,7,Unfurnished,diamond,Duplex,Abuja (FCT)
4bdrm Duplex in Ikota Villa Estate for sale,"Lekki, Ikota",Ikota,Lekki,200000000.0,500.0,4,4,Unfurnished,diamond,Duplex,Lagos Island
2bdrm Apartment in Phase 1 for sale,"Lekki, Lekki Phase 1",Lekki Phase 1,Lekki,270000000.0,550.0,2,2,Unfurnished,diamond,Apartment,Lagos Island
"4bdrm Duplex in Serenen Environment, Ifako-Gbagada for sale","Gbagada, Ifako-Gbagada",Ifako-Gbagada,Gbagada,300000000.0,275.0,4,4,Unfurnished,diamond,Duplex,Lagos Mainland
5bdrm Duplex in Asokoro for sale,"Abuja (FCT), Asokoro",Asokoro,Abuja (FCT),1500000000.0,600.0,5,5,Unfurnished,diamond,Duplex,Abuja (FCT)
5bdrm Duplex in Ikota Lekki Lagos for sale,"Lekki, Ikota",Ikota,Lekki,650000000.0,650.0,5,6,Semi-Furnished,enterprise,Duplex,Lagos Island
3bdrm Block of Flats in Command Ipaja Lagos for sale,"Ipaja, Ipaja / Ipaja",Ipaja / Ipaja,Ipaja,80000000.0,1000.0,3,4,Semi-Furnished,enterprise,Block Of Flats,Lagos Mainland
5bdrm Duplex in Ologolo Lekki Lagos for sale,"Lekki, Ologolo",Ologolo,Lekki,600000000.0,600.0,5,6,Semi-Furnished,enterprise,Duplex,Lagos Island
2bdrm Apartment in Lekki for sale,"Lagos State, Lekki",Lekki,Lagos State,350000000.0,350.0,2,2,Semi-Furnished,enterprise,Apartment,Lagos Island
Furnished 3bdrm House in Magodo for sale,"Lagos State, Magodo",Magodo,Lagos State,280000000.0,500.0,3,3,Furnished,diamond,House,Lagos Mainland
Furnished 5bdrm House in Omole Phase 1 for sale,"Ikeja, Omole Phase 1",Omole Phase 1,Ikeja,700000000.0,500.0,5,5,Furnished,diamond,House,Lagos Mainland
Furnished 3bdrm House in Abijo for sale,"Ibeju, Abijo",Abijo,Ibeju,100000000.0,500.0,3,3,Furnished,diamond,House,Lagos Island
4bdrm House in Ikeja for sale,"Lagos State, Ikeja",Ikeja,Lagos State,350000000.0,500.0,4,4,Semi-Furnished,diamond,House,Lagos Mainland
4bdrm Duplex in Ikate for sale,"Lekki, Ikate",Ikate,Lekki,400000000.0,100.0,4,4,Unfurnished,enterprise,Duplex,Lagos Island
Furnished 2bdrm Apartment in Lekki Conservation for sale,"Lekki, Lekki Expressway",Lekki Expressway,Lekki,135000000.0,100.0,2,2,Furnished,enterprise,Apartment,Lagos Island
1bdrm Apartment in Ologolo for sale,"Lekki, Ologolo",Ologolo,Lekki,110000000.0,100.0,1,1,Unfurnished,enterprise,Apartment,Lagos Island
"4bdrm Duplex in Lekki Palm City, Ado / Ajah for sale","Ajah, Ado / Ajah",Ado / Ajah,Ajah,140000000.0,100.0,4,4,Unfurnished,enterprise,Duplex,Lagos Island
2bdrm Apartment in Lekki Phase1 for sale,"Lekki, Lekki Phase 1",Lekki Phase 1,Lekki,380000000.0,100.0,2,2,Unfurnished,enterprise,Apartment,Lagos Island
4bdrm Duplex in Lekki for sale,"Lagos State, Lekki",Lekki,Lagos State,205000000.0,200.0,4,5,Semi-Furnished,diamond,Duplex,Lagos Island
3bdrm Duplex in Ado / Ajah for sale,"Ajah, Ado / Ajah",Ado / Ajah,Ajah,125000000.0,500.0,3,3,Semi-Furnished,diamond,Duplex,Lagos Island
3bdrm Apartment in Ikate for sale,"Lekki, Ikate",Ikate,Lekki,200000000.0,500.0,3,3,Unfurnished,diamond,Apartment,Lagos Island
4bdrm Duplex in Ajah for sale,"Lagos State, Ajah",Ajah,Lagos State,155000000.0,350.0,4,4,Unfurnished,enterprise,Duplex,Lagos Island
5bdrm Duplex in Woji Estate for sale,"Port-Harcourt, Woji",Woji,Port-Harcourt,650000000.0,1000.0,5,5,Semi-Furnished,enterprise,Duplex,Rivers State
3bdrm Block of Flats in Katampe Extension for sale,"Katampe, Katampe Extension",Katampe Extension,Katampe,200000000.0,150.0,3,3,Unfurnished,enterprise,Block Of Flats,Abuja (FCT)
4bdrm Duplex in Osapa london for sale,"Lekki, Osapa london",Osapa london,Lekki,350000000.0,600.0,4,4,Unfurnished,enterprise,Duplex,Lagos Island
6bdrm Duplex in Magodo Gra Phase 2 for sale,"Lagos State, Magodo",Magodo,Lagos State,850000000.0,500.0,6,6,Semi-Furnished,diamond,Duplex,Lagos Mainland
"2bdrm Apartment in Lakeview Estate, Amuwo-Odofin for sale","Lagos State, Amuwo-Odofin",Amuwo-Odofin,Lagos State,100000000.0,300.0,2,2,Unfurnished,diamond,Apartment,Lagos Mainland
5bdrm House in Chevron for sale,"Lekki, Chevron",Chevron,Lekki,800000000.0,500.0,5,5,Semi-Furnished,diamond,House,Lagos Island
5bdrm Duplex in Lekki Expressway for sale,"Lekki, Lekki Expressway",Lekki Expressway,Lekki,250000000.0,500.0,5,5,Unfurnished,diamond,Duplex,Lagos Island
4bdrm House in Lekki Phase 1 for sale,"Lekki, Lekki Phase 1",Lekki Phase 1,Lekki,300000000.0,500.0,4,4,Semi-Furnished,diamond,House,Lagos Island
4bdrm Duplex in Ogudu Gra for sale,"Ogudu, Ogudu GRA",Ogudu GRA,Ogudu,1200000000.0,400.0,4,5,Semi-Furnished,enterprise,Duplex,Lagos Mainland
"3bdrm Bungalow in T. A Garden, Isheri North for sale","Ojodu, Isheri North",Isheri North,Ojodu,170000000.0,150.0,3,4,Semi-Furnished,enterprise,Bungalow,Lagos Mainland
5bdrm House in Off Lekki-Epe Expressway for sale,"Ajah, Off Lekki-Epe Expressway",Off Lekki-Epe Expressway,Ajah,400000000.0,500.0,5,5,Semi-Furnished,diamond,House,Lagos Island
"Furnished 4bdrm Duplex in Oniru, Victoria Island Extension for sale","Victoria Island, Victoria Island Extension",Victoria Island Extension,Victoria Island,750000000.0,300.0,4,5,Furnished,enterprise,Duplex,Lagos Island
4bdrm Duplex in Apo Wumba for sale,"Apo District, Apo Resettlement",Apo Resettlement,Apo District,350000000.0,600.0,4,5,Unfurnished,enterprise,Duplex,Abuja (FCT)
"6bdrm Duplex in Iwofe By Ada George, Port-Harcourt for sale","Rivers State, Port-Harcourt",Port-Harcourt,Rivers State,230000000.0,539.0,6,7,Semi-Furnished,enterprise,Duplex,Rivers State
"4bdrm Duplex in Irewole, Jericho for sale","Ibadan, Jericho",Jericho,Ibadan,100000000.0,400.0,4,4,Unfurnished,diamond,Duplex,Oyo State
"4bdrm Bungalow in City Park And, Egbeda / Egbeda for sale","Egbeda, Egbeda / Egbeda",Egbeda / Egbeda,Egbeda,95000000.0,450.0,4,4,Semi-Furnished,diamond,Bungalow,Oyo State
16bdrm House in Agbowo for sale,"Ibadan, Agbowo",Agbowo,Ibadan,75000000.0,800.0,16,4,Unfurnished,diamond,House,Oyo State
4bdrm Duplex in Agodi Gra for sale,"Ibadan, Agodi",Agodi,Ibadan,500000000.0,410.0,4,4,Unfurnished,diamond,Duplex,Oyo State
"5bdrm Duplex in Planet Hills, Sabon Lugbe for sale","Lugbe District, Sabon Lugbe",Sabon Lugbe,Lugbe District,255000000.0,450.0,5,5,Unfurnished,diamond,Duplex,Abuja (FCT)
5bdrm Duplex in Ikate for sale,"Lekki, Ikate",Ikate,Lekki,700000000.0,123.0,5,5,Unfurnished,diamond,Duplex,Lagos Island
5bdrm Duplex in Lekki Expressway for sale,"Lekki, Lekki Expressway",Lekki Expressway,Lekki,750000000.0,234.0,5,5,Unfurnished,diamond,Duplex,Lagos Island
5bdrm Duplex in Ajah for sale,"Lagos State, Ajah",Ajah,Lagos State,550000000.0,700.0,5,5,Semi-Furnished,diamond,Duplex,Lagos Island
4bdrm Apartment in Ikate for sale,"Lekki, Ikate",Ikate,Lekki,320000000.0,500.0,4,4,Semi-Furnished,diamond,Apartment,Lagos Island
"4bdrm Duplex in A Serene Estate, Lekki Phase 1 for sale","Lekki, Lekki Phase 1",Lekki Phase 1,Lekki,370000000.0,300.0,4,4,Unfurnished,diamond,Duplex,Lagos Island
3bdrm Block of Flats in Wuye for sale,"Abuja (FCT), Wuye",Wuye,Abuja (FCT),130000000.0,250.0,3,3,Unfurnished,diamond,Block Of Flats,Abuja (FCT)
4bdrm Duplex in Festac for sale,"Amuwo-Odofin, Festac",Festac,Amuwo-Odofin,220000000.0,600.0,4,4,Unfurnished,enterprise,Duplex,Lagos Mainland
2bdrm Apartment in Festac for sale,"Amuwo-Odofin, Festac",Festac,Amuwo-Odofin,100000000.0,600.0,2,2,Unfurnished,enterprise,Apartment,Lagos Mainland
5bdrm Duplex in Sangotedo for sale,"Ajah, Sangotedo",Sangotedo,Ajah,430000000.0,420.0,5,5,Semi-Furnished,diamond,Duplex,Lagos Island
5bdrm Duplex in Sangotedo for sale,"Ajah, Sangotedo",Sangotedo,Ajah,550000000.0,300.0,5,5,Semi-Furnished,diamond,Duplex,Lagos Island
Furnished 5bdrm House in Magodo for sale,"Lagos State, Magodo",Magodo,Lagos State,950000000.0,500.0,5,5,Furnished,diamond,House,Lagos Mainland
1bdrm Apartment in Lekki Scheme 2 for sale,"Lekki, Lekki Expressway",Lekki Expressway,Lekki,80000000.0,1000.0,1,1,Unfurnished,enterprise,Apartment,Lagos Island
4bdrm Duplex in Ikate for sale,"Lekki, Ikate",Ikate,Lekki,320000000.0,100.0,4,4,Unfurnished,enterprise,Duplex,Lagos Island
"5bdrm Duplex in Orchid, Lekki Expressway for sale","Lekki, Lekki Expressway",Lekki Expressway,Lekki,470000000.0,100.0,5,5,Unfurnished,enterprise,Duplex,Lagos Island
3bdrm Duplex in Ikoyi for sale,"Lagos State, Ikoyi",Ikoyi,Lagos State,650000000.0,100.0,3,3,Unfurnished,enterprise,Duplex,Lagos Island
5bdrm Duplex in Jahi for sale,"Abuja (FCT), Jahi",Jahi,Abuja (FCT),600000000.0,400.0,5,5,Semi-Furnished,enterprise,Duplex,Abuja (FCT)
4bdrm Duplex in Lekki Phase 1 for sale,"Lekki, Lekki Phase 1",Lekki Phase 1,Lekki,650000000.0,500.0,4,4,Unfurnished,diamond,Duplex,Lagos Island
4bdrm Duplex in Ado / Ajah for sale,"Ajah, Ado / Ajah",Ado / Ajah,Ajah,290000000.0,500.0,4,4,Semi-Furnished,diamond,Duplex,Lagos Island
2bdrm Apartment in Lekki Phase 1 for sale,"Lekki, Lekki Phase 1",Lekki Phase 1,Lekki,230000000.0,500.0,2,2,Semi-Furnished,diamond,Apartment,Lagos Island
3bdrm Apartment in Lekki Phase 1 for sale,"Lekki, Lekki Phase 1",Lekki Phase 1,Lekki,300000000.0,500.0,3,3,Semi-Furnished,diamond,Apartment,Lagos Island
4bdrm Duplex in Osapa london for sale,"Lekki, Osapa london",Osapa london,Lekki,850000000.0,500.0,4,4,Semi-Furnished,diamond,Duplex,Lagos Island
3bdrm House in Lagos State for sale,Lagos State,Lagos State,,170000000.0,150.0,3,3,Unfurnished,enterprise,House,Lagos Mainland
Furnished 4bdrm Duplex in Ikate for sale,"Lekki, Ikate",Ikate,Lekki,300000000.0,500.0,4,4,Furnished,diamond,Duplex,Lagos Island
5bdrm Duplex in Off Lekki-Epe Expressway for sale,"Ajah, Off Lekki-Epe Expressway",Off Lekki-Epe Expressway,Ajah,550000000.0,500.0,5,5,Semi-Furnished,diamond,Duplex,Lagos Island
3bdrm Duplex in Lekki Phase 1 for sale,"Lekki, Lekki Phase 1",Lekki Phase 1,Lekki,300000000.0,500.0,3,3,Semi-Furnished,diamond,Duplex,Lagos Island
"5bdrm Duplex in Oakland Estate, Sangotedo for sale","Ajah, Sangotedo",Sangotedo,Ajah,320000000.0,300.0,5,5,Unfurnished,enterprise,Duplex,Lagos Island
"3bdrm Block of Flats in Market Square, Ago Palace for sale","Isolo, Ago Palace",Ago Palace,Isolo,90000000.0,500.0,3,3,Unfurnished,diamond,Block Of Flats,Lagos Mainland
"6bdrm House in Lead City, Felele, CHallenge / Ibadan for sale","Ibadan, CHallenge / Ibadan",CHallenge / Ibadan,Ibadan,80000000.0,450.0,6,6,Unfurnished,diamond,House,Oyo State
"5bdrm Duplex in Magodo Phase2, Kosofe for sale","Lagos State, Kosofe",Kosofe,Lagos State,800000000.0,450.0,5,6,Semi-Furnished,diamond,Duplex,Lagos Mainland
4bdrm Duplex in VGC / Ajah for sale,"Ajah, VGC / Ajah",VGC / Ajah,Ajah,150000000.0,950.0,4,4,Unfurnished,enterprise,Duplex,Lagos Island
5bdrm Duplex in Ikota for sale,"Lekki, Ikota",Ikota,Lekki,600000000.0,700.0,5,5,Semi-Furnished,diamond,Duplex,Lagos Island
"6bdrm Duplex in Estate, Lugbe District for sale","Abuja (FCT), Lugbe District",Lugbe District,Abuja (FCT),300000000.0,450.0,6,6,Unfurnished,diamond,Duplex,Abuja (FCT)
Furnished 5bdrm Duplex in Apo Resettlement for sale,"Apo District, Apo Resettlement",Apo Resettlement,Apo District,380000000.0,700.0,5,6,Furnished,enterprise,Duplex,Abuja (FCT)
5bdrm Duplex in Jabi Waterfront for sale,"Abuja (FCT), Jabi",Jabi,Abuja (FCT),1100000000.0,600.0,5,6,Semi-Furnished,enterprise,Duplex,Abuja (FCT)
2bdrm Apartment in Lekki Expressway for sale,"Lekki, Lekki Expressway",Lekki Expressway,Lekki,122000000.0,500.0,2,2,Semi-Furnished,diamond,Apartment,Lagos Island
3bdrm Apartment in Ikate for sale,"Lekki, Ikate",Ikate,Lekki,380000000.0,500.0,3,3,Unfurnished,diamond,Apartment,Lagos Island
5bdrm Duplex in Ikeja Gra for sale,"Ikeja, Ikeja GRA",Ikeja GRA,Ikeja,1300000000.0,750.0,5,6,Semi-Furnished,enterprise,Duplex,Lagos Mainland
5bdrm Duplex in Omole for sale,"Ikeja, Omole Phase 2",Omole Phase 2,Ikeja,600000000.0,400.0,5,6,Semi-Furnished,enterprise,Duplex,Lagos Mainland
4bdrm Maisonette in Ikoyi S.W for sale,"Ikoyi, Ikoyi S.W",Ikoyi S.W,Ikoyi,750000000.0,500.0,4,4,Semi-Furnished,diamond,Maisonette,Lagos Island
4bdrm Duplex in Lokogoma for sale,"Abuja (FCT), Lokogoma",Lokogoma,Abuja (FCT),200000000.0,750.0,4,5,Unfurnished,diamond,Duplex,Abuja (FCT)
Furnished 4bdrm Apartment in Katampe (Main) for sale,"Katampe, Katampe (Main)",Katampe (Main),Katampe,300000000.0,250.0,4,3,Furnished,diamond,Apartment,Abuja (FCT)
4bdrm Duplex in Wuye for sale,"Abuja (FCT), Wuye",Wuye,Abuja (FCT),550000000.0,450.0,4,5,Semi-Furnished,diamond,Duplex,Abuja (FCT)
6bdrm Duplex in Lokogoma for sale,"Abuja (FCT), Lokogoma",Lokogoma,Abuja (FCT),500000000.0,800.0,6,7,Semi-Furnished,diamond,Duplex,Abuja (FCT)
"4bdrm Duplex in 08 Garden City, Ikwerre for sale","Rivers State, Ikwerre",Ikwerre,Rivers State,145000000.0,465.0,4,5,Unfurnished,enterprise,Duplex,Rivers State
4bdrm Duplex in Golf Estate Peter for sale,"Rivers State, Port-Harcourt",Port-Harcourt,Rivers State,450000000.0,500.0,4,5,Semi-Furnished,enterprise,Duplex,Rivers State
4bdrm Duplex in Port-Harcourt for sale,"Rivers State, Port-Harcourt",Port-Harcourt,Rivers State,250000000.0,400.0,4,5,Semi-Furnished,enterprise,Duplex,Rivers State
"5bdrm Duplex in On Its Own Compound, Apo Resettlement for sale","Apo District, Apo Resettlement",Apo Resettlement,Apo District,650000000.0,1000.0,5,7,Unfurnished,diamond,Duplex,Abuja (FCT)
"5bdrm Duplex in Estate, Apo Resettlement for sale","Apo District, Apo Resettlement",Apo Resettlement,Apo District,750000000.0,750.0,5,7,Unfurnished,diamond,Duplex,Abuja (FCT)
"5bdrm Duplex in Estate, Galadimawa for sale","Abuja (FCT), Galadimawa",Galadimawa,Abuja (FCT),500000000.0,750.0,5,6,Unfurnished,diamond,Duplex,Abuja (FCT)
5bdrm Duplex in Ikota for sale,"Lekki, Ikota",Ikota,Lekki,400000000.0,350.0,5,5,Semi-Furnished,diamond,Duplex,Lagos Island
5bdrm Duplex in Agungi for sale,"Lekki, Agungi",Agungi,Lekki,350000000.0,350.0,5,5,Unfurnished,diamond,Duplex,Lagos Island
5bdrm Duplex in Nnpc Estate Life for sale,"Gwarinpa, Life Camp",Life Camp,Gwarinpa,350000000.0,750.0,5,6,Unfurnished,enterprise,Duplex,Abuja (FCT)
5bdrm Duplex in Enugu for sale,"Enugu State, Enugu",Enugu,Enugu State,350000000.0,350.0,5,6,Semi-Furnished,diamond,Duplex,Enugu State
5bdrm Duplex in Festac for sale,"Amuwo-Odofin, Festac",Festac,Amuwo-Odofin,350000000.0,600.0,5,5,Unfurnished,enterprise,Duplex,Lagos Mainland
5bdrm House in Lekki for sale,"Lekki, Lekki Phase 1",Lekki Phase 1,Lekki,850000000.0,300.0,5,5,Unfurnished,enterprise,House,Lagos Island
5bdrm Duplex in Ikota for sale,"Lekki, Ikota",Ikota,Lekki,300000000.0,300.0,5,5,Semi-Furnished,diamond,Duplex,Lagos Island
6bdrm Duplex in Benin City for sale,"Edo State, Benin City",Benin City,Edo State,400000000.0,817.0,6,6,Unfurnished,diamond,Duplex,Edo State
17bdrm Block of Flats in Osolo Way for sale,"Isolo, Osolo Way",Osolo Way,Isolo,150000000.0,600.0,17,17,Semi-Furnished,diamond,Block Of Flats,Lagos Mainland
"2bdrm Block of Flats in Victory Estate, Ibeshe / Amuwo-Odofin for sale","Amuwo-Odofin, Ibeshe / Amuwo-Odofin",Ibeshe / Amuwo-Odofin,Amuwo-Odofin,680000000.0,1800.0,2,2,Semi-Furnished,diamond,Block Of Flats,Lagos Mainland
Furnished 4bdrm Duplex in Lokogoma for sale,"Abuja (FCT), Lokogoma",Lokogoma,Abuja (FCT),300000000.0,500.0,4,5,Furnished,enterprise,Duplex,Abuja (FCT)
4bdrm Duplex in Victoria Island for sale,"Victoria Island, Victoria Island Extension",Victoria Island Extension,Victoria Island,700000000.0,100.0,4,4,Unfurnished,enterprise,Duplex,Lagos Island
3bdrm Duplex in Lekki Phase 1 for sale,"Lekki, Lekki Phase 1",Lekki Phase 1,Lekki,400000000.0,100.0,3,3,Unfurnished,enterprise,Duplex,Lagos Island
3bdrm Duplex in Ajah for sale,"Lagos State, Ajah",Ajah,Lagos State,90000000.0,100.0,3,3,Unfurnished,enterprise,Duplex,Lagos Island
4bdrm Duplex in Ikoyi for sale,"Lagos State, Ikoyi",Ikoyi,Lagos State,1550000000.0,100.0,4,4,Unfurnished,enterprise,Duplex,Lagos Island
"7bdrm Duplex in Pinnock Beach Estate, Osapa london for sale","Lekki, Osapa london",Osapa london,Lekki,2100000000.0,100.0,7,7,Unfurnished,enterprise,Duplex,Lagos Island
3bdrm Apartment in Chevron for sale,"Lekki, Chevron",Chevron,Lekki,100000000.0,100.0,3,3,Unfurnished,enterprise,Apartment,Lagos Island
"5bdrm Duplex in Orchid, Lekki for sale","Lagos State, Lekki",Lekki,Lagos State,330000000.0,100.0,5,5,Unfurnished,enterprise,Duplex,Lagos Island
5bdrm Duplex in Orchi Lekki for sale,"Lagos State, Lekki",Lekki,Lagos State,400000000.0,100.0,5,5,Unfurnished,enterprise,Duplex,Lagos Island
4bdrm Duplex in Ikate for sale,"Lekki, Ikate",Ikate,Lekki,370000000.0,100.0,4,4,Unfurnished,enterprise,Duplex,Lagos Island
"Furnished 3bdrm Duplex in Shell Cooperative, Eneka for sale","Port-Harcourt, Eneka",Eneka,Port-Harcourt,260000000.0,400.0,3,3,Furnished,enterprise,Duplex,Rivers State
"Furnished 4bdrm Penthouse in New Road Extension,, Obio-Akpor for sale","Rivers State, Obio-Akpor",Obio-Akpor,Rivers State,95000000.0,465.0,4,4,Furnished,enterprise,Penthouse,Rivers State
4bdrm Duplex in Maryland for sale,"Lagos State, Maryland",Maryland,Lagos State,500000000.0,300.0,4,4,Unfurnished,enterprise,Duplex,Lagos Mainland
Furnished 3bdrm Apartment in Ikeja GRA for sale,"Ikeja, Ikeja GRA",Ikeja GRA,Ikeja,680000000.0,500.0,3,3,Furnished,diamond,Apartment,Lagos Mainland
5bdrm Duplex in Lekki Expressway for sale,"Lekki, Lekki Expressway",Lekki Expressway,Lekki,320000000.0,500.0,5,5,Semi-Furnished,diamond,Duplex,Lagos Island
6bdrm Duplex in Chevron for sale,"Lekki, Chevron",Chevron,Lekki,720000000.0,500.0,6,6,Semi-Furnished,diamond,Duplex,Lagos Island
2bdrm Block of Flats in Rukpokwu for sale,"Port-Harcourt, Rukpokwu",Rukpokwu,Port-Harcourt,180000000.0,780.0,2,2,Semi-Furnished,enterprise,Block Of Flats,Rivers State
"4bdrm Duplex in Peter Odili, Amadi-Ama for sale","Port-Harcourt, Amadi-Ama",Amadi-Ama,Port-Harcourt,300000000.0,465.0,4,4,Semi-Furnished,enterprise,Duplex,Rivers State
"5bdrm Duplex in Shola F. Adedui, Idishin for sale","Ibadan, Idishin",Idishin,Ibadan,150000000.0,500.0,5,5,Semi-Furnished,diamond,Duplex,Oyo State
4bdrm Duplex in Lagos Island / Lagos Island for sale,"Lagos Island (Eko), Lagos Island / Lagos Island",Lagos Island / Lagos Island,Lagos Island (Eko),135000000.0,450.0,4,4,Unfurnished,diamond,Duplex,Lagos Island
4bdrm Duplex in Off Lekki-Epe Expressway for sale,"Ajah, Off Lekki-Epe Expressway",Off Lekki-Epe Expressway,Ajah,230000000.0,500.0,4,4,Semi-Furnished,diamond,Duplex,Lagos Island
"3bdrm Duplex in Magodo, GRA Phase 1 for sale","Magodo, GRA Phase 1",GRA Phase 1,Magodo,200000000.0,250.0,3,4,Semi-Furnished,enterprise,Duplex,Lagos Mainland
5bdrm Duplex in Ikota for sale,"Lekki, Ikota",Ikota,Lekki,420000000.0,500.0,5,5,Semi-Furnished,diamond,Duplex,Lagos Island
4bdrm Duplex in Lekki Expressway for sale,"Lekki, Lekki Expressway",Lekki Expressway,Lekki,190000000.0,500.0,4,4,Unfurnished,diamond,Duplex,Lagos Island
"5bdrm Duplex in Ikoyi, Parkview Estate for sale","Ikoyi, Parkview Estate",Parkview Estate,Ikoyi,1500000000.0,300.0,5,6,Semi-Furnished,enterprise,Duplex,Lagos Island
5bdrm Duplex in Chevron for sale,"Lekki, Chevron",Chevron,Lekki,530000000.0,400.0,5,6,Semi-Furnished,enterprise,Duplex,Lagos Island
5bdrm Duplex in Wuye for sale,"Abuja (FCT), Wuye",Wuye,Abuja (FCT),1300000000.0,850.0,5,6,Semi-Furnished,diamond,Duplex,Abuja (FCT)
"5bdrm Duplex in Megamound Estate, Ikota for sale","Lekki, Ikota",Ikota,Lekki,450000000.0,500.0,5,6,Unfurnished,diamond,Duplex,Lagos Island
4bdrm Duplex in Ikota for sale,"Lekki, Ikota",Ikota,Lekki,135000000.0,250.0,4,5,Unfurnished,diamond,Duplex,Lagos Island
6bdrm Duplex in Kado for sale,"Abuja (FCT), Kado",Kado,Abuja (FCT),800000000.0,800.0,6,7,Semi-Furnished,diamond,Duplex,Abuja (FCT)
5bdrm Duplex in New Oko Oba for sale,"Agege, New Oko Oba",New Oko Oba,Agege,300000000.0,400.0,5,6,Semi-Furnished,enterprise,Duplex,Lagos Mainland
4bdrm Duplex in Ikota for sale,"Lekki, Ikota",Ikota,Lekki,140000000.0,500.0,4,4,Unfurnished,enterprise,Duplex,Lagos Island
3bdrm Apartment in GRA Phase 1 for sale,"Magodo, GRA Phase 1",GRA Phase 1,Magodo,280000000.0,620.0,3,3,Semi-Furnished,enterprise,Apartment,Lagos Mainland
"4bdrm Duplex in Dpk, Chevron for sale","Lekki, Chevron",Chevron,Lekki,420000000.0,500.0,4,4,Semi-Furnished,enterprise,Duplex,Lagos Island
3bdrm Apartment in Surulere for sale,"Lagos State, Surulere",Surulere,Lagos State,180000000.0,500.0,3,3,Unfurnished,enterprise,Apartment,Lagos Mainland
"5bdrm Duplex in Ikolaba Estate, Agodi for sale","Ibadan, Agodi",Agodi,Ibadan,220000000.0,500.0,5,5,Semi-Furnished,diamond,Duplex,Oyo State
3bdrm Duplex in Guzape District for sale,"Abuja (FCT), Guzape District",Guzape District,Abuja (FCT),250000000.0,300.0,3,3,Unfurnished,diamond,Duplex,Abuja (FCT)
"5bdrm Duplex in Heritage, Oluyole Estate for sale","Ibadan, Oluyole Estate",Oluyole Estate,Ibadan,300000000.0,600.0,5,5,Semi-Furnished,diamond,Duplex,Oyo State
"5bdrm Duplex in Prince And Princess, Kaura for sale","Abuja (FCT), Kaura",Kaura,Abuja (FCT),700000000.0,670.0,5,6,Unfurnished,diamond,Duplex,Abuja (FCT)
4bdrm Duplex in Jahi for sale,"Abuja (FCT), Jahi",Jahi,Abuja (FCT),1600000000.0,800.0,4,5,Semi-Furnished,diamond,Duplex,Abuja (FCT)
2bdrm Apartment in Igbo-efon for sale,"Lekki, Igbo-efon",Igbo-efon,Lekki,95000000.0,600.0,2,2,Unfurnished,diamond,Apartment,Lagos Island
4bdrm Duplex in Lekki Expressway for sale,"Lekki, Lekki Expressway",Lekki Expressway,Lekki,175000000.0,300.0,4,4,Semi-Furnished,diamond,Duplex,Lagos Island
6bdrm Duplex in Ajah for sale,"Lagos State, Ajah",Ajah,Lagos State,1000000000.0,800.0,6,6,Semi-Furnished,diamond,Duplex,Lagos Island
"Furnished 5bdrm Duplex in Chevron, Lekki for sale","Lagos State, Lekki",Lekki,Lagos State,650000000.0,1200.0,5,5,Furnished,diamond,Duplex,Lagos Island
"10bdrm Room & Parlour in Abak Road, Uyo for sale","Akwa Ibom State, Uyo",Uyo,Akwa Ibom State,130000000.0,1800.0,10,2,Semi-Furnished,diamond,Room & Parlour,Akwa Ibom State
"2bdrm Bungalow in Gudu, Abuja for sale","Abuja (FCT), Gudu",Gudu,Abuja (FCT),155000000.0,200.0,2,2,Semi-Furnished,diamond,Bungalow,Abuja (FCT)
3bdrm Block of Flats in Oshimili North for sale,"Delta State, Oshimili North",Oshimili North,Delta State,2200000000.0,5000.0,3,3,Unfurnished,diamond,Block Of Flats,Delta State
2bdrm Block of Flats in Lekki Right for sale,"Lekki, Lekki Phase 1",Lekki Phase 1,Lekki,300000000.0,1200.0,2,2,Unfurnished,diamond,Block Of Flats,Lagos Island
"Furnished 5bdrm Duplex in Golden Spring Estate, Dakwo District for sale","Abuja (FCT), Dakwo District",Dakwo District,Abuja (FCT),450000000.0,912.0,5,6,Furnished,diamond,Duplex,Abuja (FCT)
4bdrm Duplex in Ilaje / Lekki for sale,"Lekki, Ilaje / Lekki",Ilaje / Lekki,Lekki,140000000.0,350.0,4,4,Unfurnished,diamond,Duplex,Lagos Island
Furnished 2bdrm Duplex in Sangotedo for sale,"Ajah, Sangotedo",Sangotedo,Ajah,70000000.0,300.0,2,2,Furnished,diamond,Duplex,Lagos Island
4bdrm Duplex in Ajah for sale,"Lagos State, Ajah",Ajah,Lagos State,140000000.0,400.0,4,4,Unfurnished,diamond,Duplex,Lagos Island
"5bdrm Duplex in Lakeview, Amuwo-Odofin for sale","Lagos State, Amuwo-Odofin",Amuwo-Odofin,Lagos State,220000000.0,707.0,5,6,Unfurnished,enterprise,Duplex,Lagos Mainland
4bdrm House in Ikota Villa Estate for sale,"Lekki, Ikota",Ikota,Lekki,140000000.0,300.0,4,4,Unfurnished,enterprise,House,Lagos Island
Furnished 3bdrm Apartment in Lekki Proper for sale,"Lekki, Lekki Phase 1",Lekki Phase 1,Lekki,200000000.0,300.0,3,3,Furnished,enterprise,Apartment,Lagos Island
5bdrm Duplex in Orchid Lekki Lagos for sale,"Lekki, Lekki Phase 1",Lekki Phase 1,Lekki,450000000.0,300.0,5,5,Unfurnished,enterprise,Duplex,Lagos Island
6bdrm Duplex in Benin City for sale,"Edo State, Benin City",Benin City,Edo State,150000000.0,464.0,6,6,Unfurnished,diamond,Duplex,Edo State
"Furnished 5bdrm Duplex in Lekki Lagos, Osapa london for sale","Lekki, Osapa london",Osapa london,Lekki,900000000.0,300.0,5,5,Furnished,diamond,Duplex,Lagos Island
Furnished 4bdrm Duplex in Ikate Lekki Lagos for sale,"Lekki, Ikate",Ikate,Lekki,370000000.0,250.0,4,4,Furnished,diamond,Duplex,Lagos Island
Furnished 4bdrm House in Ikeja for sale,"Lagos State, Ikeja",Ikeja,Lagos State,330000000.0,500.0,4,4,Furnished,diamond,House,Lagos Mainland
Furnished 3bdrm House in Opebi for sale,"Ikeja, Opebi",Opebi,Ikeja,200000000.0,500.0,3,3,Furnished,diamond,House,Lagos Mainland
Furnished 2bdrm Apartment in Abijo for sale,"Ibeju, Abijo",Abijo,Ibeju,85000000.0,500.0,2,2,Furnished,diamond,Apartment,Lagos Island
"Furnished 5bdrm Duplex in Megamond Estate, Ikota for sale","Lekki, Ikota",Ikota,Lekki,450000000.0,650.0,5,5,Furnished,enterprise,Duplex,Lagos Island
Furnished 5bdrm House in Olokonla for sale,"Ajah, Olokonla",Olokonla,Ajah,270000000.0,500.0,5,5,Furnished,diamond,House,Lagos Island
Furnished 4bdrm House in Allen Avenue for sale,"Ikeja, Allen Avenue",Allen Avenue,Ikeja,565000000.0,500.0,4,4,Furnished,diamond,House,Lagos Mainland
10bdrm Block of Flats in Oshimili South for sale,"Delta State, Oshimili South",Oshimili South,Delta State,125000000.0,619.0,10,11,Semi-Furnished,enterprise,Block Of Flats,Delta State
2bdrm Apartment in Lekki Phase 1 for sale,"Lekki, Lekki Phase 1",Lekki Phase 1,Lekki,250000000.0,100.0,2,2,Unfurnished,enterprise,Apartment,Lagos Island
"2bdrm Apartment in Oniru, Victoria Island for sale","Lagos State, Victoria Island",Victoria Island,Lagos State,290000000.0,100.0,2,2,Unfurnished,enterprise,Apartment,Lagos Island
"4bdrm Duplex in Orchid, Lekki Expressway for sale","Lekki, Lekki Expressway",Lekki Expressway,Lekki,330000000.0,100.0,4,4,Unfurnished,enterprise,Duplex,Lagos Island
4bdrm Duplex in Ikate Lekki for sale,"Lekki, Ikate",Ikate,Lekki,300000000.0,100.0,4,4,Unfurnished,enterprise,Duplex,Lagos Island
2bdrm Apartment in Lekki Phase 1 for sale,"Lekki, Lekki Phase 1",Lekki Phase 1,Lekki,280000000.0,100.0,2,2,Unfurnished,enterprise,Apartment,Lagos Island
2bdrm Apartment in Ologolo for sale,"Lekki, Ologolo",Ologolo,Lekki,150000000.0,100.0,2,2,Unfurnished,enterprise,Apartment,Lagos Island
3bdrm Apartment in Lekki Phase for sale,"Lekki, Lekki Phase 1",Lekki Phase 1,Lekki,430000000.0,100.0,3,3,Unfurnished,enterprise,Apartment,Lagos Island
"4bdrm Duplex in Harris Drive, VGC / Ajah for sale","Ajah, VGC / Ajah",VGC / Ajah,Ajah,130000000.0,100.0,4,4,Unfurnished,enterprise,Duplex,Lagos Island
4bdrm Duplex in Lekki Phase 1 for sale,"Lekki, Lekki Phase 1",Lekki Phase 1,Lekki,1200000000.0,500.0,4,4,Semi-Furnished,diamond,Duplex,Lagos Island
2bdrm Duplex in Ajah for sale,"Lagos State, Ajah",Ajah,Lagos State,110000000.0,500.0,2,2,Unfurnished,diamond,Duplex,Lagos Island
5bdrm Duplex in Ikate for sale,"Lekki, Ikate",Ikate,Lekki,900000000.0,500.0,5,5,Semi-Furnished,diamond,Duplex,Lagos Island
3bdrm Penthouse in Lekki Phase 1 for sale,"Lekki, Lekki Phase 1",Lekki Phase 1,Lekki,400000000.0,500.0,3,3,Semi-Furnished,diamond,Penthouse,Lagos Island
"3bdrm Bungalow in Phase Six, Enugu for sale","Enugu State, Enugu",Enugu,Enugu State,90000000.0,600.0,3,3,Semi-Furnished,diamond,Bungalow,Enugu State
3bdrm Block of Flats in Durumi for sale,"Abuja (FCT), Durumi",Durumi,Abuja (FCT),130000000.0,1000.0,3,3,Unfurnished,diamond,Block Of Flats,Abuja (FCT)
"5bdrm Duplex in Magodo, GRA Phase 2 Shangisha for sale","Magodo, GRA Phase 2 Shangisha",GRA Phase 2 Shangisha,Magodo,800000000.0,400.0,5,6,Semi-Furnished,enterprise,Duplex,Lagos Mainland
5bdrm Duplex in Lekki Phase 1 for sale,"Lekki, Lekki Phase 1",Lekki Phase 1,Lekki,700000000.0,500.0,5,5,Semi-Furnished,diamond,Duplex,Lagos Island
"5bdrm Duplex in Opic, Isheri North for sale","Ojodu, Isheri North",Isheri North,Ojodu,180000000.0,350.0,5,6,Unfurnished,enterprise,Duplex,Lagos Mainland
2bdrm Apartment in GRA Phase 1 / Port-Harcourt for sale,"Port-Harcourt, GRA Phase 1 / Port-Harcourt",GRA Phase 1 / Port-Harcourt,Port-Harcourt,140000000.0,500.0,2,2,Unfurnished,enterprise,Apartment,Rivers State
4bdrm Duplex in Chevron for sale,"Lekki, Chevron",Chevron,Lekki,270000000.0,200.0,4,5,Unfurnished,diamond,Duplex,Lagos Island
4bdrm Duplex in Ikeja Gra for sale,"Ikeja, Ikeja GRA",Ikeja GRA,Ikeja,850000000.0,350.0,4,5,Semi-Furnished,enterprise,Duplex,Lagos Mainland
"5bdrm Duplex in Lekki Palm City, Ado / Ajah for sale","Ajah, Ado / Ajah",Ado / Ajah,Ajah,260000000.0,350.0,5,6,Unfurnished,diamond,Duplex,Lagos Island
3bdrm Bungalow in Apo Primary for sale,"Apo District, Apo Resettlement",Apo Resettlement,Apo District,110000000.0,500.0,3,4,Unfurnished,enterprise,Bungalow,Abuja (FCT)
4bdrm Duplex in Chevron for sale,"Lekki, Chevron",Chevron,Lekki,450000000.0,600.0,4,4,Semi-Furnished,enterprise,Duplex,Lagos Island
3bdrm Apartment in Phase 1 / Gbagada for sale,"Gbagada, Phase 1 / Gbagada",Phase 1 / Gbagada,Gbagada,165000000.0,500.0,3,3,Unfurnished,enterprise,Apartment,Lagos Mainland
20bdrm Apartment in Ijede / Ikorodu for sale,"Ikorodu, Ijede / Ikorodu",Ijede / Ikorodu,Ikorodu,75000000.0,600.0,20,20,Semi-Furnished,enterprise,Apartment,Lagos Mainland
4bdrm Duplex in Ikeja Residential for sale,"Ikeja, Ikeja GRA",Ikeja GRA,Ikeja,260000000.0,400.0,4,5,Semi-Furnished,enterprise,Duplex,Lagos Mainland
5bdrm Duplex in Chevron for sale,"Lekki, Chevron",Chevron,Lekki,480000000.0,500.0,5,5,Unfurnished,enterprise,Duplex,Lagos Island
"4bdrm Duplex in Estate, Life Camp for sale","Gwarinpa, Life Camp",Life Camp,Gwarinpa,450000000.0,400.0,4,6,Unfurnished,diamond,Duplex,Abuja (FCT)
"3bdrm Bungalow in Efab Queen Estate, Karsana for sale","Gwagwa, Karsana",Karsana,Gwagwa,270000000.0,600.0,3,4,Unfurnished,diamond,Bungalow,Abuja (FCT)
3bdrm Block of Flats in Lekki Phase 1 for sale,"Lekki, Lekki Phase 1",Lekki Phase 1,Lekki,350000000.0,260.0,3,3,Unfurnished,diamond,Block Of Flats,Lagos Island
5bdrm Duplex in Lekki Phase 1 for sale,"Lekki, Lekki Phase 1",Lekki Phase 1,Lekki,950000000.0,600.0,5,5,Semi-Furnished,diamond,Duplex,Lagos Island
"Furnished 12bdrm Duplex in Isuti, Igando / Ikotun/Igando for sale","Ikotun/Igando, Igando / Ikotun/Igando",Igando / Ikotun/Igando,Ikotun/Igando,80000000.0,648.0,12,12,Furnished,diamond,Duplex,Lagos Mainland
"4bdrm Duplex in A Serene Environment, GRA Phase 2 Shangisha for sale","Magodo, GRA Phase 2 Shangisha",GRA Phase 2 Shangisha,Magodo,350000000.0,270.0,4,4,Unfurnished,diamond,Duplex,Lagos Mainland
Furnished 5bdrm Duplex in Sea Man Estate Lugbe for sale,"Lugbe District, Sabon Lugbe",Sabon Lugbe,Lugbe District,260000000.0,120.0,5,6,Furnished,diamond,Duplex,Abuja (FCT)
4bdrm Duplex in Abraham Adesanya Estate for sale,"Ajah, Abraham Adesanya Estate",Abraham Adesanya Estate,Ajah,110000000.0,350.0,4,4,Unfurnished,diamond,Duplex,Lagos Island
5bdrm Duplex in Amuwo-Odofin for sale,"Lagos State, Amuwo-Odofin",Amuwo-Odofin,Lagos State,350000000.0,600.0,5,5,Unfurnished,enterprise,Duplex,Lagos Mainland
Furnished 5bdrm Duplex in Akobo for sale,"Ibadan, Akobo",Akobo,Ibadan,185000000.0,600.0,5,6,Furnished,enterprise,Duplex,Oyo State
4bdrm Duplex in Benin City for sale,"Edo State, Benin City",Benin City,Edo State,120000000.0,1203.0,4,4,Unfurnished,diamond,Duplex,Edo State
Furnished 5bdrm Duplex in Benin City for sale,"Edo State, Benin City",Benin City,Edo State,550000000.0,929.0,5,5,Furnished,diamond,Duplex,Edo State
5bdrm Duplex in Sangotedo for sale,"Ajah, Sangotedo",Sangotedo,Ajah,240000000.0,400.0,5,5,Semi-Furnished,enterprise,Duplex,Lagos Island
Furnished 4bdrm House in Ikeja for sale,"Lagos State, Ikeja",Ikeja,Lagos State,350000000.0,500.0,4,4,Furnished,diamond,House,Lagos Mainland
"8bdrm Duplex in Navy Estate, Karshi for sale","Abuja (FCT), Karshi",Karshi,Abuja (FCT),170000000.0,1400.0,8,8,Semi-Furnished,enterprise,Duplex,Abuja (FCT)
Furnished 4bdrm Duplex in Lokogoma for sale,"Abuja (FCT), Lokogoma",Lokogoma,Abuja (FCT),370000000.0,1000.0,4,5,Furnished,enterprise,Duplex,Abuja (FCT)
4bdrm Duplex in Ikota Villa for sale,"Lekki, Ikota",Ikota,Lekki,250000000.0,100.0,4,4,Unfurnished,enterprise,Duplex,Lagos Island
"5bdrm Duplex in Orchid, Lekki for sale","Lagos State, Lekki",Lekki,Lagos State,650000000.0,100.0,5,5,Unfurnished,enterprise,Duplex,Lagos Island
3bdrm Apartment in Ikate for sale,"Lekki, Ikate",Ikate,Lekki,320000000.0,100.0,3,3,Unfurnished,enterprise,Apartment,Lagos Island
Furnished 2bdrm Apartment in Lekki Phase 1 for sale,"Lekki, Lekki Phase 1",Lekki Phase 1,Lekki,320000000.0,100.0,2,2,Furnished,enterprise,Apartment,Lagos Island
"4bdrm Duplex in Reef Court Estate,, Abuloma for sale","Port-Harcourt, Abuloma",Abuloma,Port-Harcourt,600000000.0,450.0,4,4,Unfurnished,enterprise,Duplex,Rivers State
2bdrm Apartment in Lekki Phase 1 for sale,"Lekki, Lekki Phase 1",Lekki Phase 1,Lekki,305000000.0,500.0,2,2,Semi-Furnished,diamond,Apartment,Lagos Island
3bdrm Apartment in Victoria Island Extension for sale,"Victoria Island, Victoria Island Extension",Victoria Island Extension,Victoria Island,400000000.0,500.0,3,3,Semi-Furnished,diamond,Apartment,Lagos Island
"4bdrm Duplex in Royal Palm Court, Ado / Ajah for sale","Ajah, Ado / Ajah",Ado / Ajah,Ajah,160000000.0,300.0,4,4,Unfurnished,enterprise,Duplex,Lagos Island
Furnished 6bdrm Duplex in Lagos State for sale,Lagos State,Lagos State,,350000000.0,400.0,6,6,Furnished,diamond,Duplex,Lagos Mainland
4bdrm Duplex in Ogba for sale,"Ogba, Oke-Ira / Ogba",Oke-Ira / Ogba,Ogba,220000000.0,350.0,4,5,Semi-Furnished,enterprise,Duplex,Lagos Mainland
5bdrm House in Old Ikoyi for sale,"Ikoyi, Old Ikoyi",Old Ikoyi,Ikoyi,106103200.0,500.0,5,5,Semi-Furnished,diamond,House,Lagos Island
5bdrm Duplex in Ikate for sale,"Lekki, Ikate",Ikate,Lekki,800000000.0,500.0,5,5,Semi-Furnished,diamond,Duplex,Lagos Island
"20bdrm Block of Flats in Ikeja, Opebi for sale","Ikeja, Opebi",Opebi,Ikeja,1100000000.0,800.0,20,20,Semi-Furnished,enterprise,Block Of Flats,Lagos Mainland
"4bdrm Duplex in Ogba, Ikeja for sale","Lagos State, Ikeja",Ikeja,Lagos State,250000000.0,300.0,4,5,Semi-Furnished,enterprise,Duplex,Lagos Mainland
14bdrm Bungalow in Gwagwalada for sale,"Abuja (FCT), Gwagwalada",Gwagwalada,Abuja (FCT),90000000.0,1800.0,14,14,Unfurnished,diamond,Bungalow,Abuja (FCT)
7bdrm Duplex in Ushafa for sale,"Bwari, Ushafa",Ushafa,Bwari,180000000.0,1200.0,7,7,Unfurnished,enterprise,Duplex,Abuja (FCT)
4bdrm Duplex in Ajah for sale,"Lagos State, Ajah",Ajah,Lagos State,160000000.0,500.0,4,4,Semi-Furnished,enterprise,Duplex,Lagos Island
4bdrm Apartment in After Sangotedo for sale,"Ajah, Sangotedo",Sangotedo,Ajah,125000000.0,600.0,4,4,Semi-Furnished,enterprise,Apartment,Lagos Island
Furnished 5bdrm Duplex in Idado for sale,"Lekki, Idado",Idado,Lekki,450000000.0,500.0,5,5,Furnished,enterprise,Duplex,Lagos Island
4bdrm Duplex in Pakuro for sale,"Ogun State, Pakuro",Pakuro,Ogun State,140000000.0,600.0,4,4,Semi-Furnished,enterprise,Duplex,Ogun State
2bdrm Apartment in Ajah for sale,"Lagos State, Ajah",Ajah,Lagos State,70000000.0,600.0,2,2,Semi-Furnished,enterprise,Apartment,Lagos Island
2bdrm Apartment in Ikate for sale,"Lekki, Ikate",Ikate,Lekki,170000000.0,500.0,2,2,Semi-Furnished,enterprise,Apartment,Lagos Island
5bdrm Duplex in Ikate for sale,"Lekki, Ikate",Ikate,Lekki,1300000000.0,500.0,5,5,Semi-Furnished,enterprise,Duplex,Lagos Island
4bdrm Duplex in Ikota for sale,"Lekki, Ikota",Ikota,Lekki,150000000.0,500.0,4,4,Unfurnished,enterprise,Duplex,Lagos Island
Furnished 4bdrm Duplex in Ogudu GRA for sale,"Ogudu, Ogudu GRA",Ogudu GRA,Ogudu,290000000.0,500.0,4,4,Furnished,diamond,Duplex,Lagos Mainland
Furnished 4bdrm Duplex in Asokoro for sale,"Abuja (FCT), Asokoro",Asokoro,Abuja (FCT),600000000.0,500.0,4,4,Furnished,diamond,Duplex,Abuja (FCT)
"4bdrm Duplex in An Estate By Chinese, Galadimawa for sale","Abuja (FCT), Galadimawa",Galadimawa,Abuja (FCT),350000000.0,590.0,4,4,Unfurnished,diamond,Duplex,Abuja (FCT)
5bdrm Duplex in Lekki Expressway for sale,"Lekki, Lekki Expressway",Lekki Expressway,Lekki,450000000.0,500.0,5,5,Unfurnished,diamond,Duplex,Lagos Island
5bdrm Duplex in Ikota for sale,"Lekki, Ikota",Ikota,Lekki,390000000.0,600.0,5,5,Unfurnished,diamond,Duplex,Lagos Island
4bdrm Duplex in Sangotedo for sale,"Ajah, Sangotedo",Sangotedo,Ajah,190000000.0,350.0,4,4,Semi-Furnished,diamond,Duplex,Lagos Island
2bdrm Apartment in Lekki Phase 1 for sale,"Lekki, Lekki Phase 1",Lekki Phase 1,Lekki,275000000.0,1200.0,2,2,Semi-Furnished,diamond,Apartment,Lagos Island
4bdrm House in Old Ikoyi for sale,"Ikoyi, Old Ikoyi",Old Ikoyi,Ikoyi,950000000.0,400.0,4,4,Unfurnished,diamond,House,Lagos Island
"4bdrm Duplex in Lapidot Estate, Kubwa for sale","Abuja (FCT), Kubwa",Kubwa,Abuja (FCT),210000000.0,650.0,4,4,Unfurnished,diamond,Duplex,Abuja (FCT)
"5bdrm Duplex in Lifecamp, Abuja for sale","Gwarinpa, Life Camp",Life Camp,Gwarinpa,750000000.0,300.0,5,5,Unfurnished,diamond,Duplex,Abuja (FCT)
"5bdrm Duplex in Orchid Estate, Ikota for sale","Lekki, Ikota",Ikota,Lekki,500000000.0,500.0,5,5,Unfurnished,diamond,Duplex,Lagos Island
4bdrm Duplex in Agungi for sale,"Lekki, Agungi",Agungi,Lekki,175000000.0,450.0,4,4,Unfurnished,diamond,Duplex,Lagos Island
3bdrm Duplex in Ajah for sale,"Lagos State, Ajah",Ajah,Lagos State,115000000.0,350.0,3,3,Unfurnished,diamond,Duplex,Lagos Island
"Furnished 3bdrm Bungalow in Richland Gardens, Bogije for sale","Ibeju, Bogije",Bogije,Ibeju,100000000.0,300.0,3,3,Furnished,enterprise,Bungalow,Lagos Island
"2bdrm Apartment in Peace Ville, Idado for sale","Lekki, Idado",Idado,Lekki,130000000.0,1167.0,2,2,Unfurnished,enterprise,Apartment,Lagos Island
3bdrm Block of Flats in Oshimili North for sale,"Delta State, Oshimili North",Oshimili North,Delta State,165000000.0,450.0,3,3,Semi-Furnished,enterprise,Block Of Flats,Delta State
"1bdrm Room & Parlour in Freedom, Lekki Phase 1 for sale","Lekki, Lekki Phase 1",Lekki Phase 1,Lekki,100000000.0,1260.0,1,1,Unfurnished,enterprise,Room & Parlour,Lagos Island
3bdrm Penthouse in Sangotedo Shoprite for sale,"Ajah, Sangotedo",Sangotedo,Ajah,100000000.0,140.0,3,3,Semi-Furnished,diamond,Penthouse,Lagos Island
Furnished 4bdrm Duplex in Maitama for sale,"Abuja (FCT), Maitama",Maitama,Abuja (FCT),2000000000.0,800.0,4,4,Furnished,enterprise,Duplex,Abuja (FCT)
Furnished 4bdrm Apartment in Ilupeju for sale,"Lagos State, Ilupeju",Ilupeju,Lagos State,243000000.0,500.0,4,4,Furnished,diamond,Apartment,Lagos Mainland
Furnished 5bdrm House in Magodo for sale,"Lagos State, Magodo",Magodo,Lagos State,750000000.0,500.0,5,5,Furnished,diamond,House,Lagos Mainland
Furnished 2bdrm House in Sangotedo for sale,"Ajah, Sangotedo",Sangotedo,Ajah,90000000.0,500.0,2,2,Furnished,diamond,House,Lagos Island
Furnished 5bdrm House in Magodo for sale,"Lagos State, Magodo",Magodo,Lagos State,870000000.0,500.0,5,5,Furnished,diamond,House,Lagos Mainland
4bdrm Duplex in Ologolo for sale,"Lekki, Ologolo",Ologolo,Lekki,160000000.0,100.0,4,4,Unfurnished,enterprise,Duplex,Lagos Island
4bdrm Duplex in Jakande for sale,"Lekki, Jakande",Jakande,Lekki,300000000.0,100.0,4,4,Unfurnished,enterprise,Duplex,Lagos Island
Furnished 1bdrm Apartment in Victoria Island for sale,"Lagos State, Victoria Island",Victoria Island,Lagos State,250000000.0,100.0,1,1,Furnished,enterprise,Apartment,Lagos Island
"4bdrm Duplex in Lekki Palm City, Ado / Ajah for sale","Ajah, Ado / Ajah",Ado / Ajah,Ajah,125000000.0,100.0,4,4,Unfurnished,enterprise,Duplex,Lagos Island
2bdrm Apartment in Victoria Island for sale,"Victoria Island, Victoria Island Extension",Victoria Island Extension,Victoria Island,450000000.0,100.0,2,2,Unfurnished,enterprise,Apartment,Lagos Island
4bdrm Duplex in Ikota for sale,"Lekki, Ikota",Ikota,Lekki,160000000.0,100.0,4,4,Unfurnished,enterprise,Duplex,Lagos Island
"5bdrm Duplex in Harris Drive, VGC / Ajah for sale","Ajah, VGC / Ajah",VGC / Ajah,Ajah,450000000.0,100.0,5,5,Unfurnished,enterprise,Duplex,Lagos Island
5bdrm House in Mabushi for sale,"Abuja (FCT), Mabushi",Mabushi,Abuja (FCT),670000000.0,1200.0,5,5,Unfurnished,enterprise,House,Abuja (FCT)
"4bdrm Duplex in Road F, Obio-Akpor for sale","Rivers State, Obio-Akpor",Obio-Akpor,Rivers State,650000000.0,2700.0,4,4,Unfurnished,enterprise,Duplex,Rivers State
"5bdrm House in De Man Pr, Lekki for sale","Lagos State, Lekki",Lekki,Lagos State,500000000.0,600.0,5,5,Unfurnished,diamond,House,Lagos Island
5bdrm Duplex in Lekki Expressway for sale,"Lekki, Lekki Expressway",Lekki Expressway,Lekki,300000000.0,500.0,5,5,Semi-Furnished,diamond,Duplex,Lagos Island
5bdrm House in VGC / Ajah for sale,"Ajah, VGC / Ajah",VGC / Ajah,Ajah,380000000.0,500.0,5,5,Unfurnished,diamond,House,Lagos Island
6bdrm Duplex in Lekki Expressway for sale,"Lekki, Lekki Expressway",Lekki Expressway,Lekki,400000000.0,500.0,6,6,Semi-Furnished,diamond,Duplex,Lagos Island
4bdrm Duplex in Ipaja for sale,"Lagos State, Ipaja",Ipaja,Lagos State,160000000.0,250.0,4,4,Unfurnished,enterprise,Duplex,Lagos Mainland
6bdrm Duplex in Surulere for sale,"Lagos State, Surulere",Surulere,Lagos State,700000000.0,500.0,6,6,Semi-Furnished,enterprise,Duplex,Lagos Mainland
2bdrm Block of Flats in Lekki Phase 1 for sale,"Lekki, Lekki Phase 1",Lekki Phase 1,Lekki,330000000.0,500.0,2,3,Semi-Furnished,diamond,Block Of Flats,Lagos Island
3bdrm Apartment in Lekki for sale,"Lekki, Lekki Expressway",Lekki Expressway,Lekki,150000000.0,500.0,3,3,Unfurnished,diamond,Apartment,Lagos Island
5bdrm Duplex in Ikeja GRA for sale,"Ikeja, Ikeja GRA",Ikeja GRA,Ikeja,2000000000.0,670.0,5,6,Unfurnished,enterprise,Duplex,Lagos Mainland
2bdrm Duplex in Lekki Phase 1 for sale,"Lekki, Lekki Phase 1",Lekki Phase 1,Lekki,280000000.0,500.0,2,2,Semi-Furnished,diamond,Duplex,Lagos Island
4bdrm Duplex in GRA Phase 1 for sale,"Magodo, GRA Phase 1",GRA Phase 1,Magodo,350000000.0,300.0,4,4,Unfurnished,enterprise,Duplex,Lagos Mainland
3bdrm Block of Flats in Benin City for sale,"Edo State, Benin City",Benin City,Edo State,70000000.0,1000.0,3,3,Unfurnished,diamond,Block Of Flats,Edo State
"10bdrm Block of Flats in Osongama Estate, Uyo for sale","Akwa Ibom State, Uyo",Uyo,Akwa Ibom State,350000000.0,1300.0,10,10,Unfurnished,diamond,Block Of Flats,Akwa Ibom State
"4bdrm Duplex in Magodo, GRA Phase 1 for sale","Magodo, GRA Phase 1",GRA Phase 1,Magodo,500000000.0,300.0,4,5,Semi-Furnished,enterprise,Duplex,Lagos Mainland
4bdrm Duplex in Lekki Phase 1 for sale,"Lekki, Lekki Phase 1",Lekki Phase 1,Lekki,550000000.0,500.0,4,4,Unfurnished,diamond,Duplex,Lagos Island
Furnished 2bdrm Apartment in Ikate for sale,"Lekki, Ikate",Ikate,Lekki,160000000.0,200.0,2,2,Furnished,diamond,Apartment,Lagos Island
4bdrm House in Lekki Phase 1 for sale,"Lekki, Lekki Phase 1",Lekki Phase 1,Lekki,500000000.0,500.0,4,4,Semi-Furnished,diamond,House,Lagos Island
"4bdrm Duplex in Gbagada, Medina for sale","Gbagada, Medina",Medina,Gbagada,380000000.0,350.0,4,5,Semi-Furnished,enterprise,Duplex,Lagos Mainland
5bdrm Duplex in Osapa london for sale,"Lekki, Osapa london",Osapa london,Lekki,550000000.0,400.0,5,6,Unfurnished,diamond,Duplex,Lagos Island
Furnished 5bdrm Duplex in Magodo Phase 1 for sale,"Magodo, GRA Phase 1",GRA Phase 1,Magodo,600000000.0,250.0,5,6,Furnished,enterprise,Duplex,Lagos Mainland
"Furnished 5bdrm Duplex in Estate, Life Camp for sale","Gwarinpa, Life Camp",Life Camp,Gwarinpa,500000000.0,2000.0,5,5,Furnished,enterprise,Duplex,Abuja (FCT)
"4bdrm Duplex in Estate., Mabushi for sale","Abuja (FCT), Mabushi",Mabushi,Abuja (FCT),380000000.0,350.0,4,4,Semi-Furnished,enterprise,Duplex,Abuja (FCT)
4bdrm Duplex in Abraham Adesanya Estate for sale,"Ajah, Abraham Adesanya Estate",Abraham Adesanya Estate,Ajah,230000000.0,620.0,4,4,Semi-Furnished,enterprise,Duplex,Lagos Island
5bdrm Duplex in Lekki Phase1 for sale,"Lekki, Lekki Phase 1",Lekki Phase 1,Lekki,850000000.0,600.0,5,5,Semi-Furnished,enterprise,Duplex,Lagos Island
4bdrm Duplex in Ikeja GRA for sale,"Ikeja, Ikeja GRA",Ikeja GRA,Ikeja,450000000.0,600.0,4,4,Semi-Furnished,enterprise,Duplex,Lagos Mainland
3bdrm Apartment in Lekki Phase1 for sale,"Lekki, Lekki Phase 1",Lekki Phase 1,Lekki,480000000.0,600.0,3,3,Semi-Furnished,enterprise,Apartment,Lagos Island
"4bdrm Duplex in Estate, Lugbe District for sale","Abuja (FCT), Lugbe District",Lugbe District,Abuja (FCT),300000000.0,850.0,4,4,Semi-Furnished,enterprise,Duplex,Abuja (FCT)
2bdrm Apartment in Off Lekki-Epe Expressway for sale,"Ajah, Off Lekki-Epe Expressway",Off Lekki-Epe Expressway,Ajah,110000000.0,600.0,2,2,Semi-Furnished,enterprise,Apartment,Lagos Island
3bdrm Block of Flats in Lekki Phase 1 for sale,"Lekki, Lekki Phase 1",Lekki Phase 1,Lekki,450000000.0,2000.0,3,3,Unfurnished,diamond,Block Of Flats,Lagos Island
5bdrm Duplex in Kado for sale,"Abuja (FCT), Kado",Kado,Abuja (FCT),600000000.0,1000.0,5,5,Unfurnished,enterprise,Duplex,Abuja (FCT)
7bdrm Duplex in Utako for sale,"Abuja (FCT), Utako",Utako,Abuja (FCT),600000000.0,500.0,7,7,Semi-Furnished,diamond,Duplex,Abuja (FCT)
"Furnished 3bdrm Duplex in Larix Estate , Apo for sale","Apo District, Apo Resettlement",Apo Resettlement,Apo District,220000000.0,400.0,3,5,Furnished,diamond,Duplex,Abuja (FCT)
Furnished 2bdrm Block of Flats in Jabi for sale,"Abuja (FCT), Jabi",Jabi,Abuja (FCT),85000000.0,1500.0,2,3,Furnished,diamond,Block Of Flats,Abuja (FCT)
"4bdrm Block of Flats in An Estate In Nut, Lugbe District for sale","Abuja (FCT), Lugbe District",Lugbe District,Abuja (FCT),85000000.0,600.0,4,6,Unfurnished,diamond,Block Of Flats,Abuja (FCT)
8bdrm Duplex in College for sale,"Egbe/Idimu, College",College,Egbe/Idimu,150000000.0,648.0,8,8,Unfurnished,enterprise,Duplex,Lagos Mainland
4bdrm Duplex in Ikota for sale,"Lekki, Ikota",Ikota,Lekki,190000000.0,300.0,4,4,Semi-Furnished,diamond,Duplex,Lagos Island
3bdrm Apartment in Lekki Phase 1 for sale,"Lekki, Lekki Phase 1",Lekki Phase 1,Lekki,265000000.0,1200.0,3,3,Semi-Furnished,diamond,Apartment,Lagos Island
3bdrm Apartment in Maitama Abuja for sale,"Abuja (FCT), Maitama",Maitama,Abuja (FCT),170000000.0,250.0,3,3,Semi-Furnished,diamond,Apartment,Abuja (FCT)
"3bdrm Duplex in Off Ogombo Road, Lekki Free Trade Zone for sale","Lekki, Lekki Free Trade Zone",Lekki Free Trade Zone,Lekki,156000000.0,150.0,3,3,Unfurnished,diamond,Duplex,Lagos Island
3bdrm Duplex in Chevron for sale,"Lekki, Chevron",Chevron,Lekki,180000000.0,150.0,3,3,Unfurnished,diamond,Duplex,Lagos Island
"Furnished 4bdrm Duplex in Love Estate, Ijede / Ikorodu for sale","Ikorodu, Ijede / Ikorodu",Ijede / Ikorodu,Ikorodu,70000000.0,300.0,4,4,Furnished,diamond,Duplex,Lagos Mainland
2bdrm Block of Flats in Oshimili North for sale,"Delta State, Oshimili North",Oshimili North,Delta State,800000000.0,900.0,2,2,Unfurnished,diamond,Block Of Flats,Delta State
"Furnished 4bdrm Duplex in Agip, Rumueme for sale","Port-Harcourt, Rumueme",Rumueme,Port-Harcourt,240000000.0,465.0,4,5,Furnished,diamond,Duplex,Rivers State
6bdrm Duplex in GRA Phase 3 / Port-Harcourt for sale,"Port-Harcourt, GRA Phase 3 / Port-Harcourt",GRA Phase 3 / Port-Harcourt,Port-Harcourt,1600000000.0,1860.0,6,7,Semi-Furnished,diamond,Duplex,Rivers State
"3bdrm Bungalow in Cooperative Estate, Ayobo for sale","Ipaja, Ayobo",Ayobo,Ipaja,90000000.0,500.0,3,4,Semi-Furnished,diamond,Bungalow,Lagos Mainland
3bdrm Apartment in Jabi for sale,"Abuja (FCT), Jabi",Jabi,Abuja (FCT),130000000.0,400.0,3,4,Unfurnished,enterprise,Apartment,Abuja (FCT)
4bdrm Duplex in Dawaki for sale,"Gwarinpa, Dawaki",Dawaki,Gwarinpa,200000000.0,250.0,4,5,Semi-Furnished,enterprise,Duplex,Abuja (FCT)
4bdrm Duplex in Kado for sale,"Abuja (FCT), Kado",Kado,Abuja (FCT),220000000.0,500.0,4,5,Semi-Furnished,enterprise,Duplex,Abuja (FCT)
5bdrm Duplex in Kado for sale,"Abuja (FCT), Kado",Kado,Abuja (FCT),155000000.0,600.0,5,6,Unfurnished,enterprise,Duplex,Abuja (FCT)
4bdrm Duplex in Life Camp for sale,"Gwarinpa, Life Camp",Life Camp,Gwarinpa,165000000.0,200.0,4,5,Semi-Furnished,enterprise,Duplex,Abuja (FCT)
3bdrm Apartment in Katampe (Main) for sale,"Katampe, Katampe (Main)",Katampe (Main),Katampe,130000000.0,100.0,3,4,Unfurnished,enterprise,Apartment,Abuja (FCT)
3bdrm Duplex in Gaduwa for sale,"Abuja (FCT), Gaduwa",Gaduwa,Abuja (FCT),220000000.0,250.0,3,5,Unfurnished,enterprise,Duplex,Abuja (FCT)
4bdrm Duplex in Lekki Phase 1 for sale,"Lekki, Lekki Phase 1",Lekki Phase 1,Lekki,465000000.0,500.0,4,4,Unfurnished,diamond,Duplex,Lagos Island
"4bdrm House in Sunshine Garden, Sangotedo for sale","Ajah, Sangotedo",Sangotedo,Ajah,190000000.0,300.0,4,4,Unfurnished,enterprise,House,Lagos Island
4bdrm Duplex in Vgc Harris Drive for sale,"Ajah, VGC / Ajah",VGC / Ajah,Ajah,220000000.0,300.0,4,4,Unfurnished,enterprise,Duplex,Lagos Island
"4bdrm Duplex in Chief Lateef Oyelade, Rind Road for sale","Ibadan, Rind Road",Rind Road,Ibadan,200000000.0,500.0,4,5,Semi-Furnished,diamond,Duplex,Oyo State
"4bdrm Duplex in Westend Estate, Ikota for sale","Lekki, Ikota",Ikota,Lekki,125000000.0,506.0,4,4,Unfurnished,enterprise,Duplex,Lagos Island
"2bdrm Apartment in Meadow, Ikate for sale","Lekki, Ikate",Ikate,Lekki,260000000.0,1218.0,2,2,Unfurnished,enterprise,Apartment,Lagos Island
3bdrm Bungalow in Oshimili North for sale,"Delta State, Oshimili North",Oshimili North,Delta State,125000000.0,3700.0,3,3,Unfurnished,enterprise,Bungalow,Delta State
"5bdrm Duplex in Conservation, Lekki Expressway for sale","Lekki, Lekki Expressway",Lekki Expressway,Lekki,500000000.0,950.0,5,5,Unfurnished,enterprise,Duplex,Lagos Island
5bdrm Duplex in Lekki for sale,"Lagos State, Lekki",Lekki,Lagos State,310000000.0,320.0,5,5,Semi-Furnished,diamond,Duplex,Lagos Island
4bdrm Duplex in Sangotedo for sale,"Ajah, Sangotedo",Sangotedo,Ajah,220000000.0,300.0,4,4,Semi-Furnished,diamond,Duplex,Lagos Island
Furnished 4bdrm House in Surulere for sale,"Lagos State, Surulere",Surulere,Lagos State,450000000.0,500.0,4,4,Furnished,diamond,House,Lagos Mainland
Furnished 6bdrm Duplex in Owerri for sale,"Imo State, Owerri",Owerri,Imo State,750000000.0,1300.0,6,6,Furnished,enterprise,Duplex,Imo State
Furnished 3bdrm House in Gbagada for sale,"Lagos State, Gbagada",Gbagada,Lagos State,135000000.0,500.0,3,3,Furnished,diamond,House,Lagos Mainland
"Furnished 3bdrm Bungalow in Supercell Estate, Apo Resettlement for sale","Apo District, Apo Resettlement",Apo Resettlement,Apo District,140000000.0,500.0,3,4,Furnished,enterprise,Bungalow,Abuja (FCT)
Furnished 3bdrm House in Eric Moore for sale,"Surulere, Eric Moore",Eric Moore,Surulere,190000000.0,500.0,3,3,Furnished,diamond,House,Lagos Mainland
1bdrm Apartment in Ologolo for sale,"Lekki, Ologolo",Ologolo,Lekki,90000000.0,100.0,1,1,Unfurnished,enterprise,Apartment,Lagos Island
"5bdrm Duplex in Pinnock Beach, Lekki Phase 1 for sale","Lekki, Lekki Phase 1",Lekki Phase 1,Lekki,1600000000.0,100.0,5,5,Semi-Furnished,enterprise,Duplex,Lagos Island
"3bdrm Duplex in Oribanwa Phase 2, for sale","Lekki, Lekki Phase 2",Lekki Phase 2,Lekki,110000000.0,100.0,3,3,Unfurnished,enterprise,Duplex,Lagos Island
2bdrm Apartment in Lekki Phase 1 for sale,"Lekki, Lekki Phase 1",Lekki Phase 1,Lekki,270000000.0,100.0,2,2,Unfurnished,enterprise,Apartment,Lagos Island
2bdrm Apartment in Eneka Estate for sale,"Port-Harcourt, Eneka",Eneka,Port-Harcourt,230000000.0,900.0,2,2,Unfurnished,enterprise,Apartment,Rivers State
3bdrm Apartment in Ogba for sale,"Lagos State, Ogba",Ogba,Lagos State,155000000.0,200.0,3,3,Unfurnished,enterprise,Apartment,Lagos Mainland
4bdrm Duplex in Lekki Expressway for sale,"Lekki, Lekki Expressway",Lekki Expressway,Lekki,300000000.0,500.0,4,4,Semi-Furnished,diamond,Duplex,Lagos Island
4bdrm Duplex in Berger for sale,"Ojodu, Berger",Berger,Ojodu,240000000.0,250.0,4,4,Unfurnished,enterprise,Duplex,Lagos Mainland
4bdrm Duplex in Lekki Expressway for sale,"Lekki, Lekki Expressway",Lekki Expressway,Lekki,350000000.0,500.0,4,4,Semi-Furnished,diamond,Duplex,Lagos Island
"5bdrm Duplex in Megamound Estate, Ikota for sale","Lekki, Ikota",Ikota,Lekki,480000000.0,500.0,5,5,Unfurnished,enterprise,Duplex,Lagos Island
2bdrm Apartment in Ologolo for sale,"Lekki, Ologolo",Ologolo,Lekki,130000000.0,180.0,2,2,Unfurnished,enterprise,Apartment,Lagos Island
4bdrm Duplex in Sangotedo for sale,"Ajah, Sangotedo",Sangotedo,Ajah,150000000.0,400.0,4,4,Unfurnished,enterprise,Duplex,Lagos Island
3bdrm Duplex in Lekki Phase 1 for sale,"Lekki, Lekki Phase 1",Lekki Phase 1,Lekki,600000000.0,500.0,3,3,Semi-Furnished,diamond,Duplex,Lagos Island
5bdrm Duplex in Ikoyi S.W for sale,"Ikoyi, Ikoyi S.W",Ikoyi S.W,Ikoyi,1750000000.0,500.0,5,5,Semi-Furnished,diamond,Duplex,Lagos Island
4bdrm Duplex in Ikoyi S.W for sale,"Ikoyi, Ikoyi S.W",Ikoyi S.W,Ikoyi,1600000000.0,500.0,4,4,Semi-Furnished,diamond,Duplex,Lagos Island
2bdrm Apartment in Osapa london for sale,"Lekki, Osapa london",Osapa london,Lekki,160000000.0,150.0,2,2,Unfurnished,enterprise,Apartment,Lagos Island
5bdrm Duplex in Banana Island for sale,"Ikoyi, Banana Island",Banana Island,Ikoyi,1500000000.0,400.0,5,5,Unfurnished,enterprise,Duplex,Lagos Island
"4bdrm Duplex in Transekulu, Enugu for sale","Enugu State, Enugu",Enugu,Enugu State,150000000.0,500.0,4,5,Semi-Furnished,diamond,Duplex,Enugu State
"14bdrm Block of Flats in Akpoga Street,, Enugu for sale","Enugu State, Enugu",Enugu,Enugu State,170000000.0,500.0,14,16,Semi-Furnished,diamond,Block Of Flats,Enugu State
2bdrm Block of Flats in Yabatech Gra for sale,"Lagos State, Yaba",Yaba,Lagos State,130000000.0,400.0,2,2,Unfurnished,diamond,Block Of Flats,Lagos Mainland
"5bdrm Duplex in Peace Estate, Ago Palace for sale","Isolo, Ago Palace",Ago Palace,Isolo,450000000.0,500.0,5,5,Unfurnished,diamond,Duplex,Lagos Mainland
2bdrm Duplex in Chevron for sale,"Lekki, Chevron",Chevron,Lekki,90000000.0,500.0,2,2,Unfurnished,enterprise,Duplex,Lagos Island
4bdrm Duplex in Lekki Phase 2 for sale,"Lekki, Lekki Phase 2",Lekki Phase 2,Lekki,140000000.0,900.0,4,4,Unfurnished,enterprise,Duplex,Lagos Island
2bdrm Apartment in Banana Island for sale,"Ikoyi, Banana Island",Banana Island,Ikoyi,700000000.0,500.0,2,2,Semi-Furnished,diamond,Apartment,Lagos Island
5bdrm Duplex in Sangotedo for sale,"Ajah, Sangotedo",Sangotedo,Ajah,175000000.0,500.0,5,5,Semi-Furnished,diamond,Duplex,Lagos Island
"4bdrm Duplex in Opic, Isheri North for sale","Ojodu, Isheri North",Isheri North,Ojodu,270000000.0,400.0,4,5,Semi-Furnished,enterprise,Duplex,Lagos Mainland
"4bdrm Duplex in Opic, Isheri North for sale","Ojodu, Isheri North",Isheri North,Ojodu,220000000.0,350.0,4,5,Semi-Furnished,enterprise,Duplex,Lagos Mainland
4bdrm Duplex in Ikeja Gra Lagos for sale,"Ikeja, Ikeja GRA",Ikeja GRA,Ikeja,950000000.0,350.0,4,5,Unfurnished,diamond,Duplex,Lagos Mainland
3bdrm Apartment in Opebi Ikeja Lagos for sale,"Ikeja, Opebi",Opebi,Ikeja,350000000.0,150.0,3,4,Semi-Furnished,diamond,Apartment,Lagos Mainland
3bdrm Apartment in Opebi Ikeja for sale,"Ikeja, Opebi",Opebi,Ikeja,200000000.0,150.0,3,4,Unfurnished,diamond,Apartment,Lagos Mainland
4bdrm Duplex in Magodo Gra Phase 1 for sale,"Magodo, GRA Phase 1",GRA Phase 1,Magodo,450000000.0,150.0,4,5,Semi-Furnished,diamond,Duplex,Lagos Mainland
"5bdrm Duplex in Ikota Estate, 1004 for sale","Victoria Island, 1004",1004,Victoria Island,550000000.0,600.0,5,5,Semi-Furnished,enterprise,Duplex,Lagos Island
4bdrm Duplex in Oluyole Gra for sale,"Ibadan, Oluyole Estate",Oluyole Estate,Ibadan,300000000.0,500.0,4,4,Unfurnished,diamond,Duplex,Oyo State
3bdrm Block of Flats in Shomolu / Shomolu for sale,"Shomolu, Shomolu / Shomolu",Shomolu / Shomolu,Shomolu,170000000.0,500.0,3,3,Semi-Furnished,diamond,Block Of Flats,Lagos Mainland
5bdrm House in Katampe Extension for sale,"Katampe, Katampe Extension",Katampe Extension,Katampe,950000000.0,1000.0,5,5,Semi-Furnished,diamond,House,Abuja (FCT)
Furnished 3bdrm Bungalow in Ushafa for sale,"Bwari, Ushafa",Ushafa,Bwari,70000000.0,1000.0,3,4,Furnished,diamond,Bungalow,Abuja (FCT)
Furnished 1bdrm Block of Flats in Wuse 2 for sale,"Abuja (FCT), Wuse 2",Wuse 2,Abuja (FCT),220000000.0,500.0,1,1,Furnished,enterprise,Block Of Flats,Abuja (FCT)
3bdrm Block of Flats in Katampe (Main) for sale,"Katampe, Katampe (Main)",Katampe (Main),Katampe,220000000.0,300.0,3,3,Unfurnished,enterprise,Block Of Flats,Abuja (FCT)
6bdrm Duplex in Katampe Extension for sale,"Katampe, Katampe Extension",Katampe Extension,Katampe,1200000000.0,1000.0,6,6,Semi-Furnished,diamond,Duplex,Abuja (FCT)
"4bdrm Duplex in 69 Road Qwarimpa, Gwarinpa for sale","Abuja (FCT), Gwarinpa",Gwarinpa,Abuja (FCT),350000000.0,500.0,4,4,Semi-Furnished,diamond,Duplex,Abuja (FCT)
4bdrm Duplex in Jahi Gilmore for sale,"Abuja (FCT), Jahi",Jahi,Abuja (FCT),400000000.0,600.0,4,4,Semi-Furnished,diamond,Duplex,Abuja (FCT)
13bdrm Mansion in F01 Kubwa  F C T for sale,"Abuja (FCT), Kubwa",Kubwa,Abuja (FCT),1200000000.0,3715.0,13,20,Unfurnished,diamond,Mansion,Abuja (FCT)
"4bdrm Duplex in Estate, Sabon Lugbe for sale","Lugbe District, Sabon Lugbe",Sabon Lugbe,Lugbe District,180000000.0,1000.0,4,5,Semi-Furnished,diamond,Duplex,Abuja (FCT)
5bdrm Duplex in Sangotedo for sale,"Ajah, Sangotedo",Sangotedo,Ajah,310000000.0,500.0,5,5,Unfurnished,diamond,Duplex,Lagos Island
Furnished 1bdrm Apartment in Karu for sale,"Abuja (FCT), Karu",Karu,Abuja (FCT),150000000.0,500.0,1,2,Furnished,diamond,Apartment,Abuja (FCT)
"5bdrm Duplex in Estate, Gwarinpa for sale","Abuja (FCT), Gwarinpa",Gwarinpa,Abuja (FCT),600000000.0,890.0,5,6,Unfurnished,diamond,Duplex,Abuja (FCT)
5bdrm Duplex in Lekki Expressway for sale,"Lekki, Lekki Expressway",Lekki Expressway,Lekki,420000000.0,400.0,5,6,Semi-Furnished,diamond,Duplex,Lagos Island
4bdrm Duplex in Enugu for sale,"Enugu State, Enugu",Enugu,Enugu State,250000000.0,500.0,4,4,Semi-Furnished,diamond,Duplex,Enugu State
4bdrm Duplex in Lekki Palm City Ajah for sale,"Lekki, Lekki Expressway",Lekki Expressway,Lekki,230000000.0,500.0,4,4,Semi-Furnished,enterprise,Duplex,Lagos Island
Furnished 2bdrm Maisonette in Agege for sale,"Lagos State, Agege",Agege,Lagos State,125000000.0,300.0,2,3,Furnished,diamond,Maisonette,Lagos Mainland
4bdrm Duplex in Isheri North Opic for sale,"Ojodu, Isheri North",Isheri North,Ojodu,150000000.0,500.0,4,4,Unfurnished,enterprise,Duplex,Lagos Mainland
4bdrm Duplex in Lekki Phase 1 for sale,"Lekki, Lekki Phase 1",Lekki Phase 1,Lekki,1000000000.0,1800.0,4,4,Unfurnished,diamond,Duplex,Lagos Island
"4bdrm Maisonette in Milverton, Old Ikoyi for sale","Ikoyi, Old Ikoyi",Old Ikoyi,Ikoyi,1800000000.0,300.0,4,4,Unfurnished,enterprise,Maisonette,Lagos Island
5bdrm Duplex in Magodo Gra Phase 2 for sale,"Magodo, GRA Phase 2 Shangisha",GRA Phase 2 Shangisha,Magodo,780000000.0,600.0,5,5,Semi-Furnished,enterprise,Duplex,Lagos Mainland
5bdrm Duplex in Magodo Gra Phase 1 for sale,"Magodo, GRA Phase 1",GRA Phase 1,Magodo,330000000.0,500.0,5,5,Unfurnished,enterprise,Duplex,Lagos Mainland
"3bdrm Apartment in Awuse, Opebi for sale","Ikeja, Opebi",Opebi,Ikeja,350000000.0,250.0,3,4,Unfurnished,enterprise,Apartment,Lagos Mainland
2bdrm Penthouse in Lekki Phase 1 for sale,"Lekki, Lekki Phase 1",Lekki Phase 1,Lekki,850000000.0,300.0,2,2,Semi-Furnished,enterprise,Penthouse,Lagos Island
6bdrm Duplex in Jabi for sale,"Abuja (FCT), Jabi",Jabi,Abuja (FCT),400000000.0,350.0,6,6,Unfurnished,enterprise,Duplex,Abuja (FCT)
Furnished 5bdrm Duplex in FHA for sale,"Lugbe District, FHA",FHA,Lugbe District,500000000.0,700.0,5,6,Furnished,enterprise,Duplex,Abuja (FCT)
3bdrm Apartment in Wuye for sale,"Abuja (FCT), Wuye",Wuye,Abuja (FCT),170000000.0,100.0,3,4,Unfurnished,enterprise,Apartment,Abuja (FCT)
3bdrm Apartment in Dawaki for sale,"Gwarinpa, Dawaki",Dawaki,Gwarinpa,120000000.0,150.0,3,4,Semi-Furnished,enterprise,Apartment,Abuja (FCT)
"7bdrm Duplex in Kingz Park Estate, Galadimawa for sale","Abuja (FCT), Galadimawa",Galadimawa,Abuja (FCT),650000000.0,1200.0,7,7,Semi-Furnished,enterprise,Duplex,Abuja (FCT)
4bdrm Duplex in Abraham Adesanya Estate for sale,"Ajah, Abraham Adesanya Estate",Abraham Adesanya Estate,Ajah,220000000.0,500.0,4,4,Unfurnished,diamond,Duplex,Lagos Island
4bdrm House in Ajah for sale,"Ajah, Ado / Ajah",Ado / Ajah,Ajah,160000000.0,300.0,4,4,Unfurnished,enterprise,House,Lagos Island
3bdrm Block of Flats in Wuse 2 for sale,"Abuja (FCT), Wuse 2",Wuse 2,Abuja (FCT),2000000000.0,1200.0,3,3,Unfurnished,diamond,Block Of Flats,Abuja (FCT)
2bdrm Apartment in Off Lekki-Epe Expressway for sale,"Ajah, Off Lekki-Epe Expressway",Off Lekki-Epe Expressway,Ajah,91000000.0,200.0,2,2,Semi-Furnished,diamond,Apartment,Lagos Island
4bdrm Duplex in Katampe (Main) for sale,"Katampe, Katampe (Main)",Katampe (Main),Katampe,450000000.0,400.0,4,4,Semi-Furnished,diamond,Duplex,Abuja (FCT)
"4bdrm Duplex in Dantata Estate, for sale","Abuja (FCT), Kubwa",Kubwa,Abuja (FCT),195000000.0,400.0,4,5,Semi-Furnished,diamond,Duplex,Abuja (FCT)
12bdrm Block of Flats in Benin City for sale,"Edo State, Benin City",Benin City,Edo State,200000000.0,464.0,12,8,Unfurnished,diamond,Block Of Flats,Edo State
6bdrm Block of Flats in Benin City for sale,"Edo State, Benin City",Benin City,Edo State,100000000.0,1858.0,6,6,Unfurnished,diamond,Block Of Flats,Edo State
18bdrm Block of Flats in Benin City for sale,"Edo State, Benin City",Benin City,Edo State,600000000.0,557.0,18,12,Unfurnished,diamond,Block Of Flats,Edo State
"5bdrm Duplex in Judges Quarters, Gwarinpa for sale","Abuja (FCT), Gwarinpa",Gwarinpa,Abuja (FCT),400000000.0,1000.0,5,5,Unfurnished,diamond,Duplex,Abuja (FCT)
Furnished 6bdrm Duplex in Asokoro for sale,"Abuja (FCT), Asokoro",Asokoro,Abuja (FCT),1800000000.0,1000.0,6,6,Furnished,enterprise,Duplex,Abuja (FCT)
Furnished 4bdrm House in Ikeja for sale,"Lagos State, Ikeja",Ikeja,Lagos State,250000000.0,500.0,4,4,Furnished,diamond,House,Lagos Mainland
3bdrm Apartment in Omole Phase 2 for sale,"Ikeja, Omole Phase 2",Omole Phase 2,Ikeja,270000000.0,500.0,3,3,Unfurnished,diamond,Apartment,Lagos Mainland
Furnished 3bdrm House in Maryland for sale,"Lagos State, Maryland",Maryland,Lagos State,280000000.0,500.0,3,3,Furnished,diamond,House,Lagos Mainland
Furnished 5bdrm Duplex in Zone B for sale,"Apo District, Zone B",Zone B,Apo District,650000000.0,600.0,5,6,Furnished,enterprise,Duplex,Abuja (FCT)
Furnished 2bdrm House in Lekki Phase 1 for sale,"Lekki, Lekki Phase 1",Lekki Phase 1,Lekki,270000000.0,500.0,2,2,Furnished,diamond,House,Lagos Island
"20bdrm Block of Flats in Victory Estate, Ibeshe / Amuwo-Odofin for sale","Amuwo-Odofin, Ibeshe / Amuwo-Odofin",Ibeshe / Amuwo-Odofin,Amuwo-Odofin,680000000.0,1800.0,20,20,Semi-Furnished,diamond,Block Of Flats,Lagos Mainland
4bdrm Duplex in Ikota for sale,"Lekki, Ikota",Ikota,Lekki,130000000.0,100.0,4,4,Unfurnished,enterprise,Duplex,Lagos Island
2bdrm Apartment in Lekki Scheme 2 for sale,"Lekki, Lekki Expressway",Lekki Expressway,Lekki,110000000.0,1000.0,2,2,Unfurnished,enterprise,Apartment,Lagos Island
"4bdrm Duplex in Orchid, Lekki for sale","Lagos State, Lekki",Lekki,Lagos State,160000000.0,100.0,4,4,Unfurnished,enterprise,Duplex,Lagos Island
"5bdrm Duplex in Lekki Palm City, Ado / Ajah for sale","Ajah, Ado / Ajah",Ado / Ajah,Ajah,195000000.0,100.0,5,5,Unfurnished,enterprise,Duplex,Lagos Island
"4bdrm Duplex in Ajah, Lekki for sale","Lagos State, Ajah",Ajah,Lagos State,170000000.0,100.0,4,4,Unfurnished,enterprise,Duplex,Lagos Island
"3bdrm Apartment in Oniru, Victoria Island Extension for sale","Victoria Island, Victoria Island Extension",Victoria Island Extension,Victoria Island,240000000.0,100.0,3,3,Unfurnished,enterprise,Apartment,Lagos Island
"4bdrm Duplex in General Paint, Off Lekki-Epe Expressway for sale","Ajah, Off Lekki-Epe Expressway",Off Lekki-Epe Expressway,Ajah,165000000.0,100.0,4,4,Unfurnished,enterprise,Duplex,Lagos Island
"5bdrm Duplex in Orchid, Lekki for sale","Lagos State, Lekki",Lekki,Lagos State,680000000.0,100.0,5,5,Unfurnished,enterprise,Duplex,Lagos Island
5bdrm Duplex in Second Lekki for sale,"Lagos State, Lekki",Lekki,Lagos State,480000000.0,100.0,5,5,Unfurnished,enterprise,Duplex,Lagos Island
"5bdrm Duplex in Mobile Road, Ajah for sale","Lagos State, Ajah",Ajah,Lagos State,275000000.0,100.0,5,5,Unfurnished,enterprise,Duplex,Lagos Island
"4bdrm Duplex in Orchid, Lekki for sale","Lagos State, Lekki",Lekki,Lagos State,200000000.0,100.0,4,4,Unfurnished,enterprise,Duplex,Lagos Island
5bdrm Duplex in Orchid Lekki for sale,"Lagos State, Lekki",Lekki,Lagos State,350000000.0,100.0,5,5,Unfurnished,enterprise,Duplex,Lagos Island
"4bdrm Duplex in Estate Akwaka, Ruuodomaya for sale","Port-Harcourt, Ruuodomaya",Ruuodomaya,Port-Harcourt,200000000.0,289.0,4,4,Unfurnished,enterprise,Duplex,Rivers State
5bdrm Duplex in Sangotedo for sale,"Ajah, Sangotedo",Sangotedo,Ajah,500000000.0,550.0,5,5,Unfurnished,enterprise,Duplex,Lagos Island
5bdrm Duplex in Lekki Expressway for sale,"Lekki, Lekki Expressway",Lekki Expressway,Lekki,550000000.0,500.0,5,5,Semi-Furnished,diamond,Duplex,Lagos Island
4bdrm Duplex in Berger for sale,"Ojodu, Berger",Berger,Ojodu,290000000.0,500.0,4,4,Semi-Furnished,diamond,Duplex,Lagos Mainland
5bdrm Duplex in Lekki for sale,"Lagos State, Lekki",Lekki,Lagos State,430000000.0,500.0,5,5,Unfurnished,diamond,Duplex,Lagos Island
1bdrm Apartment in Lekki Expressway for sale,"Lekki, Lekki Expressway",Lekki Expressway,Lekki,82000000.0,500.0,1,1,Unfurnished,diamond,Apartment,Lagos Island
4bdrm Duplex in Lekki Phase 1 for sale,"Lekki, Lekki Phase 1",Lekki Phase 1,Lekki,370000000.0,500.0,4,4,Semi-Furnished,diamond,Duplex,Lagos Island
Furnished 2bdrm Penthouse in Lekki Phase 1 for sale,"Lekki, Lekki Phase 1",Lekki Phase 1,Lekki,400000000.0,200.0,2,2,Furnished,enterprise,Penthouse,Lagos Island
6bdrm Duplex in Lekki Phase 1 for sale,"Lekki, Lekki Phase 1",Lekki Phase 1,Lekki,1300000000.0,500.0,6,6,Semi-Furnished,diamond,Duplex,Lagos Island
4bdrm Duplex in Chevron for sale,"Lekki, Chevron",Chevron,Lekki,350000000.0,500.0,4,4,Unfurnished,diamond,Duplex,Lagos Island
"5bdrm Duplex in Royal Garden Estate, VGC / Ajah for sale","Ajah, VGC / Ajah",VGC / Ajah,Ajah,650000000.0,450.0,5,5,Unfurnished,enterprise,Duplex,Lagos Island
5bdrm Duplex in Lekki Phase 1 for sale,"Lekki, Lekki Phase 1",Lekki Phase 1,Lekki,650000000.0,500.0,5,5,Semi-Furnished,diamond,Duplex,Lagos Island
2bdrm Apartment in Chevron for sale,"Lekki, Chevron",Chevron,Lekki,160000000.0,500.0,2,2,Semi-Furnished,diamond,Apartment,Lagos Island
4bdrm Duplex in Berger for sale,"Ojodu, Berger",Berger,Ojodu,265000000.0,250.0,4,4,Unfurnished,enterprise,Duplex,Lagos Mainland
"8bdrm Block of Flats in Majek Abijo, Sangotedo for sale","Ajah, Sangotedo",Sangotedo,Ajah,100000000.0,500.0,8,8,Unfurnished,diamond,Block Of Flats,Lagos Island
4bdrm Duplex in Lekki Phase 2 for sale,"Lekki, Lekki Phase 2",Lekki Phase 2,Lekki,125000000.0,400.0,4,4,Semi-Furnished,diamond,Duplex,Lagos Island
4bdrm Duplex in Old Ikoyi for sale,"Ikoyi, Old Ikoyi",Old Ikoyi,Ikoyi,1500000000.0,400.0,4,4,Semi-Furnished,diamond,Duplex,Lagos Island
Furnished 3bdrm Apartment in In Lekki Phase 1 for sale,"Lekki, Lekki Phase 1",Lekki Phase 1,Lekki,280000000.0,1000.0,3,3,Furnished,diamond,Apartment,Lagos Island
4bdrm Duplex in Ikota for sale,"Lekki, Ikota",Ikota,Lekki,230000000.0,450.0,4,4,Semi-Furnished,diamond,Duplex,Lagos Island
5bdrm Duplex in Chevron for sale,"Lekki, Chevron",Chevron,Lekki,500000000.0,450.0,5,5,Semi-Furnished,diamond,Duplex,Lagos Island
3bdrm Block of Flats in Garki 2 for sale,"Abuja (FCT), Garki 2",Garki 2,Abuja (FCT),750000000.0,1000.0,3,4,Unfurnished,diamond,Block Of Flats,Abuja (FCT)
4bdrm Duplex in Off Lekki-Epe Expressway for sale,"Ajah, Off Lekki-Epe Expressway",Off Lekki-Epe Expressway,Ajah,200000000.0,500.0,4,4,Semi-Furnished,diamond,Duplex,Lagos Island
2bdrm Apartment in Abraham Adesanya Estate for sale,"Ajah, Abraham Adesanya Estate",Abraham Adesanya Estate,Ajah,100000000.0,500.0,2,2,Semi-Furnished,diamond,Apartment,Lagos Island
2bdrm Apartment in Ikate for sale,"Lekki, Ikate",Ikate,Lekki,75000000.0,500.0,2,2,Semi-Furnished,diamond,Apartment,Lagos Island
3bdrm Villa in Kaura for sale,"Abuja (FCT), Kaura",Kaura,Abuja (FCT),120000000.0,11.0,3,3,Semi-Furnished,diamond,Unknown,Abuja (FCT)
4bdrm Duplex in Ikeja GRA for sale,"Ikeja, Ikeja GRA",Ikeja GRA,Ikeja,650000000.0,500.0,4,4,Semi-Furnished,diamond,Duplex,Lagos Mainland
3bdrm Maisonette in Lekki Phase 1 for sale,"Lekki, Lekki Phase 1",Lekki Phase 1,Lekki,170000000.0,500.0,3,3,Semi-Furnished,diamond,Maisonette,Lagos Island
4bdrm Duplex in Adeniyi Jones Lagos for sale,"Ikeja, Adeniyi Jones",Adeniyi Jones,Ikeja,320000000.0,150.0,4,5,Semi-Furnished,diamond,Duplex,Lagos Mainland
4bdrm Duplex in Ogudu GRA for sale,"Ogudu, Ogudu GRA",Ogudu GRA,Ogudu,450000000.0,500.0,4,5,Unfurnished,diamond,Duplex,Lagos Mainland
4bdrm Duplex in Maryland Lagos for sale,"Lagos State, Maryland",Maryland,Lagos State,320000000.0,450.0,4,5,Unfurnished,diamond,Duplex,Lagos Mainland
4bdrm Duplex in Orchid Lekki Lagos for sale,"Lagos State, Lekki",Lekki,Lagos State,180000000.0,250.0,4,5,Unfurnished,diamond,Duplex,Lagos Island
Furnished 5bdrm Duplex in Adeniyi Jones Ikeja for sale,"Ikeja, Adeniyi Jones",Adeniyi Jones,Ikeja,650000000.0,150.0,5,6,Furnished,diamond,Duplex,Lagos Mainland
"5bdrm Duplex in Estate, Lekki for sale","Lagos State, Lekki",Lekki,Lagos State,480000000.0,500.0,5,5,Semi-Furnished,enterprise,Duplex,Lagos Island
4bdrm Duplex in Gbagada for sale,"Lagos State, Gbagada",Gbagada,Lagos State,280000000.0,500.0,4,4,Unfurnished,enterprise,Duplex,Lagos Mainland
4bdrm Duplex in Chevron for sale,"Lekki, Chevron",Chevron,Lekki,140000000.0,600.0,4,4,Semi-Furnished,enterprise,Duplex,Lagos Island
"5bdrm Duplex in Orchild Road, Chevron for sale","Lekki, Chevron",Chevron,Lekki,400000000.0,500.0,5,5,Semi-Furnished,enterprise,Duplex,Lagos Island
4bdrm Duplex in VGC / Ajah for sale,"Ajah, VGC / Ajah",VGC / Ajah,Ajah,300000000.0,500.0,4,4,Unfurnished,enterprise,Duplex,Lagos Island
"5bdrm Duplex in Estate, Guzape District for sale","Abuja (FCT), Guzape District",Guzape District,Abuja (FCT),1100000000.0,2000.0,5,5,Unfurnished,enterprise,Duplex,Abuja (FCT)
4bdrm Duplex in Ikeja for sale,"Lagos State, Ikeja",Ikeja,Lagos State,320000000.0,500.0,4,4,Unfurnished,enterprise,Duplex,Lagos Mainland
"Furnished 3bdrm Block of Flats in Peace Estate, Baruwa for sale","Ipaja, Baruwa",Baruwa,Ipaja,135000000.0,600.0,3,3,Furnished,diamond,Block Of Flats,Lagos Mainland
"Furnished 1bdrm Block of Flats in Okude, Ipaja / Ipaja for sale","Ipaja, Ipaja / Ipaja",Ipaja / Ipaja,Ipaja,75000000.0,600.0,1,1,Furnished,diamond,Block Of Flats,Lagos Mainland
"Furnished 2bdrm Block of Flats in Chief Olubode Estate, Egbeda for sale","Alimosho, Egbeda",Egbeda,Alimosho,150000000.0,150.0,2,2,Furnished,diamond,Block Of Flats,Oyo State
3bdrm Bungalow in Jericho Gra for sale,"Ibadan, Jericho",Jericho,Ibadan,85000000.0,400.0,3,3,Unfurnished,diamond,Bungalow,Oyo State
6bdrm Duplex in Lugbe District. for sale,"Lugbe District, Sabon Lugbe",Sabon Lugbe,Lugbe District,85000000.0,600.0,6,7,Unfurnished,diamond,Duplex,Abuja (FCT)
3bdrm Block of Flats in Katampe (Main) for sale,"Katampe, Katampe (Main)",Katampe (Main),Katampe,150000000.0,300.0,3,3,Semi-Furnished,enterprise,Block Of Flats,Abuja (FCT)
5bdrm Duplex in Apo Resettlement for sale,"Apo District, Apo Resettlement",Apo Resettlement,Apo District,580000000.0,600.0,5,5,Unfurnished,enterprise,Duplex,Abuja (FCT)
5bdrm Duplex in Katampe Extension for sale,"Katampe, Katampe Extension",Katampe Extension,Katampe,1200000000.0,850.0,5,5,Semi-Furnished,diamond,Duplex,Abuja (FCT)
5bdrm Duplex in Akobo Estate Ibadan for sale,"Ibadan, Akobo",Akobo,Ibadan,200000000.0,400.0,5,6,Semi-Furnished,enterprise,Duplex,Oyo State
3bdrm Apartment in Lekki Phase 1 for sale,"Lekki, Lekki Phase 1",Lekki Phase 1,Lekki,290000000.0,200.0,3,3,Unfurnished,diamond,Apartment,Lagos Island
Furnished 5bdrm Duplex in Oluyole for sale,"Oyo State, Oluyole",Oluyole,Oyo State,385000000.0,500.0,5,5,Furnished,enterprise,Duplex,Oyo State
2bdrm Apartment in Igbo-efon for sale,"Lekki, Igbo-efon",Igbo-efon,Lekki,90000000.0,1200.0,2,2,Semi-Furnished,diamond,Apartment,Lagos Island
5bdrm Duplex in Lekki Expressway for sale,"Lekki, Lekki Expressway",Lekki Expressway,Lekki,600000000.0,400.0,5,5,Semi-Furnished,diamond,Duplex,Lagos Island
4bdrm Duplex in Chevron for sale,"Lekki, Chevron",Chevron,Lekki,300000000.0,200.0,4,4,Unfurnished,diamond,Duplex,Lagos Island
4bdrm Duplex in Mabushi for sale,"Abuja (FCT), Mabushi",Mabushi,Abuja (FCT),430000000.0,3500.0,4,5,Unfurnished,enterprise,Duplex,Abuja (FCT)
Furnished 4bdrm Duplex in Shell Location for sale,"Port-Harcourt, Shell Location",Shell Location,Port-Harcourt,260000000.0,465.0,4,5,Furnished,diamond,Duplex,Rivers State
"5bdrm Duplex in In A Mini Estate, Off Lekki-Epe Expressway for sale","Ajah, Off Lekki-Epe Expressway",Off Lekki-Epe Expressway,Ajah,270000000.0,350.0,5,5,Unfurnished,diamond,Duplex,Lagos Island
"2bdrm Apartment in Surulere Lagos, Western Avenue for sale","Surulere, Western Avenue",Western Avenue,Surulere,110000000.0,500.0,2,2,Semi-Furnished,enterprise,Apartment,Lagos Mainland
3bdrm Apartment in Lekki Phase 1 Lagos for sale,"Lekki, Lekki Phase 1",Lekki Phase 1,Lekki,340000000.0,500.0,3,3,Semi-Furnished,enterprise,Apartment,Lagos Island
3bdrm Block of Flats in Katampe (Main) for sale,"Katampe, Katampe (Main)",Katampe (Main),Katampe,130000000.0,200.0,3,4,Semi-Furnished,enterprise,Block Of Flats,Abuja (FCT)
4bdrm Duplex in Mabushi for sale,"Abuja (FCT), Mabushi",Mabushi,Abuja (FCT),380000000.0,260.0,4,5,Unfurnished,enterprise,Duplex,Abuja (FCT)
4bdrm Duplex in Kaura for sale,"Abuja (FCT), Kaura",Kaura,Abuja (FCT),160000000.0,150.0,4,5,Unfurnished,enterprise,Duplex,Abuja (FCT)
4bdrm Duplex in Kado for sale,"Abuja (FCT), Kado",Kado,Abuja (FCT),450000000.0,250.0,4,5,Unfurnished,enterprise,Duplex,Abuja (FCT)
Furnished 6bdrm Duplex in Mabushi for sale,"Abuja (FCT), Mabushi",Mabushi,Abuja (FCT),1200000000.0,800.0,6,7,Furnished,enterprise,Duplex,Abuja (FCT)
2bdrm Block of Flats in Jahi for sale,"Abuja (FCT), Jahi",Jahi,Abuja (FCT),120000000.0,100.0,2,3,Unfurnished,enterprise,Block Of Flats,Abuja (FCT)
3bdrm Block of Flats in Mabushi for sale,"Abuja (FCT), Mabushi",Mabushi,Abuja (FCT),230000000.0,180.0,3,5,Unfurnished,enterprise,Block Of Flats,Abuja (FCT)
4bdrm Duplex in Lugbe District for sale,"Abuja (FCT), Lugbe District",Lugbe District,Abuja (FCT),390000000.0,310.0,4,4,Unfurnished,enterprise,Duplex,Abuja (FCT)
"4bdrm Bungalow in Promiseland Elebu, Akala Express for sale","Ibadan, Akala Express",Akala Express,Ibadan,80000000.0,500.0,4,5,Semi-Furnished,diamond,Bungalow,Oyo State
3bdrm Maisonette in Off Lekki-Epe Expressway for sale,"Ajah, Off Lekki-Epe Expressway",Off Lekki-Epe Expressway,Ajah,119542500.0,250.0,3,3,Semi-Furnished,diamond,Maisonette,Lagos Island
"5bdrm Duplex in Ajah, Lekki for sale","Lagos State, Lekki",Lekki,Lagos State,300000000.0,320.0,5,6,Semi-Furnished,enterprise,Duplex,Lagos Island
17bdrm Block of Flats in Benin City for sale,"Edo State, Benin City",Benin City,Edo State,270000000.0,929.0,17,11,Unfurnished,diamond,Block Of Flats,Edo State
Furnished 4bdrm Duplex in Life Camp for sale,"Gwarinpa, Life Camp",Life Camp,Gwarinpa,270000000.0,650.0,4,5,Furnished,enterprise,Duplex,Abuja (FCT)
Furnished 3bdrm House in Sangotedo for sale,"Ajah, Sangotedo",Sangotedo,Ajah,120000000.0,500.0,3,3,Furnished,diamond,House,Lagos Island
Furnished 3bdrm House in Central Business District for sale,"Abuja (FCT), Central Business District",Central Business District,Abuja (FCT),127749840.0,500.0,3,3,Furnished,diamond,House,Abuja (FCT)
Furnished 5bdrm Duplex in Bunkoro for sale,"Gwarinpa, Bunkoro",Bunkoro,Gwarinpa,400000000.0,1000.0,5,5,Furnished,enterprise,Duplex,Abuja (FCT)
"Furnished 3bdrm Apartment in Oribanwa, Awoyaya for sale","Ibeju, Awoyaya",Awoyaya,Ibeju,100000000.0,650.0,3,3,Furnished,enterprise,Apartment,Lagos Island
5bdrm Duplex in Osapa for sale,"Lekki, Osapa london",Osapa london,Lekki,1700000000.0,600.0,5,5,Semi-Furnished,enterprise,Duplex,Lagos Island
4bdrm Duplex in Chevron for sale,"Lekki, Chevron",Chevron,Lekki,190000000.0,100.0,4,4,Unfurnished,enterprise,Duplex,Lagos Island
3bdrm Duplex in Ikota for sale,"Lekki, Ikota",Ikota,Lekki,120000000.0,100.0,3,3,Unfurnished,enterprise,Duplex,Lagos Island
4bdrm Duplex in Abraham Adesanya Estate for sale,"Ajah, Abraham Adesanya Estate",Abraham Adesanya Estate,Ajah,90000000.0,250.0,4,4,Semi-Furnished,enterprise,Duplex,Lagos Island
6bdrm Duplex in Lekki for sale,"Lagos State, Lekki",Lekki,Lagos State,250000000.0,625.0,6,6,Semi-Furnished,enterprise,Duplex,Lagos Island
"4bdrm Duplex in Pinnock Beach, Lekki Phase 1 for sale","Lekki, Lekki Phase 1",Lekki Phase 1,Lekki,850000000.0,100.0,4,4,Unfurnished,enterprise,Duplex,Lagos Island
3bdrm Apartment in Lekki Phase 1 for sale,"Lekki, Lekki Phase 1",Lekki Phase 1,Lekki,450000000.0,100.0,3,3,Unfurnished,enterprise,Apartment,Lagos Island
"4bdrm Duplex in Ada George Port, Obio-Akpor for sale","Rivers State, Obio-Akpor",Obio-Akpor,Rivers State,280000000.0,450.0,4,4,Unfurnished,enterprise,Duplex,Rivers State
"Furnished 3bdrm Apartment in Golf Estate, Okuru for sale","Port-Harcourt, Okuru",Okuru,Port-Harcourt,115000000.0,300.0,3,3,Furnished,enterprise,Apartment,Rivers State
"4bdrm Duplex in Estate, Rukpokwu for sale","Port-Harcourt, Rukpokwu",Rukpokwu,Port-Harcourt,165000000.0,450.0,4,4,Unfurnished,enterprise,Duplex,Rivers State
4bdrm Duplex in Ikoyi for sale,"Lagos State, Ikoyi",Ikoyi,Lagos State,1600000000.0,300.0,4,4,Unfurnished,enterprise,Duplex,Lagos Island
2bdrm Apartment in Lekki Phase 1 for sale,"Lekki, Lekki Phase 1",Lekki Phase 1,Lekki,260000000.0,160.0,2,2,Unfurnished,enterprise,Apartment,Lagos Island
4bdrm Apartment in Lekki Phase 1 for sale,"Lekki, Lekki Phase 1",Lekki Phase 1,Lekki,400000000.0,500.0,4,4,Unfurnished,diamond,Apartment,Lagos Island
Furnished 2bdrm Apartment in Nicon Town for sale,"Lekki, Nicon Town",Nicon Town,Lekki,219999999.0,210.0,2,2,Furnished,diamond,Apartment,Lagos Island
2bdrm Apartment in Ikate for sale,"Lekki, Ikate",Ikate,Lekki,180000000.0,150.0,2,2,Unfurnished,enterprise,Apartment,Lagos Island
3bdrm Maisonette in Lekki Phase 1 for sale,"Lekki, Lekki Phase 1",Lekki Phase 1,Lekki,300000000.0,250.0,3,3,Unfurnished,enterprise,Maisonette,Lagos Island
4bdrm Duplex in Lekki for sale,"Lagos State, Lekki",Lekki,Lagos State,185000000.0,300.0,4,4,Unfurnished,enterprise,Duplex,Lagos Island
2bdrm Maisonette in Ikate for sale,"Lekki, Ikate",Ikate,Lekki,250000000.0,500.0,2,2,Unfurnished,diamond,Maisonette,Lagos Island
3bdrm Apartment in Lekki Phase 1 for sale,"Lekki, Lekki Phase 1",Lekki Phase 1,Lekki,350000000.0,500.0,3,3,Semi-Furnished,diamond,Apartment,Lagos Island
5bdrm Duplex in Lekki Expressway for sale,"Lekki, Lekki Expressway",Lekki Expressway,Lekki,240000000.0,500.0,5,5,Semi-Furnished,diamond,Duplex,Lagos Island
3bdrm Apartment in Lekki Phase 1 for sale,"Lekki, Lekki Phase 1",Lekki Phase 1,Lekki,340000000.0,500.0,3,3,Unfurnished,diamond,Apartment,Lagos Island
3bdrm Apartment in Ikate for sale,"Lekki, Ikate",Ikate,Lekki,300000000.0,250.0,3,3,Unfurnished,enterprise,Apartment,Lagos Island
4bdrm Duplex in Ajah for sale,"Lagos State, Ajah",Ajah,Lagos State,180000000.0,300.0,4,4,Unfurnished,enterprise,Duplex,Lagos Island
Furnished 2bdrm Apartment in VGC / Ajah for sale,"Ajah, VGC / Ajah",VGC / Ajah,Ajah,100000000.0,300.0,2,2,Furnished,enterprise,Apartment,Lagos Island
4bdrm Duplex in Lekki Phase 1 for sale,"Lekki, Lekki Phase 1",Lekki Phase 1,Lekki,450000000.0,600.0,4,4,Semi-Furnished,enterprise,Duplex,Lagos Island
5bdrm House in Enugu for sale,"Enugu State, Enugu",Enugu,Enugu State,250000000.0,590.0,5,6,Semi-Furnished,diamond,House,Enugu State
"5bdrm Duplex in Lekki Palm City, Ajah for sale","Lagos State, Ajah",Ajah,Lagos State,340000000.0,500.0,5,5,Semi-Furnished,diamond,Duplex,Lagos Island
"5bdrm Duplex in Heritage Estate, Lekki Phase 1 for sale","Lekki, Lekki Phase 1",Lekki Phase 1,Lekki,280000000.0,600.0,5,5,Semi-Furnished,diamond,Duplex,Lagos Island
3bdrm Duplex in Abraham Adesanya Estate for sale,"Ajah, Abraham Adesanya Estate",Abraham Adesanya Estate,Ajah,130000000.0,250.0,3,3,Semi-Furnished,diamond,Duplex,Lagos Island
4bdrm Duplex in Wuye for sale,"Abuja (FCT), Wuye",Wuye,Abuja (FCT),400000000.0,350.0,4,4,Unfurnished,diamond,Duplex,Abuja (FCT)
5bdrm Duplex in Ikota for sale,"Lekki, Ikota",Ikota,Lekki,750000000.0,500.0,5,5,Semi-Furnished,diamond,Duplex,Lagos Island
6bdrm Duplex in Guzape District for sale,"Abuja (FCT), Guzape District",Guzape District,Abuja (FCT),2000000000.0,950.0,6,7,Semi-Furnished,diamond,Duplex,Abuja (FCT)
4bdrm Duplex in Guzape District for sale,"Abuja (FCT), Guzape District",Guzape District,Abuja (FCT),300000000.0,1000.0,4,5,Semi-Furnished,diamond,Duplex,Abuja (FCT)
Furnished 12bdrm Apartment in Orita Challenge for sale,"Oyo State, Ibadan",Ibadan,Oyo State,210000000.0,700.0,12,14,Furnished,diamond,Apartment,Oyo State
3bdrm Apartment in Victoria Island Extension for sale,"Victoria Island, Victoria Island Extension",Victoria Island Extension,Victoria Island,700000000.0,500.0,3,3,Unfurnished,diamond,Apartment,Lagos Island
5bdrm Duplex in Lekki Phase 1 for sale,"Lekki, Lekki Phase 1",Lekki Phase 1,Lekki,1600000000.0,500.0,5,5,Semi-Furnished,diamond,Duplex,Lagos Island
4bdrm Maisonette in Ikoyi S.W for sale,"Ikoyi, Ikoyi S.W",Ikoyi S.W,Ikoyi,2149680000.0,500.0,4,4,Semi-Furnished,diamond,Maisonette,Lagos Island
3bdrm Apartment in Victoria Island Extension for sale,"Victoria Island, Victoria Island Extension",Victoria Island Extension,Victoria Island,450000000.0,500.0,3,3,Semi-Furnished,diamond,Apartment,Lagos Island
5bdrm Duplex in Mabushi for sale,"Abuja (FCT), Mabushi",Mabushi,Abuja (FCT),650000000.0,500.0,5,6,Semi-Furnished,diamond,Duplex,Abuja (FCT)
5bdrm Duplex in Omole for sale,"Ikeja, Omole Phase 1",Omole Phase 1,Ikeja,750000000.0,450.0,5,6,Semi-Furnished,enterprise,Duplex,Lagos Mainland
"6bdrm Duplex in Efab Metropolis, Gwarinpa for sale","Abuja (FCT), Gwarinpa",Gwarinpa,Abuja (FCT),550000000.0,900.0,6,6,Unfurnished,enterprise,Duplex,Abuja (FCT)
4bdrm Duplex in Ogudu Gra for sale,"Ogudu, Ogudu GRA",Ogudu GRA,Ogudu,550000000.0,400.0,4,6,Unfurnished,diamond,Duplex,Lagos Mainland
Furnished 3bdrm Duplex in Gbagada Lagos for sale,"Gbagada, Ifako-Gbagada",Ifako-Gbagada,Gbagada,210000000.0,150.0,3,4,Furnished,diamond,Duplex,Lagos Mainland
5bdrm Duplex in Gbagada Lagos for sale,"Gbagada, New Garage / Gbagada",New Garage / Gbagada,Gbagada,600000000.0,150.0,5,6,Semi-Furnished,diamond,Duplex,Lagos Mainland
4bdrm Duplex in Gbagada Lagos for sale,"Gbagada, Ifako-Gbagada",Ifako-Gbagada,Gbagada,350000000.0,150.0,4,5,Semi-Furnished,diamond,Duplex,Lagos Mainland
3bdrm Apartment in Lekki Phase1 for sale,"Lekki, Lekki Phase 1",Lekki Phase 1,Lekki,250000000.0,620.0,3,3,Semi-Furnished,enterprise,Apartment,Lagos Island
2bdrm Apartment in Ologolo for sale,"Lekki, Ologolo",Ologolo,Lekki,90000000.0,500.0,2,2,Semi-Furnished,enterprise,Apartment,Lagos Island
4bdrm Duplex in Off Lekki-Epe Expressway for sale,"Ajah, Off Lekki-Epe Expressway",Off Lekki-Epe Expressway,Ajah,250000000.0,550.0,4,4,Semi-Furnished,enterprise,Duplex,Lagos Island
"9bdrm Mansion in Estate, Guzape District for sale","Abuja (FCT), Guzape District",Guzape District,Abuja (FCT),1000000000.0,1100.0,9,8,Unfurnished,enterprise,Mansion,Abuja (FCT)
"Furnished 5bdrm Duplex in Self Compound, Maitama for sale","Abuja (FCT), Maitama",Maitama,Abuja (FCT),1800000000.0,1500.0,5,5,Furnished,enterprise,Duplex,Abuja (FCT)
Furnished 5bdrm Duplex in Oko-Oba for sale,"Agege, Oko-Oba",Oko-Oba,Agege,210000000.0,550.0,5,5,Furnished,diamond,Duplex,Lagos Mainland
4bdrm Duplex in Bodija for sale,"Ibadan, Bodija",Bodija,Ibadan,400000000.0,1200.0,4,4,Unfurnished,enterprise,Duplex,Oyo State
"4bdrm Duplex in Lugbe District., FHA for sale","Lugbe District, FHA",FHA,Lugbe District,120000000.0,750.0,4,5,Unfurnished,diamond,Duplex,Abuja (FCT)
"3bdrm Bungalow in Lugbe, FHA for sale","Lugbe District, FHA",FHA,Lugbe District,120000000.0,900.0,3,4,Unfurnished,diamond,Bungalow,Abuja (FCT)
4bdrm Duplex in Lugbe for sale,"Lugbe District, Sabon Lugbe",Sabon Lugbe,Lugbe District,120000000.0,750.0,4,5,Semi-Furnished,diamond,Duplex,Abuja (FCT)
1bdrm Block of Flats in Katampe (Main) for sale,"Katampe, Katampe (Main)",Katampe (Main),Katampe,120000000.0,300.0,1,1,Semi-Furnished,enterprise,Block Of Flats,Abuja (FCT)
4bdrm Duplex in Life Camp for sale,"Gwarinpa, Life Camp",Life Camp,Gwarinpa,570000000.0,900.0,4,4,Semi-Furnished,diamond,Duplex,Abuja (FCT)
"5bdrm Duplex in Faplin Estate , Lokogoma for sale","Abuja (FCT), Lokogoma",Lokogoma,Abuja (FCT),400000000.0,1000.0,5,6,Unfurnished,diamond,Duplex,Abuja (FCT)
"4bdrm Duplex in Estate, Wuye for sale","Abuja (FCT), Wuye",Wuye,Abuja (FCT),750000000.0,1000.0,4,6,Unfurnished,diamond,Duplex,Abuja (FCT)
"6bdrm Duplex in Estate, Katampe Extension for sale","Katampe, Katampe Extension",Katampe Extension,Katampe,1500000000.0,1200.0,6,7,Unfurnished,diamond,Duplex,Abuja (FCT)
5bdrm Duplex in Ado / Ajah for sale,"Ajah, Ado / Ajah",Ado / Ajah,Ajah,470000000.0,600.0,5,5,Unfurnished,diamond,Duplex,Lagos Island
"4bdrm Duplex in Westend Estate, Ikota for sale","Lekki, Ikota",Ikota,Lekki,120000000.0,250.0,4,4,Unfurnished,diamond,Duplex,Lagos Island
3bdrm Block of Flats in Governors Road for sale,"Ikotun/Igando, Governors Road",Governors Road,Ikotun/Igando,200000000.0,600.0,3,4,Unfurnished,enterprise,Block Of Flats,Lagos Mainland
4bdrm Block of Flats in Obafemi-Owode for sale,"Ogun State, Obafemi-Owode",Obafemi-Owode,Ogun State,85000000.0,1300.0,4,5,Semi-Furnished,enterprise,Block Of Flats,Ogun State
"Furnished 5bdrm Duplex in Dss Quarters Estate, Idishin for sale","Ibadan, Idishin",Idishin,Ibadan,170000000.0,450.0,5,5,Furnished,enterprise,Duplex,Oyo State
5bdrm Duplex in Ikate for sale,"Lekki, Ikate",Ikate,Lekki,600000000.0,1200.0,5,5,Semi-Furnished,diamond,Duplex,Lagos Island
"4bdrm Duplex in Airforce, Bashorun, Akobo for sale","Ibadan, Akobo",Akobo,Ibadan,250000000.0,400.0,4,4,Semi-Furnished,enterprise,Duplex,Oyo State
"Furnished 5bdrm Duplex in Ire Akari, Akala Express for sale","Ibadan, Akala Express",Akala Express,Ibadan,180000000.0,400.0,5,5,Furnished,enterprise,Duplex,Oyo State
2bdrm Apartment in Osapa london for sale,"Lekki, Osapa london",Osapa london,Lekki,150000000.0,800.0,2,2,Unfurnished,diamond,Apartment,Lagos Island
5bdrm Duplex in Chevron In A Gated for sale,"Lekki, Chevron",Chevron,Lekki,500000000.0,300.0,5,5,Unfurnished,diamond,Duplex,Lagos Island
3bdrm Apartment in Lekki Phase 1 for sale,"Lekki, Lekki Phase 1",Lekki Phase 1,Lekki,420000000.0,150.0,3,3,Unfurnished,diamond,Apartment,Lagos Island
"Furnished 5bdrm House in John Linus Road, Uyo for sale","Akwa Ibom State, Uyo",Uyo,Akwa Ibom State,90000000.0,800.0,5,5,Furnished,diamond,House,Akwa Ibom State
"4bdrm Duplex in In A Gated Estate, Ado / Ajah for sale","Ajah, Ado / Ajah",Ado / Ajah,Ajah,185000000.0,250.0,4,4,Unfurnished,diamond,Duplex,Lagos Island
3bdrm Penthouse in Lagos Island / Lagos Island for sale,"Lagos Island (Eko), Lagos Island / Lagos Island",Lagos Island / Lagos Island,Lagos Island (Eko),700000000.0,300.0,3,3,Semi-Furnished,diamond,Penthouse,Lagos Island
"Furnished 15bdrm Block of Flats in Ayobo, Ipaja for sale","Lagos State, Ipaja",Ipaja,Lagos State,130000000.0,648.0,15,15,Furnished,diamond,Block Of Flats,Lagos Mainland
4bdrm Duplex in In Secure Estate @ for sale,"Ajah, Olokonla",Olokonla,Ajah,165000000.0,300.0,4,4,Unfurnished,diamond,Duplex,Lagos Island
5bdrm Duplex in Ikoyi Lagos for sale,"Lagos State, Ikoyi",Ikoyi,Lagos State,1500000000.0,500.0,5,5,Semi-Furnished,enterprise,Duplex,Lagos Island
"5bdrm Duplex in Golden Park Estate, Sangotedo for sale","Ajah, Sangotedo",Sangotedo,Ajah,350000000.0,400.0,5,5,Unfurnished,diamond,Duplex,Lagos Island
4bdrm Duplex in Ologolo Lekki for sale,"Lekki, Ologolo",Ologolo,Lekki,180000000.0,600.0,4,4,Unfurnished,diamond,Duplex,Lagos Island
4bdrm Duplex in Ikota Lekki Eti-Osa for sale,"Lekki, Ikota",Ikota,Lekki,220000000.0,600.0,4,4,Unfurnished,diamond,Duplex,Lagos Island
8bdrm Duplex in Arida Ikotun Lagos. for sale,"Ikotun/Igando, Egbe / Ikotun/Igando",Egbe / Ikotun/Igando,Ikotun/Igando,350000000.0,1000.0,8,8,Semi-Furnished,diamond,Duplex,Lagos Mainland
Furnished 4bdrm Duplex in Private Estate Lekki for sale,"Lekki, Lekki Phase 2",Lekki Phase 2,Lekki,1300000000.0,600.0,4,4,Furnished,diamond,Duplex,Lagos Island
3bdrm Block of Flats in Igando / Ikotun/Igando for sale,"Ikotun/Igando, Igando / Ikotun/Igando",Igando / Ikotun/Igando,Ikotun/Igando,90000000.0,600.0,3,4,Semi-Furnished,diamond,Block Of Flats,Lagos Mainland
Furnished 2bdrm Block of Flats in Lekki Phases One for sale,"Lekki, Lekki Phase 1",Lekki Phase 1,Lekki,230000000.0,700.0,2,2,Furnished,diamond,Block Of Flats,Lagos Island
"Furnished 4bdrm Duplex in Orchids Roads Lekki, Chevron for sale","Lekki, Chevron",Chevron,Lekki,250000000.0,600.0,4,4,Furnished,diamond,Duplex,Lagos Island
Furnished 4bdrm Duplex in Private Estate Ikota for sale,"Lekki, Ikota",Ikota,Lekki,220000000.0,600.0,4,4,Furnished,diamond,Duplex,Lagos Island
Furnished 4bdrm Duplex in Private Estate Ajah for sale,"Lagos State, Ajah",Ajah,Lagos State,130000000.0,800.0,4,4,Furnished,diamond,Duplex,Lagos Island
3bdrm Block of Flats in Victoria Island Extension for sale,"Victoria Island, Victoria Island Extension",Victoria Island Extension,Victoria Island,250000000.0,150.0,3,3,Unfurnished,diamond,Block Of Flats,Lagos Island
"3bdrm Bungalow in Frontier, Ipaja Road for sale","Ipaja, Ipaja Road",Ipaja Road,Ipaja,100000000.0,250.0,3,4,Semi-Furnished,diamond,Bungalow,Lagos Mainland
3bdrm Duplex in Kubwa for sale,"Abuja (FCT), Kubwa",Kubwa,Abuja (FCT),95000000.0,200.0,3,4,Semi-Furnished,enterprise,Duplex,Abuja (FCT)
4bdrm Duplex in Mabushi for sale,"Abuja (FCT), Mabushi",Mabushi,Abuja (FCT),500000000.0,300.0,4,5,Semi-Furnished,enterprise,Duplex,Abuja (FCT)
4bdrm Maisonette in Mabushi for sale,"Abuja (FCT), Mabushi",Mabushi,Abuja (FCT),250000000.0,200.0,4,5,Semi-Furnished,enterprise,Maisonette,Abuja (FCT)
4bdrm Duplex in Dawaki for sale,"Gwarinpa, Dawaki",Dawaki,Gwarinpa,300000000.0,250.0,4,5,Unfurnished,enterprise,Duplex,Abuja (FCT)
4bdrm Duplex in Jabi for sale,"Abuja (FCT), Jabi",Jabi,Abuja (FCT),350000000.0,25.0,4,4,Semi-Furnished,enterprise,Duplex,Abuja (FCT)
5bdrm Duplex in Katampe (Main) for sale,"Katampe, Katampe (Main)",Katampe (Main),Katampe,550000000.0,400.0,5,6,Unfurnished,enterprise,Duplex,Abuja (FCT)
7bdrm Duplex in Asokoro for sale,"Abuja (FCT), Asokoro",Asokoro,Abuja (FCT),1400000000.0,320.0,7,9,Unfurnished,enterprise,Duplex,Abuja (FCT)
4bdrm Duplex in Jahi for sale,"Abuja (FCT), Jahi",Jahi,Abuja (FCT),300000000.0,250.0,4,5,Unfurnished,enterprise,Duplex,Abuja (FCT)
Furnished 2bdrm Apartment in Katampe (Main) for sale,"Katampe, Katampe (Main)",Katampe (Main),Katampe,350000000.0,250.0,2,3,Furnished,enterprise,Apartment,Abuja (FCT)
3bdrm Duplex in FHA for sale,"Lugbe District, FHA",FHA,Lugbe District,400000000.0,700.0,3,5,Semi-Furnished,enterprise,Duplex,Abuja (FCT)
3bdrm Block of Flats in Ago Palace for sale,"Isolo, Ago Palace",Ago Palace,Isolo,120000000.0,300.0,3,4,Unfurnished,enterprise,Block Of Flats,Lagos Mainland
3bdrm Block of Flats in Ago Palace for sale,"Isolo, Ago Palace",Ago Palace,Isolo,250000000.0,669.0,3,2,Semi-Furnished,enterprise,Block Of Flats,Lagos Mainland
4bdrm Duplex in Festac for sale,"Amuwo-Odofin, Festac",Festac,Amuwo-Odofin,250000000.0,600.0,4,4,Unfurnished,enterprise,Duplex,Lagos Mainland
2bdrm Block of Flats in Idu Industrial for sale,"Abuja (FCT), Idu Industrial",Idu Industrial,Abuja (FCT),70000000.0,200.0,2,2,Unfurnished,diamond,Block Of Flats,Abuja (FCT)
5bdrm Duplex in Oshimili North for sale,"Delta State, Oshimili North",Oshimili North,Delta State,460000000.0,450.0,5,5,Semi-Furnished,enterprise,Duplex,Delta State
"3bdrm Apartment in Elegushi, Ikate for sale","Lekki, Ikate",Ikate,Lekki,350000000.0,860.0,3,3,Unfurnished,enterprise,Apartment,Lagos Island
5bdrm Duplex in Lekki for sale,"Lagos State, Lekki",Lekki,Lagos State,230000000.0,325.0,5,6,Semi-Furnished,enterprise,Duplex,Lagos Island
