title,region,region_name,region_parent_name,price,property_size,bedrooms,bathrooms,furnishing,is_boost,content_name
4bdrm Duplex in Abraham Adesanya Estate for sale,"Ajah, Abraham Adesanya Estate",Abraham Adesanya Estate,Ajah,"₦ 222,000,000",500.0,4,4,Unfurnished,vip_gold,4bdrm Duplex in Abraham Adesanya Estate for sale
"Furnished 3bdrm Bungalow in Unique Estate, Baruwa for sale","Ipaja, Baruwa",Baruwa,Ipaja,"₦ 120,000,000",600.0,3,3,Furnished,vip,"Furnished 3bdrm Bungalow in Unique Estate, Baruwa for sale"
"5bdrm Duplex in Cbn Estate, Apo for sale","Apo District, Apo Resettlement",Apo Resettlement,Apo District,"₦ 160,000,000",190.0,5,5,Unfurnished,diamond,"5bdrm Duplex in Cbn Estate, Apo for sale"
5bdrm Bungalow in Ekenwan Road Benin for sale,"Edo State, Benin City",Benin City,Edo State,"₦ 85,000,000",466.0,5,5,Semi-Furnished,diamond,5bdrm Bungalow in Ekenwan Road Benin for sale
"3bdrm Bungalow in Saint Louis, Ushafa for sale","Bwari, Ushafa",Ushafa,Bwari,"₦ 18,000,000",500.0,3,3,Unfurnished,diamond,"3bdrm Bungalow in Saint Louis, Ushafa for sale"
4bdrm Duplex in Ejigbo / Ejigbo for sale,"Ejigbo, Ejigbo / Ejigbo",Ejigbo / Ejigbo,Ejigbo,"₦ 220,000,000",120.0,4,4,Semi-Furnished,False,4bdrm Duplex in Ejigbo / Ejigbo for sale
"4bdrm Duplex in Great Citizens, Ushafa for sale","Bwari, Ushafa",Ushafa,Bwari,"₦ 40,000,000",600.0,4,6,Unfurnished,diamond,"4bdrm Duplex in Great Citizens, Ushafa for sale"
3bdrm Block of Flats in Akowonjo for sale,"Alimosho, Akowonjo",Akowonjo,Alimosho,"₦ 180,000,000",800.0,3,4,Unfurnished,False,3bdrm Block of Flats in Akowonjo for sale
Furnished 5bdrm Duplex in Abraham Adesanya Estate for sale,"Ajah, Abraham Adesanya Estate",Abraham Adesanya Estate,Ajah,"₦ 270,000,000",250.0,5,4,Furnished,False,Furnished 5bdrm Duplex in Abraham Adesanya Estate for sale
"5bdrm Duplex in Peace Land, Obafemi-Owode for sale","Ogun State, Obafemi-Owode",Obafemi-Owode,Ogun State,"₦ 135,000,000",300.0,5,5,Semi-Furnished,False,"5bdrm Duplex in Peace Land, Obafemi-Owode for sale"
7bdrm Duplex in Gwarinpa Karsana for sale,"Abuja (FCT), Gwarinpa",Gwarinpa,Abuja (FCT),"₦ 470,000,000",800.0,7,8,Semi-Furnished,diamond,7bdrm Duplex in Gwarinpa Karsana for sale
6bdrm House in Ndokwa West for sale,"Delta State, Ndokwa West",Ndokwa West,Delta State,"₦ 50,000,000",1000.0,6,6,Unfurnished,False,6bdrm House in Ndokwa West for sale
"Furnished 4bdrm Block of Flats in Gemade, Egbeda / Egbeda for sale","Egbeda, Egbeda / Egbeda",Egbeda / Egbeda,Egbeda,"₦ 360,000,000",600.0,4,4,Furnished,premium,"Furnished 4bdrm Block of Flats in Gemade, Egbeda / Egbeda for sale"
3bdrm Block of Flats in Alagbado for sale,"Ifako-Ijaiye, Alagbado",Alagbado,Ifako-Ijaiye,"₦ 100,000,000",640.0,3,7,Unfurnished,premium,3bdrm Block of Flats in Alagbado for sale
Furnished 18bdrm Block of Flats in Iju-Ishaga for sale,"Agege, Iju-Ishaga",Iju-Ishaga,Agege,"₦ 130,000,000",640.0,18,20,Furnished,premium,Furnished 18bdrm Block of Flats in Iju-Ishaga for sale
Furnished 4bdrm Duplex in Akowonjo for sale,"Alimosho, Akowonjo",Akowonjo,Alimosho,"₦ 200,000,000",435.0,4,4,Furnished,premium,Furnished 4bdrm Duplex in Akowonjo for sale
Furnished 8bdrm Duplex in Oba Akran for sale,"Ikeja, Oba Akran",Oba Akran,Ikeja,"₦ 450,000,000",610.0,8,8,Furnished,premium,Furnished 8bdrm Duplex in Oba Akran for sale
"Furnished 6bdrm Block of Flats in Anifowoshe, Ikeja for sale","Lagos State, Ikeja",Ikeja,Lagos State,"₦ 380,000,000",777.0,6,6,Furnished,premium,"Furnished 6bdrm Block of Flats in Anifowoshe, Ikeja for sale"
"Furnished 7bdrm Duplex in Amazing Grace Estate, New Oko Oba for sale","Agege, New Oko Oba",New Oko Oba,Agege,"₦ 300,000,000",640.0,7,7,Furnished,premium,"Furnished 7bdrm Duplex in Amazing Grace Estate, New Oko Oba for sale"
"Furnished 3bdrm Duplex in Off Awuse Estate, Opebi for sale","Ikeja, Opebi",Opebi,Ikeja,"₦ 180,000,000",250.0,3,4,Furnished,premium,"Furnished 3bdrm Duplex in Off Awuse Estate, Opebi for sale"
3bdrm Bungalow in Gwarinpa Gear for sale,"Abuja (FCT), Gwarinpa",Gwarinpa,Abuja (FCT),"₦ 190,000,000",700.0,3,4,Semi-Furnished,diamond,3bdrm Bungalow in Gwarinpa Gear for sale
4bdrm Duplex in Abraham Adesanya Estate for sale,"Ajah, Abraham Adesanya Estate",Abraham Adesanya Estate,Ajah,"₦ 90,000,000",250.0,4,4,Semi-Furnished,enterprise,4bdrm Duplex in Abraham Adesanya Estate for sale
"6bdrm Duplex in Urban Prime 2 Estate, Off Lekki-Epe Expressway for sale","Ajah, Off Lekki-Epe Expressway",Off Lekki-Epe Expressway,Ajah,"₦ 370,000,000",300.0,6,7,Semi-Furnished,False,"6bdrm Duplex in Urban Prime 2 Estate, Off Lekki-Epe Expressway for sale"
5bdrm Duplex in Thomas for sale,"Ajah, Thomas Estate",Thomas Estate,Ajah,"₦ 260,000,000",250.0,5,5,Semi-Furnished,enterprise,5bdrm Duplex in Thomas for sale
"5bdrm Bungalow in Comcom, Port-Harcourt for sale","Rivers State, Port-Harcourt",Port-Harcourt,Rivers State,"₦ 40,000,000",1000.0,5,5,Unfurnished,False,"5bdrm Bungalow in Comcom, Port-Harcourt for sale"
3bdrm Bungalow in Dutse Tipped Said for sale,"Abuja (FCT), Dutse-Alhaji",Dutse-Alhaji,Abuja (FCT),"₦ 40,000,000",600.0,3,4,Semi-Furnished,diamond,3bdrm Bungalow in Dutse Tipped Said for sale
4bdrm House in Idado for sale,"Lekki, Idado",Idado,Lekki,"₦ 280,000,000",500.0,4,4,Semi-Furnished,diamond,4bdrm House in Idado for sale
4bdrm Apartment in Ikeja GRA for sale,"Ikeja, Ikeja GRA",Ikeja GRA,Ikeja,"₦ 445,000,000",250.0,4,4,Semi-Furnished,enterprise,4bdrm Apartment in Ikeja GRA for sale
"3bdrm Bungalow in Lekki Avana Estate, Elerangbe for sale","Ibeju, Elerangbe",Elerangbe,Ibeju,"₦ 76,000,000",300.0,3,3,Semi-Furnished,enterprise,"3bdrm Bungalow in Lekki Avana Estate, Elerangbe for sale"
4bdrm Bungalow in Alaba for sale,"Ojo, Alaba",Alaba,Ojo,"₦ 80,000,000",670.0,4,4,Unfurnished,enterprise,4bdrm Bungalow in Alaba for sale
2bdrm Apartment in Ilaje / Lekki for sale,"Lekki, Ilaje / Lekki",Ilaje / Lekki,Lekki,"₦ 79,000,000",200.0,2,2,Semi-Furnished,enterprise,2bdrm Apartment in Ilaje / Lekki for sale
4bdrm Duplex in Abraham Adesanya Estate for sale,"Ajah, Abraham Adesanya Estate",Abraham Adesanya Estate,Ajah,"₦ 140,000,000",300.0,4,4,Unfurnished,enterprise,4bdrm Duplex in Abraham Adesanya Estate for sale
1bdrm Apartment in Sangotedo for sale,"Ajah, Sangotedo",Sangotedo,Ajah,"₦ 41,000,000",150.0,1,1,Semi-Furnished,enterprise,1bdrm Apartment in Sangotedo for sale
"3bdrm Duplex in Ore Ofe, Akala Express for sale","Ibadan, Akala Express",Akala Express,Ibadan,"₦ 180,000,000",600.0,3,3,Unfurnished,enterprise,"3bdrm Duplex in Ore Ofe, Akala Express for sale"
"Furnished 3bdrm House in River Park Estate, Lugbe District for sale","Abuja (FCT), Lugbe District",Lugbe District,Abuja (FCT),"₦ 150,000,000",100.0,3,3,Furnished,False,"Furnished 3bdrm House in River Park Estate, Lugbe District for sale"
4bdrm Duplex in Abraham Adesanya Estate for sale,"Ajah, Abraham Adesanya Estate",Abraham Adesanya Estate,Ajah,"₦ 140,000,000",250.0,4,4,Semi-Furnished,enterprise,4bdrm Duplex in Abraham Adesanya Estate for sale
1bdrm Apartment in Victoria Island Extension for sale,"Victoria Island, Victoria Island Extension",Victoria Island Extension,Victoria Island,"₦ 100,000,000",500.0,1,1,Semi-Furnished,diamond,1bdrm Apartment in Victoria Island Extension for sale
"4bdrm Duplex in Adeosun Estate., Oluyole for sale","Oyo State, Oluyole",Oluyole,Oyo State,"₦ 350,000,000",256.0,4,5,Semi-Furnished,False,"4bdrm Duplex in Adeosun Estate., Oluyole for sale"
"Furnished 4bdrm Bungalow in Agu-Agba Layout, Awka for sale","Anambra State, Awka",Awka,Anambra State,"₦ 100,000,000",465.0,4,4,Furnished,False,"Furnished 4bdrm Bungalow in Agu-Agba Layout, Awka for sale"
"4bdrm Apartment in Lagos, Eko Atlantic for sale","Lagos State, Eko Atlantic",Eko Atlantic,Lagos State,"₦ 1,680,000,000",178.0,4,5,Semi-Furnished,premium,"4bdrm Apartment in Lagos, Eko Atlantic for sale"
2bdrm Duplex in Sangotedo for sale,"Ajah, Sangotedo",Sangotedo,Ajah,"₦ 70,000,000",200.0,2,2,Semi-Furnished,enterprise,2bdrm Duplex in Sangotedo for sale
6bdrm Duplex in Chevron for sale,"Lekki, Chevron",Chevron,Lekki,"₦ 625,000,000",450.0,6,5,Semi-Furnished,enterprise,6bdrm Duplex in Chevron for sale
2bdrm Apartment in Abijo for sale,"Ibeju, Abijo",Abijo,Ibeju,"₦ 45,000,000",250.0,2,2,Semi-Furnished,enterprise,2bdrm Apartment in Abijo for sale
2bdrm Apartment in Victoria Island Extension for sale,"Victoria Island, Victoria Island Extension",Victoria Island Extension,Victoria Island,"₦ 350,000,000",500.0,2,2,Semi-Furnished,diamond,2bdrm Apartment in Victoria Island Extension for sale
4bdrm Duplex in Jakande for sale,"Lekki, Jakande",Jakande,Lekki,"₦ 150,000,000",250.0,4,4,Semi-Furnished,enterprise,4bdrm Duplex in Jakande for sale
2bdrm Duplex in Abraham Adesanya Estate for sale,"Ajah, Abraham Adesanya Estate",Abraham Adesanya Estate,Ajah,"₦ 96,000,000",200.0,2,2,Semi-Furnished,enterprise,2bdrm Duplex in Abraham Adesanya Estate for sale
"3bdrm Bungalow in Ifesowapo Street, for sale","Ibadan, Akala Express",Akala Express,Ibadan,"₦ 70,000,000",250.0,3,3,Unfurnished,premium,"3bdrm Bungalow in Ifesowapo Street, for sale"
3bdrm Duplex in Abraham Adesanya Estate for sale,"Ajah, Abraham Adesanya Estate",Abraham Adesanya Estate,Ajah,"₦ 76,000,000",250.0,3,3,Semi-Furnished,enterprise,3bdrm Duplex in Abraham Adesanya Estate for sale
4bdrm Duplex in Sangotedo for sale,"Ajah, Sangotedo",Sangotedo,Ajah,"₦ 130,000,000",250.0,4,4,Semi-Furnished,enterprise,4bdrm Duplex in Sangotedo for sale
"4bdrm Duplex in Atlantic Nominee, Abraham Adesanya Estate for sale","Ajah, Abraham Adesanya Estate",Abraham Adesanya Estate,Ajah,"₦ 120,000,000",250.0,4,4,Semi-Furnished,enterprise,"4bdrm Duplex in Atlantic Nominee, Abraham Adesanya Estate for sale"
"Furnished 6bdrm Duplex in Divine Estate, Obio-Akpor for sale","Rivers State, Obio-Akpor",Obio-Akpor,Rivers State,"₦ 110,000,000",646.0,6,6,Furnished,False,"Furnished 6bdrm Duplex in Divine Estate, Obio-Akpor for sale"
4bdrm Duplex in Abraham Adesanya Estate for sale,"Ajah, Abraham Adesanya Estate",Abraham Adesanya Estate,Ajah,"₦ 120,000,000",300.0,4,4,Semi-Furnished,enterprise,4bdrm Duplex in Abraham Adesanya Estate for sale
3bdrm Apartment in Ipaja Road for sale,"Ipaja, Ipaja Road",Ipaja Road,Ipaja,"₦ 82,000,000",200.0,3,3,Semi-Furnished,enterprise,3bdrm Apartment in Ipaja Road for sale
2bdrm Apartment in Lekki Phase 1 for sale,"Lekki, Lekki Phase 1",Lekki Phase 1,Lekki,"₦ 400,000,000",200.0,2,2,Semi-Furnished,enterprise,2bdrm Apartment in Lekki Phase 1 for sale
4bdrm Duplex in Thomas for sale,"Ajah, Thomas Estate",Thomas Estate,Ajah,"₦ 142,000,000",200.0,4,4,Semi-Furnished,enterprise,4bdrm Duplex in Thomas for sale
"4bdrm Duplex in Golden Park Estate, Sangotedo for sale","Ajah, Sangotedo",Sangotedo,Ajah,"₦ 210,000,000",300.0,4,4,Semi-Furnished,enterprise,"4bdrm Duplex in Golden Park Estate, Sangotedo for sale"
3bdrm Apartment in Victoria Island Extension for sale,"Victoria Island, Victoria Island Extension",Victoria Island Extension,Victoria Island,"₦ 450,000,000",500.0,3,3,Semi-Furnished,diamond,3bdrm Apartment in Victoria Island Extension for sale
1bdrm Apartment in Ilaje / Lekki for sale,"Lekki, Ilaje / Lekki",Ilaje / Lekki,Lekki,"₦ 56,000,000",200.0,1,1,Semi-Furnished,enterprise,1bdrm Apartment in Ilaje / Lekki for sale
5bdrm Duplex in Ikota for sale,"Lekki, Ikota",Ikota,Lekki,"₦ 300,000,000",300.0,5,5,Semi-Furnished,enterprise,5bdrm Duplex in Ikota for sale
"Furnished 3bdrm House in Akoda, Osogbo for sale","Osun State, Osogbo",Osogbo,Osun State,"₦ 25,000,000",120.0,3,3,Furnished,False,"Furnished 3bdrm House in Akoda, Osogbo for sale"
"2bdrm Block of Flats in Holy Crap, Ushafa for sale","Bwari, Ushafa",Ushafa,Bwari,"₦ 70,000,000",600.0,2,3,Unfurnished,diamond,"2bdrm Block of Flats in Holy Crap, Ushafa for sale"
"4bdrm Duplex in Beechwood Estate, Bogije for sale","Ibeju, Bogije",Bogije,Ibeju,"₦ 180,000,000",350.0,4,4,Semi-Furnished,enterprise,"4bdrm Duplex in Beechwood Estate, Bogije for sale"
5bdrm Duplex in Ologolo for sale,"Lekki, Ologolo",Ologolo,Lekki,"₦ 600,000,000",350.0,5,6,Semi-Furnished,enterprise,5bdrm Duplex in Ologolo for sale
2bdrm Apartment in Abijo Estate for sale,"Ibeju, Abijo",Abijo,Ibeju,"₦ 45,000,000",200.0,2,2,Semi-Furnished,enterprise,2bdrm Apartment in Abijo Estate for sale
3bdrm Bungalow in Ushafa for sale,"Bwari, Ushafa",Ushafa,Bwari,"₦ 15,000,000",300.0,3,4,Semi-Furnished,diamond,3bdrm Bungalow in Ushafa for sale
5bdrm Duplex in Abraham Adesanya Estate for sale,"Ajah, Abraham Adesanya Estate",Abraham Adesanya Estate,Ajah,"₦ 250,000,000",400.0,5,5,Semi-Furnished,enterprise,5bdrm Duplex in Abraham Adesanya Estate for sale
"8bdrm Mansion in Prime Estate, Port-Harcourt for sale","Rivers State, Port-Harcourt",Port-Harcourt,Rivers State,"₦ 165,000,000",4665.0,8,12,Unfurnished,False,"8bdrm Mansion in Prime Estate, Port-Harcourt for sale"
4bdrm Duplex in Vgc Extension for sale,"Ajah, VGC / Ajah",VGC / Ajah,Ajah,"₦ 150,000,000",300.0,4,4,Semi-Furnished,enterprise,4bdrm Duplex in Vgc Extension for sale
2bdrm Block of Flats in Super City Ushafa for sale,"Bwari, Ushafa",Ushafa,Bwari,"₦ 240,000,000",900.0,2,3,Semi-Furnished,diamond,2bdrm Block of Flats in Super City Ushafa for sale
4bdrm Duplex in Abraham Adesanya Estate for sale,"Ajah, Abraham Adesanya Estate",Abraham Adesanya Estate,Ajah,"₦ 155,000,000",250.0,4,4,Semi-Furnished,enterprise,4bdrm Duplex in Abraham Adesanya Estate for sale
5bdrm Duplex in Osapa london for sale,"Lekki, Osapa london",Osapa london,Lekki,"₦ 600,000,000",350.0,5,5,Semi-Furnished,enterprise,5bdrm Duplex in Osapa london for sale
4bdrm Bungalow in Awoyaya for sale,"Ibeju, Awoyaya",Awoyaya,Ibeju,"₦ 75,000,000",300.0,4,4,Semi-Furnished,enterprise,4bdrm Bungalow in Awoyaya for sale
3bdrm Duplex in Abraham Adesanya Estate for sale,"Ajah, Abraham Adesanya Estate",Abraham Adesanya Estate,Ajah,"₦ 100,000,000",280.0,3,3,Semi-Furnished,enterprise,3bdrm Duplex in Abraham Adesanya Estate for sale
"5bdrm Duplex in Megamound, Lekki for sale","Lagos State, Lekki",Lekki,Lagos State,"₦ 280,000,000",650.0,5,5,Semi-Furnished,enterprise,"5bdrm Duplex in Megamound, Lekki for sale"
Furnished 4bdrm Duplex in Lagelu for sale,"Oyo State, Lagelu",Lagelu,Oyo State,"₦ 60,000,000",600.0,4,5,Furnished,False,Furnished 4bdrm Duplex in Lagelu for sale
4bdrm Duplex in Lekki Garden Phase 2 for sale,"Ajah, Lekki Gardens Estate",Lekki Gardens Estate,Ajah,"₦ 115,000,000",300.0,4,4,Unfurnished,False,4bdrm Duplex in Lekki Garden Phase 2 for sale
"5bdrm Penthouse in Queen Elizabeth, Gwarinpa for sale","Abuja (FCT), Gwarinpa",Gwarinpa,Abuja (FCT),"₦ 200,000,000",600.0,5,6,Semi-Furnished,diamond,"5bdrm Penthouse in Queen Elizabeth, Gwarinpa for sale"
2bdrm Apartment in Abijo for sale,"Ibeju, Abijo",Abijo,Ibeju,"₦ 46,000,000",200.0,2,2,Semi-Furnished,enterprise,2bdrm Apartment in Abijo for sale
5bdrm Duplex in Osapa london for sale,"Lekki, Osapa london",Osapa london,Lekki,"₦ 600,000,000",500.0,5,7,Semi-Furnished,False,5bdrm Duplex in Osapa london for sale
"5bdrm Duplex in Sahara, Lokogoma for sale","Abuja (FCT), Lokogoma",Lokogoma,Abuja (FCT),"₦ 300,000,000",800.0,5,6,Unfurnished,enterprise,"5bdrm Duplex in Sahara, Lokogoma for sale"
"Furnished 6bdrm Block of Flats in Kuola, Oluyole Estate for sale","Ibadan, Oluyole Estate",Oluyole Estate,Ibadan,"₦ 65,000,000",500.0,6,6,Furnished,diamond,"Furnished 6bdrm Block of Flats in Kuola, Oluyole Estate for sale"
3bdrm Bungalow in Abraham Adesanya Estate for sale,"Ajah, Abraham Adesanya Estate",Abraham Adesanya Estate,Ajah,"₦ 112,000,000",250.0,3,3,Semi-Furnished,enterprise,3bdrm Bungalow in Abraham Adesanya Estate for sale
4bdrm Duplex in Jakande for sale,"Lekki, Jakande",Jakande,Lekki,"₦ 380,000,000",300.0,4,4,Semi-Furnished,enterprise,4bdrm Duplex in Jakande for sale
3bdrm Bungalow in Eleko for sale,"Ibeju, Eleko",Eleko,Ibeju,"₦ 85,000,000",310.0,3,4,Semi-Furnished,enterprise,3bdrm Bungalow in Eleko for sale
12bdrm Mansion in Jabi Estate for sale,"Abuja (FCT), Jabi",Jabi,Abuja (FCT),"₦ 2,500,000,000",1100.0,12,12,Semi-Furnished,vip_gold,12bdrm Mansion in Jabi Estate for sale
"5bdrm Duplex in Lekki County, Ikota for sale","Lekki, Ikota",Ikota,Lekki,"₦ 250,000,000",350.0,5,5,Semi-Furnished,enterprise,"5bdrm Duplex in Lekki County, Ikota for sale"
3bdrm Bungalow in Olokonla for sale,"Ajah, Olokonla",Olokonla,Ajah,"₦ 70,000,000",300.0,3,3,Semi-Furnished,enterprise,3bdrm Bungalow in Olokonla for sale
"5bdrm Duplex in Lekki County, Ikota for sale","Lekki, Ikota",Ikota,Lekki,"₦ 680,000,000",500.0,5,5,Semi-Furnished,enterprise,"5bdrm Duplex in Lekki County, Ikota for sale"
5bdrm Duplex in Sangotedo for sale,"Ajah, Sangotedo",Sangotedo,Ajah,"₦ 470,000,000",450.0,5,5,Semi-Furnished,enterprise,5bdrm Duplex in Sangotedo for sale
4bdrm Duplex in Surulere Lagos for sale,"Surulere, Aguda / Surulere",Aguda / Surulere,Surulere,"₦ 420,000,000",150.0,4,5,Semi-Furnished,diamond,4bdrm Duplex in Surulere Lagos for sale
3bdrm Duplex in Ilaje / Lekki for sale,"Lekki, Ilaje / Lekki",Ilaje / Lekki,Lekki,"₦ 105,000,000",250.0,3,3,Semi-Furnished,enterprise,3bdrm Duplex in Ilaje / Lekki for sale
4bdrm Duplex in Victoria Island Extension for sale,"Victoria Island, Victoria Island Extension",Victoria Island Extension,Victoria Island,"₦ 750,000,000",500.0,4,4,Semi-Furnished,diamond,4bdrm Duplex in Victoria Island Extension for sale
"8bdrm Room & Parlour in Tako 3, Ajarah, Badagry / Badagry for sale","Badagry, Badagry / Badagry",Badagry / Badagry,Badagry,"₦ 12,000,000",1350.0,8,2,Unfurnished,False,"8bdrm Room & Parlour in Tako 3, Ajarah, Badagry / Badagry for sale"
"4bdrm House in Beechwood Estate, Bogije for sale","Ibeju, Bogije",Bogije,Ibeju,"₦ 150,000,000",250.0,4,4,Semi-Furnished,enterprise,"4bdrm House in Beechwood Estate, Bogije for sale"
4bdrm Townhouse/Terrace in Ikota for sale,"Lekki, Ikota",Ikota,Lekki,"₦ 130,000,000",100.0,4,4,Semi-Furnished,enterprise,4bdrm Townhouse/Terrace in Ikota for sale
"Furnished 6bdrm Block of Flats in Confidential, Abeokuta North for sale","Ogun State, Abeokuta North",Abeokuta North,Ogun State,"₦ 120,000,000",5000.0,6,4,Furnished,False,"Furnished 6bdrm Block of Flats in Confidential, Abeokuta North for sale"
2bdrm Duplex in Jakande for sale,"Lekki, Jakande",Jakande,Lekki,"₦ 110,000,000",200.0,2,2,Semi-Furnished,enterprise,2bdrm Duplex in Jakande for sale
4bdrm Duplex in Lekki for sale,"Lagos State, Lekki",Lekki,Lagos State,"₦ 140,000,000",310.0,4,4,Semi-Furnished,enterprise,4bdrm Duplex in Lekki for sale
5bdrm Duplex in Osapa london for sale,"Lekki, Osapa london",Osapa london,Lekki,"₦ 1,900,000,000",5000.0,5,5,Semi-Furnished,vip_gold,5bdrm Duplex in Osapa london for sale
"2bdrm Bungalow in Road Trip 3, Dutse-Alhaji for sale","Abuja (FCT), Dutse-Alhaji",Dutse-Alhaji,Abuja (FCT),"₦ 15,000,000",40.0,2,2,Semi-Furnished,diamond,"2bdrm Bungalow in Road Trip 3, Dutse-Alhaji for sale"
5bdrm Duplex in Sangotedo for sale,"Ajah, Sangotedo",Sangotedo,Ajah,"₦ 270,000,000",250.0,5,5,Semi-Furnished,enterprise,5bdrm Duplex in Sangotedo for sale
4bdrm House in Ikota for sale,"Lekki, Ikota",Ikota,Lekki,"₦ 150,000,000",300.0,4,4,Semi-Furnished,enterprise,4bdrm House in Ikota for sale
2bdrm Duplex in Abraham Adesanya Estate for sale,"Ajah, Abraham Adesanya Estate",Abraham Adesanya Estate,Ajah,"₦ 80,000,000",250.0,2,2,Semi-Furnished,enterprise,2bdrm Duplex in Abraham Adesanya Estate for sale
2bdrm Bungalow in Ushafa By Scc for sale,"Bwari, Ushafa",Ushafa,Bwari,"₦ 1,500,000",800.0,2,2,Semi-Furnished,diamond,2bdrm Bungalow in Ushafa By Scc for sale
4bdrm Duplex in Abraham Adesanya Estate for sale,"Ajah, Abraham Adesanya Estate",Abraham Adesanya Estate,Ajah,"₦ 180,000,000",300.0,4,4,Semi-Furnished,enterprise,4bdrm Duplex in Abraham Adesanya Estate for sale
2bdrm Apartment in Victoria Island Extension for sale,"Victoria Island, Victoria Island Extension",Victoria Island Extension,Victoria Island,"₦ 550,000,000",500.0,2,2,Semi-Furnished,diamond,2bdrm Apartment in Victoria Island Extension for sale
Furnished 4bdrm Block of Flats in Oke Omiru Off Osogbo for sale,"Osun State, Ilesa",Ilesa,Osun State,"₦ 20,000,000",900.0,4,4,Furnished,False,Furnished 4bdrm Block of Flats in Oke Omiru Off Osogbo for sale
5bdrm Duplex in Jahi By Gilmore for sale,"Abuja (FCT), Jahi",Jahi,Abuja (FCT),"₦ 320,000,000",1000.0,5,6,Semi-Furnished,diamond,5bdrm Duplex in Jahi By Gilmore for sale
6bdrm Duplex in Lekki Phase 1 for sale,"Lekki, Lekki Phase 1",Lekki Phase 1,Lekki,"₦ 1,400,000,000",500.0,6,6,Semi-Furnished,enterprise,6bdrm Duplex in Lekki Phase 1 for sale
"5bdrm House in Fo1, Kubwa for sale","Abuja (FCT), Kubwa",Kubwa,Abuja (FCT),"₦ 280,000,000",1200.0,5,6,Unfurnished,False,"5bdrm House in Fo1, Kubwa for sale"
Furnished 12bdrm Block of Flats in Ushafa for sale,"Bwari, Ushafa",Ushafa,Bwari,"₦ 150,000,000",700.0,12,16,Furnished,False,Furnished 12bdrm Block of Flats in Ushafa for sale
"4bdrm Bungalow in Olosun, Apata for sale","Ibadan, Apata",Apata,Ibadan,"₦ 10,000,000",300.0,4,5,Semi-Furnished,False,"4bdrm Bungalow in Olosun, Apata for sale"
5bdrm Duplex in Ikeja GRA for sale,"Ikeja, Ikeja GRA",Ikeja GRA,Ikeja,"₦ 1,100,000,000",250.0,5,5,Semi-Furnished,enterprise,5bdrm Duplex in Ikeja GRA for sale
4bdrm Duplex in Sangotedo for sale,"Ajah, Sangotedo",Sangotedo,Ajah,"₦ 150,000,000",300.0,4,4,Semi-Furnished,enterprise,4bdrm Duplex in Sangotedo for sale
1bdrm Duplex in Ikota for sale,"Lekki, Ikota",Ikota,Lekki,"₦ 75,000,000",250.0,1,1,Semi-Furnished,enterprise,1bdrm Duplex in Ikota for sale
"4bdrm Apartment in Oral Estate, Lekki for sale","Lagos State, Lekki",Lekki,Lagos State,"₦ 230,000,000",400.0,4,4,Unfurnished,False,"4bdrm Apartment in Oral Estate, Lekki for sale"
4bdrm Duplex in Lekki for sale,"Lagos State, Lekki",Lekki,Lagos State,"₦ 150,000,000",320.0,4,5,Semi-Furnished,enterprise,4bdrm Duplex in Lekki for sale
4bdrm Duplex in Chevron for sale,"Lekki, Chevron",Chevron,Lekki,"₦ 201,000,000",250.0,4,4,Semi-Furnished,enterprise,4bdrm Duplex in Chevron for sale
"4bdrm Duplex in Atlantic Nominee, Abraham Adesanya Estate for sale","Ajah, Abraham Adesanya Estate",Abraham Adesanya Estate,Ajah,"₦ 120,000,000",250.0,4,4,Semi-Furnished,enterprise,"4bdrm Duplex in Atlantic Nominee, Abraham Adesanya Estate for sale"
3bdrm Apartment in Victoria Island Extension for sale,"Victoria Island, Victoria Island Extension",Victoria Island Extension,Victoria Island,"₦ 750,000,000",500.0,3,3,Semi-Furnished,diamond,3bdrm Apartment in Victoria Island Extension for sale
4bdrm Duplex in Lekki for sale,"Lagos State, Lekki",Lekki,Lagos State,"₦ 150,000,000",310.0,4,4,Semi-Furnished,enterprise,4bdrm Duplex in Lekki for sale
Furnished 1bdrm Bungalow in Abraham Adesanya Estate for sale,"Ajah, Abraham Adesanya Estate",Abraham Adesanya Estate,Ajah,"₦ 35,000,000",36.0,1,1,Furnished,enterprise,Furnished 1bdrm Bungalow in Abraham Adesanya Estate for sale
"4bdrm Duplex in Berger Estate, Alagbado for sale","Ifako-Ijaiye, Alagbado",Alagbado,Ifako-Ijaiye,"₦ 290,000,000",420.0,4,4,Semi-Furnished,vip_gold,"4bdrm Duplex in Berger Estate, Alagbado for sale"
4bdrm Duplex in Ogombo for sale,"Ajah, Ogombo",Ogombo,Ajah,"₦ 160,000,000",250.0,4,4,Semi-Furnished,enterprise,4bdrm Duplex in Ogombo for sale
4bdrm Duplex in Abraham Adesanya Estate for sale,"Ajah, Abraham Adesanya Estate",Abraham Adesanya Estate,Ajah,"₦ 112,000,000",200.0,4,4,Semi-Furnished,enterprise,4bdrm Duplex in Abraham Adesanya Estate for sale
4bdrm Duplex in Sangotedo for sale,"Ajah, Sangotedo",Sangotedo,Ajah,"₦ 172,000,000",250.0,4,4,Semi-Furnished,enterprise,4bdrm Duplex in Sangotedo for sale
3bdrm Duplex in Abraham Adesanya Estate for sale,"Ajah, Abraham Adesanya Estate",Abraham Adesanya Estate,Ajah,"₦ 75,000,000",200.0,3,3,Semi-Furnished,enterprise,3bdrm Duplex in Abraham Adesanya Estate for sale
3bdrm Apartment in Ilaje / Lekki for sale,"Lekki, Ilaje / Lekki",Ilaje / Lekki,Lekki,"₦ 94,000,000",220.0,3,3,Semi-Furnished,enterprise,3bdrm Apartment in Ilaje / Lekki for sale
5bdrm Duplex in Sangotedo for sale,"Ajah, Sangotedo",Sangotedo,Ajah,"₦ 160,000,000",300.0,5,5,Semi-Furnished,enterprise,5bdrm Duplex in Sangotedo for sale
4bdrm Duplex in Sangotedo for sale,"Ajah, Sangotedo",Sangotedo,Ajah,"₦ 150,000,000",250.0,4,4,Semi-Furnished,enterprise,4bdrm Duplex in Sangotedo for sale
Mini Flat in Remo North for sale,"Ogun State, Remo North",Remo North,Ogun State,"₦ 30,000,000",1000.0,8,8,Unfurnished,vip_gold,Mini Flat in Remo North for sale
"3bdrm Bungalow in Ajaofarugbon, Ifo for sale","Ogun State, Ifo",Ifo,Ogun State,"₦ 17,000,000",650.0,3,4,Semi-Furnished,False,"3bdrm Bungalow in Ajaofarugbon, Ifo for sale"
4bdrm Duplex in Victoria Island Extension for sale,"Victoria Island, Victoria Island Extension",Victoria Island Extension,Victoria Island,"₦ 750,000,000",500.0,4,4,Semi-Furnished,diamond,4bdrm Duplex in Victoria Island Extension for sale
"Furnished 4bdrm Duplex in Godab Estate, Life Camp for sale","Gwarinpa, Life Camp",Life Camp,Gwarinpa,"₦ 520,000,000",350.0,4,4,Furnished,premium,"Furnished 4bdrm Duplex in Godab Estate, Life Camp for sale"
"4bdrm Duplex in Kenta Housing Estate, Abeokuta South for sale","Ogun State, Abeokuta South",Abeokuta South,Ogun State,"₦ 150,000,000",600.0,4,4,Semi-Furnished,False,"4bdrm Duplex in Kenta Housing Estate, Abeokuta South for sale"
"4bdrm Duplex in Harmony Estate, Owerri for sale","Imo State, Owerri",Owerri,Imo State,"₦ 245,000,000",350.0,4,4,Semi-Furnished,False,"4bdrm Duplex in Harmony Estate, Owerri for sale"
Furnished 20bdrm Chalet in Owerri for sale,"Imo State, Owerri",Owerri,Imo State,"₦ 350,000,000",2500.0,20,20,Furnished,False,Furnished 20bdrm Chalet in Owerri for sale
4bdrm Duplex in Magodo Gra Phase 1 for sale,"Magodo, GRA Phase 1",GRA Phase 1,Magodo,"₦ 260,000,000",150.0,4,5,Semi-Furnished,diamond,4bdrm Duplex in Magodo Gra Phase 1 for sale
"3bdrm Apartment in Along General, Ikere for sale","Ekiti State, Ikere",Ikere,Ekiti State,"₦ 9,000,000",120.0,3,3,Semi-Furnished,False,"3bdrm Apartment in Along General, Ikere for sale"
5bdrm Bungalow in Obio-Akpor for sale,"Rivers State, Obio-Akpor",Obio-Akpor,Rivers State,"₦ 70,000,000",907.0,5,5,Unfurnished,False,5bdrm Bungalow in Obio-Akpor for sale
Furnished 3bdrm House in Ogba for sale,"Lagos State, Ogba",Ogba,Lagos State,"₦ 140,000,000",360.0,3,3,Furnished,False,Furnished 3bdrm House in Ogba for sale
4bdrm Duplex in Ogba Ikeja Lagos for sale,"Ogba, Ogba GRA",Ogba GRA,Ogba,"₦ 190,000,000",150.0,4,5,Semi-Furnished,diamond,4bdrm Duplex in Ogba Ikeja Lagos for sale
4bdrm Duplex in Oko Oba Agege Lagos for sale,"Agege, Oko-Oba",Oko-Oba,Agege,"₦ 310,000,000",150.0,4,5,Semi-Furnished,diamond,4bdrm Duplex in Oko Oba Agege Lagos for sale
3bdrm Apartment in Kofo Abayomi for sale,"Victoria Island, Kofo Abayomi",Kofo Abayomi,Victoria Island,"₦ 860,000,000",195.0,3,3,Unfurnished,False,3bdrm Apartment in Kofo Abayomi for sale
"5bdrm Duplex in Mshel, Kiami for sale","Lugbe District, Kiami",Kiami,Lugbe District,"₦ 250,000,000",350.0,5,6,Unfurnished,enterprise,"5bdrm Duplex in Mshel, Kiami for sale"
"Furnished 4bdrm Bungalow in Shell Estate, Satellite Town for sale","Amuwo-Odofin, Satellite Town",Satellite Town,Amuwo-Odofin,"₦ 120,000,000",324.0,4,4,Furnished,False,"Furnished 4bdrm Bungalow in Shell Estate, Satellite Town for sale"
3bdrm Apartment in Ikate for sale,"Lekki, Ikate",Ikate,Lekki,"₦ 350,000,000",500.0,3,3,Semi-Furnished,diamond,3bdrm Apartment in Ikate for sale
"4bdrm Duplex in Tulip Haven Estate, Chevron for sale","Lekki, Chevron",Chevron,Lekki,"₦ 250,000,000",350.0,4,4,Semi-Furnished,vip_gold,"4bdrm Duplex in Tulip Haven Estate, Chevron for sale"
3bdrm Duplex in Private Estate for sale,"Ajah, Sangotedo",Sangotedo,Ajah,"₦ 110,000,000",450.0,3,3,Semi-Furnished,diamond,3bdrm Duplex in Private Estate for sale
2bdrm Apartment in Ikate for sale,"Lekki, Ikate",Ikate,Lekki,"₦ 200,000,000",500.0,2,2,Semi-Furnished,diamond,2bdrm Apartment in Ikate for sale
2bdrm Maisonette in Idado for sale,"Lekki, Idado",Idado,Lekki,"₦ 100,000,000",100.0,2,2,Semi-Furnished,enterprise,2bdrm Maisonette in Idado for sale
2bdrm House in Kubwa for sale,"Abuja (FCT), Kubwa",Kubwa,Abuja (FCT),"₦ 11,500,000",200.0,2,2,Semi-Furnished,False,2bdrm House in Kubwa for sale
"5bdrm Duplex in Off Trinity Estate, Satellite Town for sale","Amuwo-Odofin, Satellite Town",Satellite Town,Amuwo-Odofin,"₦ 145,000,000",452.0,5,5,Semi-Furnished,False,"5bdrm Duplex in Off Trinity Estate, Satellite Town for sale"
Furnished 6bdrm Duplex in Satellite Town for sale,"Amuwo-Odofin, Satellite Town",Satellite Town,Amuwo-Odofin,"₦ 250,000,000",470.0,6,6,Furnished,False,Furnished 6bdrm Duplex in Satellite Town for sale
Furnished 10bdrm Duplex in Ajah for sale,"Lagos State, Ajah",Ajah,Lagos State,"₦ 115,000,000",900.0,10,12,Furnished,False,Furnished 10bdrm Duplex in Ajah for sale
"5bdrm Duplex in Maralago Golf Lake, Karsana for sale","Gwagwa, Karsana",Karsana,Gwagwa,"₦ 270,000,000",450.0,5,6,Semi-Furnished,diamond,"5bdrm Duplex in Maralago Golf Lake, Karsana for sale"
3bdrm Apartment in Ikeja Gra Lagos for sale,"Ikeja, Ikeja GRA",Ikeja GRA,Ikeja,"₦ 400,000,000",150.0,3,4,Semi-Furnished,diamond,3bdrm Apartment in Ikeja Gra Lagos for sale
5bdrm Duplex in Ajah for sale,"Ajah, Ado / Ajah",Ado / Ajah,Ajah,"₦ 270,000,000",200.0,5,5,Unfurnished,diamond,5bdrm Duplex in Ajah for sale
"Furnished 3bdrm Bungalow in Satellite, Amuwo-Odofin for sale","Lagos State, Amuwo-Odofin",Amuwo-Odofin,Lagos State,"₦ 100,000,000",320.0,3,3,Furnished,False,"Furnished 3bdrm Bungalow in Satellite, Amuwo-Odofin for sale"
"3bdrm Bungalow in New Nyanya, Karu-Nasarawa for sale","Nasarawa State, Karu-Nasarawa",Karu-Nasarawa,Nasarawa State,"₦ 25,000,000",250.0,3,3,Semi-Furnished,False,"3bdrm Bungalow in New Nyanya, Karu-Nasarawa for sale"
3bdrm Bungalow in Eleko for sale,"Ibeju, Eleko",Eleko,Ibeju,"₦ 22,500,000",300.0,3,4,Unfurnished,enterprise,3bdrm Bungalow in Eleko for sale
Furnished 4bdrm Apartment in Lekki Phase 1 for sale,"Lekki, Lekki Phase 1",Lekki Phase 1,Lekki,"₦ 350,000,000",500.0,4,5,Furnished,enterprise,Furnished 4bdrm Apartment in Lekki Phase 1 for sale
"Furnished 8bdrm House in Star Crown Compound, Badagry for sale","Lagos State, Badagry",Badagry,Lagos State,"₦ 100,000,000",160.0,8,7,Furnished,False,"Furnished 8bdrm House in Star Crown Compound, Badagry for sale"
"Furnished 4bdrm Apartment in Mercy Land Estate, Ibeju for sale","Lagos State, Ibeju",Ibeju,Lagos State,"₦ 170,000,000",400.0,4,4,Furnished,enterprise,"Furnished 4bdrm Apartment in Mercy Land Estate, Ibeju for sale"
"3bdrm Bungalow in Close, Satellite Town for sale","Amuwo-Odofin, Satellite Town",Satellite Town,Amuwo-Odofin,"₦ 105,000,000",256.0,3,4,Semi-Furnished,False,"3bdrm Bungalow in Close, Satellite Town for sale"
"10bdrm Block of Flats in Behind Chevron, Satellite Town for sale","Amuwo-Odofin, Satellite Town",Satellite Town,Amuwo-Odofin,"₦ 128,000,000",420.0,10,8,Unfurnished,False,"10bdrm Block of Flats in Behind Chevron, Satellite Town for sale"
3bdrm Bungalow in Wumba for sale,"Abuja (FCT), Wumba",Wumba,Abuja (FCT),"₦ 75,000,000",,3,4,Semi-Furnished,enterprise,3bdrm Bungalow in Wumba for sale
"Functional 5bedrm Duplex,Secured Estate in Guzape for Sale","Abuja (FCT), Guzape District",Guzape District,Abuja (FCT),"₦ 350,000,000",,5,5,Semi-Furnished,enterprise,"Functional 5bedrm Duplex,Secured Estate in Guzape for Sale"
"4bdrm Bungalow in Satellite Town, Amuwo-Odofin for sale","Lagos State, Amuwo-Odofin",Amuwo-Odofin,Lagos State,"₦ 105,000,000",235.0,4,3,Semi-Furnished,False,"4bdrm Bungalow in Satellite Town, Amuwo-Odofin for sale"
"Furnished 3bdrm Bungalow in Estate Close, Satellite Town for sale","Amuwo-Odofin, Satellite Town",Satellite Town,Amuwo-Odofin,"₦ 85,000,000",283.0,3,3,Furnished,False,"Furnished 3bdrm Bungalow in Estate Close, Satellite Town for sale"
"10bdrm Bungalow in Beautiful Close, Abesan for sale","Ipaja, Abesan",Abesan,Ipaja,"₦ 150,000,000",1000.0,10,5,Unfurnished,enterprise,"10bdrm Bungalow in Beautiful Close, Abesan for sale"
4bdrm Duplex in Dape for sale,"Gwarinpa, Dape",Dape,Gwarinpa,"₦ 460,000,000",920.0,4,5,Unfurnished,enterprise,4bdrm Duplex in Dape for sale
5bdrm Duplex in Jahi for sale,"Abuja (FCT), Jahi",Jahi,Abuja (FCT),"₦ 200,000,000",1000.0,5,5,Unfurnished,enterprise,5bdrm Duplex in Jahi for sale
2bdrm Bungalow in Eleko for sale,"Ibeju, Eleko",Eleko,Ibeju,"₦ 4,500,000",150.0,2,1,Unfurnished,enterprise,2bdrm Bungalow in Eleko for sale
5bdrm Duplex in Dawaki News for sale,"Gwarinpa, Dawaki",Dawaki,Gwarinpa,"₦ 80,000,000",500.0,5,5,Unfurnished,enterprise,5bdrm Duplex in Dawaki News for sale
"3bdrm Bungalow in Spring Meadow, Apo Resettlement for sale","Apo District, Apo Resettlement",Apo Resettlement,Apo District,"₦ 115,000,000",650.0,3,4,Unfurnished,enterprise,"3bdrm Bungalow in Spring Meadow, Apo Resettlement for sale"
"3bdrm Bungalow in Uroho, Sapele Road, Benin City for sale","Edo State, Benin City",Benin City,Edo State,"₦ 37,000,000",1150.0,3,3,Unfurnished,premium,"3bdrm Bungalow in Uroho, Sapele Road, Benin City for sale"
6bdrm Maisonette in Navy Estate Karshi for Sale,"Abuja (FCT), Karshi",Karshi,Abuja (FCT),"₦ 150,000,000",1400.0,6,5,Semi-Furnished,enterprise,6bdrm Maisonette in Navy Estate Karshi for Sale
"6bdrm Block of Flats in Not Far From Oba, Ikeja for sale","Lagos State, Ikeja",Ikeja,Lagos State,"₦ 400,000,000",600.0,6,6,Unfurnished,enterprise,"6bdrm Block of Flats in Not Far From Oba, Ikeja for sale"
4bdrm Duplex in Kado for sale,"Abuja (FCT), Kado",Kado,Abuja (FCT),"₦ 230,000,000",1900.0,4,4,Semi-Furnished,enterprise,4bdrm Duplex in Kado for sale
"5bdrm Duplex in Mini Estate, Katampe Extension for sale","Katampe, Katampe Extension",Katampe Extension,Katampe,"₦ 250,000,000",1000.0,5,5,Semi-Furnished,enterprise,"5bdrm Duplex in Mini Estate, Katampe Extension for sale"
"4bdrm Duplex in Kayfarm Estate, Ifako-Ogba for sale","Ogba, Ifako-Ogba",Ifako-Ogba,Ogba,"₦ 255,000,000",450.0,4,4,Unfurnished,enterprise,"4bdrm Duplex in Kayfarm Estate, Ifako-Ogba for sale"
3bdrm Block of Flats in Jahi By Gilmor for sale,"Abuja (FCT), Jahi",Jahi,Abuja (FCT),"₦ 620,000,000",1000.0,3,3,Unfurnished,enterprise,3bdrm Block of Flats in Jahi By Gilmor for sale
Furnished 3bdrm Bungalow in Gudu for sale,"Abuja (FCT), Gudu",Gudu,Abuja (FCT),"₦ 280,000,000",700.0,3,3,Furnished,enterprise,Furnished 3bdrm Bungalow in Gudu for sale
"4bdrm Duplex in Nureni Yusuf Estate, Abule Egba for sale","Lagos State, Abule Egba",Abule Egba,Lagos State,"₦ 170,000,000",300.0,4,4,Semi-Furnished,enterprise,"4bdrm Duplex in Nureni Yusuf Estate, Abule Egba for sale"
3bdrm Block of Flats in Brains And Hammers for sale,"Gwarinpa, Life Camp",Life Camp,Gwarinpa,"₦ 60,000,000",300.0,3,4,Unfurnished,enterprise,3bdrm Block of Flats in Brains And Hammers for sale
3bdrm Apartment in Jahi Gilmor for sale,"Abuja (FCT), Jahi",Jahi,Abuja (FCT),"₦ 140,000,000",1500.0,3,4,Semi-Furnished,enterprise,3bdrm Apartment in Jahi Gilmor for sale
3bdrm Apartment in Jahi for sale,"Abuja (FCT), Jahi",Jahi,Abuja (FCT),"₦ 100,000,000",750.0,3,3,Semi-Furnished,vip,3bdrm Apartment in Jahi for sale
"2bdrm Block of Flats in Cpc Community, Dawaki for sale","Gwarinpa, Dawaki",Dawaki,Gwarinpa,"₦ 350,000,000",550.0,2,2,Semi-Furnished,enterprise,"2bdrm Block of Flats in Cpc Community, Dawaki for sale"
2bdrm Apartment in Alkab Luxury for sale,"Gwarinpa, Life Camp",Life Camp,Gwarinpa,"₦ 100,000,000",300.0,2,3,Semi-Furnished,enterprise,2bdrm Apartment in Alkab Luxury for sale
"Furnished 4bdrm Apartment in Victoria Crest 2, Chevron for sale","Lekki, Chevron",Chevron,Lekki,"₦ 240,000,000",300.0,4,5,Furnished,enterprise,"Furnished 4bdrm Apartment in Victoria Crest 2, Chevron for sale"
"3bdrm Block of Flats in Moke Oyeladun Estate, Oko-Oba for sale","Agege, Oko-Oba",Oko-Oba,Agege,"₦ 170,000,000",750.0,3,3,Unfurnished,enterprise,"3bdrm Block of Flats in Moke Oyeladun Estate, Oko-Oba for sale"
4bdrm Bungalow in Ikorodu for sale,"Lagos State, Ikorodu",Ikorodu,Lagos State,"₦ 48,000,000",60.0,4,4,Semi-Furnished,False,4bdrm Bungalow in Ikorodu for sale
Furnished 4bdrm Apartment in Lekki Phase 2 for sale,"Lekki, Lekki Phase 2",Lekki Phase 2,Lekki,"₦ 340,000,000",400.0,4,4,Furnished,enterprise,Furnished 4bdrm Apartment in Lekki Phase 2 for sale
Furnished 3bdrm House in Ado-Odo/Ota for sale,"Ogun State, Ado-Odo/Ota",Ado-Odo/Ota,Ogun State,"₦ 47,000,000",1200.0,3,4,Furnished,False,Furnished 3bdrm House in Ado-Odo/Ota for sale
"5bdrm Duplex in Hart Court, Jahi for sale","Abuja (FCT), Jahi",Jahi,Abuja (FCT),"₦ 850,000,000",250.0,5,5,Unfurnished,basic,"5bdrm Duplex in Hart Court, Jahi for sale"
"2bdrm House in 2 Bedroom Flat., Etche for sale","Rivers State, Etche",Etche,Rivers State,"₦ 15,000,000",450.0,2,3,Unfurnished,False,"2bdrm House in 2 Bedroom Flat., Etche for sale"
"Furnished 8bdrm Maisonette in Off Unity Estate, Satellite Town for sale","Amuwo-Odofin, Satellite Town",Satellite Town,Amuwo-Odofin,"₦ 250,000,000",625.0,8,8,Furnished,False,"Furnished 8bdrm Maisonette in Off Unity Estate, Satellite Town for sale"
4bdrm Duplex in Galadimawa for sale,"Abuja (FCT), Galadimawa",Galadimawa,Abuja (FCT),"₦ 350,000,000",500.0,4,4,Unfurnished,enterprise,4bdrm Duplex in Galadimawa for sale
2bdrm Apartment in Lekki Chevron Toll for sale,"Lekki, Chevron",Chevron,Lekki,"₦ 95,000,000",1000.0,2,2,Semi-Furnished,enterprise,2bdrm Apartment in Lekki Chevron Toll for sale
2bdrm House in Epe for sale,"Lagos State, Epe",Epe,Lagos State,"₦ 40,000,000",200.0,2,3,Unfurnished,enterprise,2bdrm House in Epe for sale
"Furnished 2bdrm Bungalow in Golden Palace Estate, Epe for sale","Epe, Epe",Epe,Epe,"₦ 30,000,000",500.0,2,3,Furnished,False,"Furnished 2bdrm Bungalow in Golden Palace Estate, Epe for sale"
"Furnished 3bdrm Bungalow in Badagry, Satellite Town for sale","Amuwo-Odofin, Satellite Town",Satellite Town,Amuwo-Odofin,"₦ 90,000,000",372.0,3,3,Furnished,False,"Furnished 3bdrm Bungalow in Badagry, Satellite Town for sale"
4bdrm Duplex in Dawaki for sale,"Gwarinpa, Dawaki",Dawaki,Gwarinpa,"₦ 280,000,000",1900.0,4,4,Semi-Furnished,enterprise,4bdrm Duplex in Dawaki for sale
"Furnished 3bdrm Bungalow in Satellite Town, Amuwo-Odofin for sale","Lagos State, Amuwo-Odofin",Amuwo-Odofin,Lagos State,"₦ 140,000,000",352.0,3,3,Furnished,False,"Furnished 3bdrm Bungalow in Satellite Town, Amuwo-Odofin for sale"
5bdrm Duplex in Lekki Ajah for sale,"Ajah, VGC / Ajah",VGC / Ajah,Ajah,"₦ 280,000,000",800.0,5,5,Semi-Furnished,basic,5bdrm Duplex in Lekki Ajah for sale
"Furnished 4bdrm Duplex in Country Mews Court, Ibeju for sale","Lagos State, Ibeju",Ibeju,Lagos State,"₦ 110,000,000",1296.0,4,4,Furnished,enterprise,"Furnished 4bdrm Duplex in Country Mews Court, Ibeju for sale"
2bdrm Apartment in Lekki for sale,"Lagos State, Lekki",Lekki,Lagos State,"₦ 100,000,000",600.0,2,3,Semi-Furnished,enterprise,2bdrm Apartment in Lekki for sale
"8bdrm Duplex in Jibowu Estate, Abule Egba for sale","Lagos State, Abule Egba",Abule Egba,Lagos State,"₦ 250,000,000",400.0,8,8,Unfurnished,enterprise,"8bdrm Duplex in Jibowu Estate, Abule Egba for sale"
Furnished 1bdrm Apartment in Brains And Hammers for sale,"Gwarinpa, Life Camp",Life Camp,Gwarinpa,"₦ 38,000,000",250.0,1,1,Furnished,enterprise,Furnished 1bdrm Apartment in Brains And Hammers for sale
"2bdrm Apartment in Haven Pennisula, Abijo for sale","Ibeju, Abijo",Abijo,Ibeju,"₦ 70,000,000",600.0,2,4,Semi-Furnished,enterprise,"2bdrm Apartment in Haven Pennisula, Abijo for sale"
2bdrm Apartment in Ikate for sale,"Lekki, Ikate",Ikate,Lekki,"₦ 220,000,000",600.0,2,2,Semi-Furnished,False,2bdrm Apartment in Ikate for sale
4bdrm House in Benin City for sale,"Edo State, Benin City",Benin City,Edo State,"₦ 100,000,000",4539.0,4,3,Semi-Furnished,False,4bdrm House in Benin City for sale
4bdrm Apartment in Ibeju for sale,"Lagos State, Ibeju",Ibeju,Lagos State,"₦ 115,000,000",520.0,4,4,Semi-Furnished,enterprise,4bdrm Apartment in Ibeju for sale
"5bdrm Bungalow in Siratil Mustaqim, Ajah for sale","Lagos State, Ajah",Ajah,Lagos State,"₦ 120,000,000",648.0,5,5,Unfurnished,enterprise,"5bdrm Bungalow in Siratil Mustaqim, Ajah for sale"
9bdrm Duplex in Asokoro for sale,"Abuja (FCT), Asokoro",Asokoro,Abuja (FCT),"₦ 1,500,000,000",1500.0,9,5,Semi-Furnished,enterprise,9bdrm Duplex in Asokoro for sale
4bdrm Apartment in Ajah for sale,"Lagos State, Ajah",Ajah,Lagos State,"₦ 140,000,000",300.0,4,5,Semi-Furnished,enterprise,4bdrm Apartment in Ajah for sale
Furnished 5bdrm Apartment in Ikoyi for sale,"Lagos State, Ikoyi",Ikoyi,Lagos State,"₦ 5,700,000,000",500.0,5,6,Furnished,enterprise,Furnished 5bdrm Apartment in Ikoyi for sale
"Furnished 4bdrm Apartment in Bother Court Estate, Ibeju for sale","Lagos State, Ibeju",Ibeju,Lagos State,"₦ 130,000,000",400.0,4,4,Furnished,enterprise,"Furnished 4bdrm Apartment in Bother Court Estate, Ibeju for sale"
4bdrm Bungalow in Adio Street Ile Ife for sale,"Osun State, Ife",Ife,Osun State,"₦ 45,000,000",4200.0,4,4,Semi-Furnished,False,4bdrm Bungalow in Adio Street Ile Ife for sale
Furnished 4bdrm Duplex in Magodo Phase1 for sale,"Magodo, GRA Phase 1",GRA Phase 1,Magodo,"₦ 177,500,000",220.0,4,4,Furnished,enterprise,Furnished 4bdrm Duplex in Magodo Phase1 for sale
"4bdrm Duplex in Suco Estate, Oko-Oba for sale","Agege, Oko-Oba",Oko-Oba,Agege,"₦ 195,000,000",250.0,4,4,Unfurnished,enterprise,"4bdrm Duplex in Suco Estate, Oko-Oba for sale"
"3bdrm Duplex in Kabusa Garden,Abuja, Galadimawa for sale","Abuja (FCT), Galadimawa",Galadimawa,Abuja (FCT),"₦ 150,000,000",350.0,3,4,Semi-Furnished,enterprise,"3bdrm Duplex in Kabusa Garden,Abuja, Galadimawa for sale"
"5bdrm Duplex in Police Service, Idu for sale","Jiwa, Idu",Idu,Jiwa,"₦ 120,000,000",1200.0,5,5,Unfurnished,enterprise,"5bdrm Duplex in Police Service, Idu for sale"
5bdrm Duplex in Guzape for sale,"Abuja (FCT), Guzape District",Guzape District,Abuja (FCT),"₦ 750,000,000",1000.0,5,5,Semi-Furnished,enterprise,5bdrm Duplex in Guzape for sale
"8bdrm Block of Flats in Bola Oyewo, Ifako-Ogba for sale","Ogba, Ifako-Ogba",Ifako-Ogba,Ogba,"₦ 200,000,000",650.0,8,8,Unfurnished,enterprise,"8bdrm Block of Flats in Bola Oyewo, Ifako-Ogba for sale"
"4bdrm Block of Flats in Off Akinte Street, Ifako-Ogba for sale","Ogba, Ifako-Ogba",Ifako-Ogba,Ogba,"₦ 90,000,000",334.0,4,4,Unfurnished,enterprise,"4bdrm Block of Flats in Off Akinte Street, Ifako-Ogba for sale"
"Furnished 5bdrm Duplex in Ana-Rock City Estate, Lugbe District for sale","Abuja (FCT), Lugbe District",Lugbe District,Abuja (FCT),"₦ 185,000,000",750.0,5,6,Furnished,enterprise,"Furnished 5bdrm Duplex in Ana-Rock City Estate, Lugbe District for sale"
Furnished 6bdrm Duplex in Chevron for sale,"Lekki, Chevron",Chevron,Lekki,"₦ 700,000,000",600.0,6,6,Furnished,False,Furnished 6bdrm Duplex in Chevron for sale
2bdrm Apartment in Bogije for sale,"Ibeju, Bogije",Bogije,Ibeju,"₦ 125,000,000",400.0,2,3,Unfurnished,enterprise,2bdrm Apartment in Bogije for sale
"Furnished 4bdrm Duplex in Graceville Estate, Ajah for sale","Lagos State, Ajah",Ajah,Lagos State,"₦ 70,000,000",500.0,4,4,Furnished,False,"Furnished 4bdrm Duplex in Graceville Estate, Ajah for sale"
"4bdrm Duplex in Victory Park Estate, Osapa london for sale","Lekki, Osapa london",Osapa london,Lekki,"₦ 530,000,000",350.0,4,4,Unfurnished,enterprise,"4bdrm Duplex in Victory Park Estate, Osapa london for sale"
"3bdrm Apartment in Crystal Apartments, Kado for sale","Abuja (FCT), Kado",Kado,Abuja (FCT),"₦ 140,000,000",2000.0,3,4,Semi-Furnished,enterprise,"3bdrm Apartment in Crystal Apartments, Kado for sale"
6bdrm Duplex in Guzape for sale,"Abuja (FCT), Guzape District",Guzape District,Abuja (FCT),"₦ 1,200,000,000",1500.0,6,5,Semi-Furnished,enterprise,6bdrm Duplex in Guzape for sale
4bdrm Duplex in Katampe Extension for Sale,"Katampe, Katampe Extension",Katampe Extension,Katampe,"₦ 1,500,000,000",2500.0,4,5,Semi-Furnished,enterprise,4bdrm Duplex in Katampe Extension for Sale
Furnished 4bdrm Duplex in Ifako-Gbagada for sale,"Gbagada, Ifako-Gbagada",Ifako-Gbagada,Gbagada,"₦ 250,000,000",300.0,4,5,Furnished,basic,Furnished 4bdrm Duplex in Ifako-Gbagada for sale
4bdrm Duplex in Apo Legislative Qtrs for sale,"Abuja (FCT), Apo District",Apo District,Abuja (FCT),"₦ 1,800,000,000",1300.0,4,4,Unfurnished,enterprise,4bdrm Duplex in Apo Legislative Qtrs for sale
2bdrm Apartment in Ikota for sale,"Lekki, Ikota",Ikota,Lekki,"₦ 75,000,000",500.0,2,2,Semi-Furnished,basic,2bdrm Apartment in Ikota for sale
2bdrm House in Eleko for sale,"Ibeju, Eleko",Eleko,Ibeju,"₦ 10,000,000",150.0,2,2,Unfurnished,enterprise,2bdrm House in Eleko for sale
4bdrm Apartment in Ajah for sale,"Lagos State, Ajah",Ajah,Lagos State,"₦ 150,000,000",400.0,4,4,Semi-Furnished,enterprise,4bdrm Apartment in Ajah for sale
4bdrm Apartment in Ilaje for sale,"Ondo State, Ilaje",Ilaje,Ondo State,"₦ 180,000,000",400.0,4,5,Unfurnished,enterprise,4bdrm Apartment in Ilaje for sale
"3bdrm Block of Flats in Off 69 Road, Gwarinpa for sale","Abuja (FCT), Gwarinpa",Gwarinpa,Abuja (FCT),"₦ 330,000,000",1000.0,3,4,Semi-Furnished,enterprise,"3bdrm Block of Flats in Off 69 Road, Gwarinpa for sale"
"3bdrm Apartment in Magodo Brooks, GRA Phase 2 Shangisha for sale","Magodo, GRA Phase 2 Shangisha",GRA Phase 2 Shangisha,Magodo,"₦ 290,000,000",85.0,3,3,Semi-Furnished,False,"3bdrm Apartment in Magodo Brooks, GRA Phase 2 Shangisha for sale"
"2bdrm Block of Flats in Brains And Hammers, Life Camp for sale","Gwarinpa, Life Camp",Life Camp,Gwarinpa,"₦ 70,000,000",1000.0,2,2,Unfurnished,enterprise,"2bdrm Block of Flats in Brains And Hammers, Life Camp for sale"
3bdrm Apartment in Jahi Gmor for sale,"Abuja (FCT), Jahi",Jahi,Abuja (FCT),"₦ 500,000,000",1000.0,3,4,Unfurnished,enterprise,3bdrm Apartment in Jahi Gmor for sale
"3bdrm Block of Flats in Villa Estate Layout, Enugu for sale","Enugu State, Enugu",Enugu,Enugu State,"₦ 150,000,000",900.0,3,3,Unfurnished,premium,"3bdrm Block of Flats in Villa Estate Layout, Enugu for sale"
4bdrm Duplex in Jahi for sale,"Abuja (FCT), Jahi",Jahi,Abuja (FCT),"₦ 125,000,000",500.0,4,5,Unfurnished,enterprise,4bdrm Duplex in Jahi for sale
Semi Detached Duplex,"Katampe, Katampe Extension",Katampe Extension,Katampe,"₦ 650,000,000",,4,5,Furnished,enterprise,Semi Detached Duplex
2bdrm Block of Flats in Dawaki By News for sale,"Gwarinpa, Dawaki",Dawaki,Gwarinpa,"₦ 220,000,000",1000.0,2,2,Unfurnished,enterprise,2bdrm Block of Flats in Dawaki By News for sale
"Furnished 4bdrm Duplex in Super-Cell, Lokogoma for sale","Abuja (FCT), Lokogoma",Lokogoma,Abuja (FCT),"₦ 265,000,000",720.0,4,5,Furnished,enterprise,"Furnished 4bdrm Duplex in Super-Cell, Lokogoma for sale"
"5bdrm Duplex in Shelter Afrique, Uyo for sale","Akwa Ibom State, Uyo",Uyo,Akwa Ibom State,"₦ 500,000,000",1200.0,5,6,Semi-Furnished,diamond,"5bdrm Duplex in Shelter Afrique, Uyo for sale"
Furnished 4bdrm Duplex in Gbagada for sale,"Lagos State, Gbagada",Gbagada,Lagos State,"₦ 330,000,000",300.0,4,4,Furnished,basic,Furnished 4bdrm Duplex in Gbagada for sale
6bdrm Duplex in Ipaja / Ipaja for sale,"Ipaja, Ipaja / Ipaja",Ipaja / Ipaja,Ipaja,"₦ 130,000,000",600.0,6,6,Unfurnished,enterprise,6bdrm Duplex in Ipaja / Ipaja for sale
"6bdrm Duplex in Unity Estate, Egbeda for sale","Alimosho, Egbeda",Egbeda,Alimosho,"₦ 200,000,000",600.0,6,6,Semi-Furnished,enterprise,"6bdrm Duplex in Unity Estate, Egbeda for sale"
"6bdrm Duplex in Rumuokwachi, Port-Harcourt for sale","Rivers State, Port-Harcourt",Port-Harcourt,Rivers State,"₦ 320,000,000",500.0,6,6,Semi-Furnished,False,"6bdrm Duplex in Rumuokwachi, Port-Harcourt for sale"
5bdrm Maisonette in Omole Phase1 for sale,"Ikeja, Omole Phase 1",Omole Phase 1,Ikeja,"₦ 700,000,000",420.0,5,6,Semi-Furnished,enterprise,5bdrm Maisonette in Omole Phase1 for sale
"5bdrm Duplex in Amazing Grace, New Oko Oba for sale","Agege, New Oko Oba",New Oko Oba,Agege,"₦ 270,000,000",300.0,5,5,Unfurnished,enterprise,"5bdrm Duplex in Amazing Grace, New Oko Oba for sale"
3bdrm Block of Flats in Katampe Extension for sale,"Katampe, Katampe Extension",Katampe Extension,Katampe,"₦ 200,000,000",150.0,3,3,Unfurnished,enterprise,3bdrm Block of Flats in Katampe Extension for sale
5bdrm Duplex in Ayobo Ipaja for sale,"Ipaja, Ayobo",Ayobo,Ipaja,"₦ 120,000,000",600.0,5,5,Semi-Furnished,enterprise,5bdrm Duplex in Ayobo Ipaja for sale
"3bdrm Bungalow in Estate In Mowe Axis, Shimawa for sale","Sagamu, Shimawa",Shimawa,Sagamu,"₦ 65,000,000",300.0,3,3,Unfurnished,enterprise,"3bdrm Bungalow in Estate In Mowe Axis, Shimawa for sale"
"4bdrm Duplex in Orchid Estate, Lekki Phase 1 for sale","Lekki, Lekki Phase 1",Lekki Phase 1,Lekki,"₦ 145,000,000",600.0,4,4,Unfurnished,enterprise,"4bdrm Duplex in Orchid Estate, Lekki Phase 1 for sale"
3bdrm Apartment in Katampe Extension for sale,"Katampe, Katampe Extension",Katampe Extension,Katampe,"₦ 120,000,000",2000.0,3,4,Semi-Furnished,enterprise,3bdrm Apartment in Katampe Extension for sale
3bdrm Apartment in Jahi for sale,"Abuja (FCT), Jahi",Jahi,Abuja (FCT),"₦ 120,000,000",1500.0,3,4,Semi-Furnished,enterprise,3bdrm Apartment in Jahi for sale
6bdrm Duplex in Ikeja for sale,"Ikeja, Ikeja GRA",Ikeja GRA,Ikeja,"₦ 1,200,000,000",600.0,6,6,Unfurnished,enterprise,6bdrm Duplex in Ikeja for sale
4bdrm Duplex in Adeniyi Estate for sale,"Maryland, LSDPC Maryland Estate",LSDPC Maryland Estate,Maryland,"₦ 450,000,000",500.0,4,4,Unfurnished,enterprise,4bdrm Duplex in Adeniyi Estate for sale
4bdrm Duplex in Guzape District for sale,"Abuja (FCT), Guzape District",Guzape District,Abuja (FCT),"₦ 400,000,000",300.0,4,5,Unfurnished,vip,4bdrm Duplex in Guzape District for sale
"4bdrm Duplex in Lapidot Estate, Kubwa for sale","Abuja (FCT), Kubwa",Kubwa,Abuja (FCT),"₦ 210,000,000",650.0,4,4,Unfurnished,False,"4bdrm Duplex in Lapidot Estate, Kubwa for sale"
4bdrm House in Old Ikoyi for sale,"Ikoyi, Old Ikoyi",Old Ikoyi,Ikoyi,"₦ 950,000,000",400.0,4,4,Unfurnished,False,4bdrm House in Old Ikoyi for sale
3bdrm Block of Flats in Benin City for sale,"Edo State, Benin City",Benin City,Edo State,"₦ 70,000,000",1000.0,3,3,Unfurnished,diamond,3bdrm Block of Flats in Benin City for sale
5bdrm Duplex in Ikotun / Ikotun/Igando for sale,"Ikotun/Igando, Ikotun / Ikotun/Igando",Ikotun / Ikotun/Igando,Ikotun/Igando,"₦ 150,000,000",600.0,5,5,Unfurnished,enterprise,5bdrm Duplex in Ikotun / Ikotun/Igando for sale
"3bdrm Duplex in Off Ogombo Road, Lekki Free Trade Zone for sale","Lekki, Lekki Free Trade Zone",Lekki Free Trade Zone,Lekki,"₦ 156,000,000",150.0,3,3,Unfurnished,False,"3bdrm Duplex in Off Ogombo Road, Lekki Free Trade Zone for sale"
3bdrm Duplex in Chevron for sale,"Lekki, Chevron",Chevron,Lekki,"₦ 180,000,000",150.0,3,3,Unfurnished,False,3bdrm Duplex in Chevron for sale
"4bdrm Townhouse/Terrace in In An Estate, Maitama for sale","Abuja (FCT), Maitama",Maitama,Abuja (FCT),"₦ 650,000,000",500.0,4,5,Unfurnished,vip,"4bdrm Townhouse/Terrace in In An Estate, Maitama for sale"
4bdrm Duplex in Lekki Phase 2 for sale,"Lekki, Lekki Phase 2",Lekki Phase 2,Lekki,"₦ 140,000,000",900.0,4,4,Unfurnished,enterprise,4bdrm Duplex in Lekki Phase 2 for sale
4bdrm Duplex in Benin City for sale,"Edo State, Benin City",Benin City,Edo State,"₦ 20,000,000",450.0,4,4,Unfurnished,diamond,4bdrm Duplex in Benin City for sale
4bdrm Duplex in Adeniyi Jones Axis for sale,"Ikeja, Adeniyi Jones",Adeniyi Jones,Ikeja,"₦ 430,000,000",400.0,4,4,Unfurnished,enterprise,4bdrm Duplex in Adeniyi Jones Axis for sale
"Furnished 4bdrm Duplex in Royal Castle, Cement for sale","Agege, Cement",Cement,Agege,"₦ 260,000,000",300.0,4,4,Furnished,enterprise,"Furnished 4bdrm Duplex in Royal Castle, Cement for sale"
"3bdrm Apartment in Oniru, Victoria Island Extension for sale","Victoria Island, Victoria Island Extension",Victoria Island Extension,Victoria Island,"₦ 240,000,000",100.0,3,3,Unfurnished,enterprise,"3bdrm Apartment in Oniru, Victoria Island Extension for sale"
"5bdrm Duplex in Secured Area, Ikeja GRA for sale","Ikeja, Ikeja GRA",Ikeja GRA,Ikeja,"₦ 1,450,000,000",400.0,5,5,Semi-Furnished,enterprise,"5bdrm Duplex in Secured Area, Ikeja GRA for sale"
6bdrm Block of Flats in Silver Estate Idimu for sale,"Egbe/Idimu, Idimu",Idimu,Egbe/Idimu,"₦ 180,000,000",650.0,6,3,Semi-Furnished,enterprise,6bdrm Block of Flats in Silver Estate Idimu for sale
"8bdrm Block of Flats in Peace Estate, Baruwa for sale","Ipaja, Baruwa",Baruwa,Ipaja,"₦ 165,000,000",600.0,8,8,Unfurnished,enterprise,"8bdrm Block of Flats in Peace Estate, Baruwa for sale"
4bdrm Duplex in Chevron for sale,"Lekki, Chevron",Chevron,Lekki,"₦ 300,000,000",200.0,4,4,Unfurnished,False,4bdrm Duplex in Chevron for sale
4bdrm Duplex in Ajah for sale,"Ajah, Ado / Ajah",Ado / Ajah,Ajah,"₦ 210,000,000",200.0,4,4,Unfurnished,diamond,4bdrm Duplex in Ajah for sale
3bdrm Bungalow in Benin City for sale,"Edo State, Benin City",Benin City,Edo State,"₦ 100,000,000",450.0,3,3,Unfurnished,diamond,3bdrm Bungalow in Benin City for sale
"4bdrm Duplex in Westend Estate, Ikota for sale","Lekki, Ikota",Ikota,Lekki,"₦ 120,000,000",250.0,4,4,Unfurnished,False,"4bdrm Duplex in Westend Estate, Ikota for sale"
3bdrm Block of Flats in Ayobo for sale,"Ipaja, Ayobo",Ayobo,Ipaja,"₦ 50,000,000",600.0,3,3,Unfurnished,enterprise,3bdrm Block of Flats in Ayobo for sale
3bdrm Apartment in Lekki Phase 1 for sale,"Lekki, Lekki Phase 1",Lekki Phase 1,Lekki,"₦ 420,000,000",150.0,3,3,Unfurnished,False,3bdrm Apartment in Lekki Phase 1 for sale
12bdrm Block of Flats in Benin City for sale,"Edo State, Benin City",Benin City,Edo State,"₦ 42,000,000",900.0,12,8,Unfurnished,diamond,12bdrm Block of Flats in Benin City for sale
"4bdrm Duplex in Ajah, Abraham Adesanya Estate for sale","Ajah, Abraham Adesanya Estate",Abraham Adesanya Estate,Ajah,"₦ 170,000,000",300.0,4,4,Unfurnished,False,"4bdrm Duplex in Ajah, Abraham Adesanya Estate for sale"
4bdrm Bungalow in Ado Otta for sale,"Ogun State, Ado-Odo/Ota",Ado-Odo/Ota,Ogun State,"₦ 17,000,000",900.0,4,4,Unfurnished,enterprise,4bdrm Bungalow in Ado Otta for sale
"3bdrm Block of Flats in Governors Road, Egbeda / Egbeda for sale","Egbeda, Egbeda / Egbeda",Egbeda / Egbeda,Egbeda,"₦ 110,000,000",650.0,3,3,Semi-Furnished,enterprise,"3bdrm Block of Flats in Governors Road, Egbeda / Egbeda for sale"
6bdrm Duplex in Mini Estate In Omole for sale,"Ikeja, Omole Phase 1",Omole Phase 1,Ikeja,"₦ 750,000,000",500.0,6,6,Unfurnished,enterprise,6bdrm Duplex in Mini Estate In Omole for sale
"4bdrm Duplex in Ogun State, Abeokuta South for sale","Ogun State, Abeokuta South",Abeokuta South,Ogun State,"₦ 140,000,000",450.0,4,4,Unfurnished,enterprise,"4bdrm Duplex in Ogun State, Abeokuta South for sale"
"4bdrm Bungalow in Road 5 Mats Estate, Abeokuta South for sale","Ogun State, Abeokuta South",Abeokuta South,Ogun State,"₦ 50,000,000",650.0,4,4,Unfurnished,enterprise,"4bdrm Bungalow in Road 5 Mats Estate, Abeokuta South for sale"
4bdrm Block of Flats in Ipaja / Ipaja for sale,"Ipaja, Ipaja / Ipaja",Ipaja / Ipaja,Ipaja,"₦ 130,000,000",600.0,4,4,Unfurnished,enterprise,4bdrm Block of Flats in Ipaja / Ipaja for sale
"5bdrm Duplex in Secured Estate, Osapa london for sale","Lekki, Osapa london",Osapa london,Lekki,"₦ 200,000,000",150.0,5,5,Unfurnished,False,"5bdrm Duplex in Secured Estate, Osapa london for sale"
6bdrm Villa in Ikoyi for sale,"Ikoyi, Old Ikoyi",Old Ikoyi,Ikoyi,"₦ 6,000,000,000",550.0,6,6,Unfurnished,False,6bdrm Villa in Ikoyi for sale
4bdrm Maisonette in Banana Island for sale,"Ikoyi, Banana Island",Banana Island,Ikoyi,"₦ 1,700,000,000",200.0,4,4,Unfurnished,False,4bdrm Maisonette in Banana Island for sale
3bdrm Apartment in Ikoyi for sale,"Ikoyi, Old Ikoyi",Old Ikoyi,Ikoyi,"₦ 943,000,000",100.0,3,3,Unfurnished,False,3bdrm Apartment in Ikoyi for sale
"2bdrm Apartment in Lekki, Osapa london for sale","Lekki, Osapa london",Osapa london,Lekki,"₦ 180,000,000",280.0,2,2,Unfurnished,diamond,"2bdrm Apartment in Lekki, Osapa london for sale"
"5bdrm Duplex in Garden Estate, Back, Berger for sale","Ojodu, Berger",Berger,Ojodu,"₦ 160,000,000",300.0,5,5,Semi-Furnished,diamond,"5bdrm Duplex in Garden Estate, Back, Berger for sale"
"5bdrm Duplex in Ibara Gra, Abeokuta South for sale","Ogun State, Abeokuta South",Abeokuta South,Ogun State,"₦ 350,000,000",700.0,5,5,Semi-Furnished,enterprise,"5bdrm Duplex in Ibara Gra, Abeokuta South for sale"
3bdrm Block of Flats in Ogba GRA for sale,"Ogba, Ogba GRA",Ogba GRA,Ogba,"₦ 500,000,000",540.0,3,2,Unfurnished,False,3bdrm Block of Flats in Ogba GRA for sale
4bdrm Block of Flats in Idimu for sale,"Egbe/Idimu, Idimu",Idimu,Egbe/Idimu,"₦ 140,000,000",600.0,4,4,Unfurnished,enterprise,4bdrm Block of Flats in Idimu for sale
"1bdrm Apartment in Ajah, Off Lekki-Epe Expressway for sale","Ajah, Off Lekki-Epe Expressway",Off Lekki-Epe Expressway,Ajah,"₦ 45,000,000",200.0,1,1,Unfurnished,enterprise,"1bdrm Apartment in Ajah, Off Lekki-Epe Expressway for sale"
3bdrm Apartment in Lekkii for sale,"Lekki, Lekki Phase 1",Lekki Phase 1,Lekki,"₦ 450,000,000",300.0,3,3,Unfurnished,enterprise,3bdrm Apartment in Lekkii for sale
"4bdrm Duplex in Visland, Adeola Odeku for sale","Victoria Island, Adeola Odeku",Adeola Odeku,Victoria Island,"₦ 700,000,000",300.0,4,4,Unfurnished,enterprise,"4bdrm Duplex in Visland, Adeola Odeku for sale"
"20bdrm House in Shagamu, Karasuwa for sale","Yobe State, Karasuwa",Karasuwa,Yobe State,"₦ 120,000,000",1119.0,20,20,Semi-Furnished,diamond,"20bdrm House in Shagamu, Karasuwa for sale"
4bdrm Duplex in Admiralty Estate for sale,"Abuja (FCT), Asokoro",Asokoro,Abuja (FCT),"₦ 400,000,000",350.0,4,4,Unfurnished,enterprise,4bdrm Duplex in Admiralty Estate for sale
"2bdrm Bungalow in Prince Court Estate,, Obafemi-Owode for sale","Ogun State, Obafemi-Owode",Obafemi-Owode,Ogun State,"₦ 22,000,000",648.0,2,2,Unfurnished,enterprise,"2bdrm Bungalow in Prince Court Estate,, Obafemi-Owode for sale"
2bdrm Block of Flats in Iseri for sale,"Ogun State, Iseri",Iseri,Ogun State,"₦ 50,000,000",180.0,2,2,Unfurnished,False,2bdrm Block of Flats in Iseri for sale
"4bdrm Duplex in Gowon Estate Egbeda, for sale","Egbeda, Egbeda / Egbeda",Egbeda / Egbeda,Egbeda,"₦ 160,000,000",300.0,4,4,Unfurnished,enterprise,"4bdrm Duplex in Gowon Estate Egbeda, for sale"
5bdrm Duplex in Ikota Gra for sale,"Lekki, Ikota",Ikota,Lekki,"₦ 420,000,000",300.0,5,5,Unfurnished,enterprise,5bdrm Duplex in Ikota Gra for sale
4bdrm Duplex in Ikota for sale,"Lekki, Ikota",Ikota,Lekki,"₦ 245,000,000",300.0,4,4,Unfurnished,enterprise,4bdrm Duplex in Ikota for sale
4bdrm Maisonette in Old Ikoyi for sale,"Ikoyi, Old Ikoyi",Old Ikoyi,Ikoyi,"₦ 2,000,000,000",250.0,4,4,Unfurnished,False,4bdrm Maisonette in Old Ikoyi for sale
"3bdrm Bungalow in Praise Court Estate,, Abeokuta South for sale","Ogun State, Abeokuta South",Abeokuta South,Ogun State,"₦ 35,000,000",350.0,3,3,Unfurnished,enterprise,"3bdrm Bungalow in Praise Court Estate,, Abeokuta South for sale"
7bdrm Duplex in Gra Ikeja for sale,"Ikeja, Ikeja GRA",Ikeja GRA,Ikeja,"₦ 2,500,000,000",600.0,7,7,Unfurnished,enterprise,7bdrm Duplex in Gra Ikeja for sale
3bdrm Apartment in Lekki for sale,"Lekki, Lekki Phase 1",Lekki Phase 1,Lekki,"₦ 360,000,000",350.0,3,3,Semi-Furnished,enterprise,3bdrm Apartment in Lekki for sale
Furnished 3bdrm Bungalow in Ayobo for sale,"Ipaja, Ayobo",Ayobo,Ipaja,"₦ 120,000,000",600.0,3,4,Furnished,diamond,Furnished 3bdrm Bungalow in Ayobo for sale
"3bdrm Bungalow in Cadbury Estate, Ado-Odo/Ota for sale","Ogun State, Ado-Odo/Ota",Ado-Odo/Ota,Ogun State,"₦ 25,000,000",300.0,3,3,Unfurnished,False,"3bdrm Bungalow in Cadbury Estate, Ado-Odo/Ota for sale"
3bdrm Bungalow in Benin City for sale,"Edo State, Benin City",Benin City,Edo State,"₦ 60,000,000",450.0,3,3,Unfurnished,diamond,3bdrm Bungalow in Benin City for sale
5bdrm Bungalow in Benin City for sale,"Edo State, Benin City",Benin City,Edo State,"₦ 120,000,000",900.0,5,5,Semi-Furnished,diamond,5bdrm Bungalow in Benin City for sale
"3bdrm Apartment in King'S Court Estate, Abeokuta South for sale","Ogun State, Abeokuta South",Abeokuta South,Ogun State,"₦ 75,000,000",400.0,3,3,Semi-Furnished,enterprise,"3bdrm Apartment in King'S Court Estate, Abeokuta South for sale"
4bdrm Duplex in Ikota Gra for sale,"Lekki, Ikota",Ikota,Lekki,"₦ 170,000,000",260.0,4,4,Unfurnished,False,4bdrm Duplex in Ikota Gra for sale
"4bdrm Duplex in Abraham Adesanya, Victoria Island Extension for sale","Victoria Island, Victoria Island Extension",Victoria Island Extension,Victoria Island,"₦ 95,000,000",300.0,4,4,Unfurnished,enterprise,"4bdrm Duplex in Abraham Adesanya, Victoria Island Extension for sale"
4bdrm Duplex in Lekki Phase 2 for sale,"Lekki, Lekki Phase 2",Lekki Phase 2,Lekki,"₦ 280,000,000",250.0,4,4,Unfurnished,False,4bdrm Duplex in Lekki Phase 2 for sale
3bdrm Block of Flats in Ijegun for sale,"Ikotun/Igando, Ijegun",Ijegun,Ikotun/Igando,"₦ 23,000,000",245.0,3,3,Unfurnished,premium,3bdrm Block of Flats in Ijegun for sale
2bdrm Apartment in Idado Estate for sale,"Lekki, Idado",Idado,Lekki,"₦ 130,000,000",180.0,2,3,Unfurnished,False,2bdrm Apartment in Idado Estate for sale
"5bdrm Duplex in Amazing Grace New, Ifako-Ijaiye for sale","Lagos State, Ifako-Ijaiye",Ifako-Ijaiye,Lagos State,"₦ 300,000,000",250.0,5,5,Semi-Furnished,enterprise,"5bdrm Duplex in Amazing Grace New, Ifako-Ijaiye for sale"
"Furnished 4bdrm Bungalow in Alatise Flourish, Bogije for sale","Ibeju, Bogije",Bogije,Ibeju,"₦ 40,000,000",404.0,4,4,Furnished,premium,"Furnished 4bdrm Bungalow in Alatise Flourish, Bogije for sale"
4bdrm Duplex in Adeniyi Jones for sale,"Ikeja, Adeniyi Jones",Adeniyi Jones,Ikeja,"₦ 500,000,000",500.0,4,4,Unfurnished,enterprise,4bdrm Duplex in Adeniyi Jones for sale
2bdrm House in Ado Ekiti for sale,"Ekiti State, Ado Ekiti",Ado Ekiti,Ekiti State,"₦ 6,000,000",500.0,2,2,Unfurnished,premium,2bdrm House in Ado Ekiti for sale
"4bdrm Duplex in Royal Garden Estate, Lekki Phase 2 for sale","Lekki, Lekki Phase 2",Lekki Phase 2,Lekki,"₦ 600,000,000",500.0,4,4,Unfurnished,False,"4bdrm Duplex in Royal Garden Estate, Lekki Phase 2 for sale"
4bdrm Duplex in Aro Ologolo for sale,"Lekki, Ologolo",Ologolo,Lekki,"₦ 250,000,000",250.0,4,4,Unfurnished,False,4bdrm Duplex in Aro Ologolo for sale
7bdrm Duplex in Ikeja GRA for sale,"Ikeja, Ikeja GRA",Ikeja GRA,Ikeja,"₦ 2,500,000,000",600.0,7,7,Unfurnished,enterprise,7bdrm Duplex in Ikeja GRA for sale
2bdrm Apartment in Ikate for sale,"Lekki, Ikate-Elegushi",Ikate-Elegushi,Lekki,"₦ 220,000,000",200.0,2,2,Unfurnished,enterprise,2bdrm Apartment in Ikate for sale
5bdrm Duplex in Lekki for sale,"Lekki, Lekki Phase 1",Lekki Phase 1,Lekki,"₦ 600,000,000",350.0,5,5,Unfurnished,enterprise,5bdrm Duplex in Lekki for sale
4bdrm Duplex in Idado Estate for sale,"Lekki, Idado",Idado,Lekki,"₦ 280,000,000",250.0,4,5,Unfurnished,False,4bdrm Duplex in Idado Estate for sale
"2bdrm Apartment in General Paint, Abraham Adesanya Estate for sale","Ajah, Abraham Adesanya Estate",Abraham Adesanya Estate,Ajah,"₦ 120,000,000",150.0,2,2,Unfurnished,False,"2bdrm Apartment in General Paint, Abraham Adesanya Estate for sale"
Mini Flat in Benin City for sale,"Edo State, Benin City",Benin City,Edo State,"₦ 85,000,000",900.0,1,1,Unfurnished,diamond,Mini Flat in Benin City for sale
2bdrm Block of Flats in Benin City for sale,"Edo State, Benin City",Benin City,Edo State,"₦ 180,000,000",900.0,2,2,Unfurnished,diamond,2bdrm Block of Flats in Benin City for sale
Furnished 5bdrm Duplex in Estate Beside for sale,"Ipaja, Ayobo",Ayobo,Ipaja,"₦ 165,000,000",330.0,5,5,Furnished,enterprise,Furnished 5bdrm Duplex in Estate Beside for sale
Furnished 5bdrm House in By Chevron Toll Gate for sale,"Lekki, Chevron",Chevron,Lekki,"₦ 350,000,000",480.0,5,5,Furnished,False,Furnished 5bdrm House in By Chevron Toll Gate for sale
3bdrm Block of Flats in Benin City for sale,"Edo State, Benin City",Benin City,Edo State,"₦ 120,000,000",900.0,3,3,Unfurnished,diamond,3bdrm Block of Flats in Benin City for sale
5bdrm Duplex in Warri Delta State for sale,"Delta State, Warri",Warri,Delta State,"₦ 260,000,000",900.0,5,6,Unfurnished,enterprise,5bdrm Duplex in Warri Delta State for sale
2bdrm Apartment in Vi Extension for sale,"Victoria Island, Victoria Island Extension",Victoria Island Extension,Victoria Island,"₦ 290,000,000",100.0,2,2,Unfurnished,False,2bdrm Apartment in Vi Extension for sale
"2bdrm Block of Flats in Akinbo Akute, Yakoyo/Alagbole for sale","Ojodu, Yakoyo/Alagbole",Yakoyo/Alagbole,Ojodu,"₦ 29,000,000",648.0,2,10,Semi-Furnished,diamond,"2bdrm Block of Flats in Akinbo Akute, Yakoyo/Alagbole for sale"
4bdrm Duplex in New Oko Oba for sale,"Agege, New Oko Oba",New Oko Oba,Agege,"₦ 260,000,000",300.0,4,4,Semi-Furnished,enterprise,4bdrm Duplex in New Oko Oba for sale
3bdrm Duplex in Fagba Ifako Ijaiye for sale,"Agege, Fagba",Fagba,Agege,"₦ 240,000,000",180.0,3,3,Semi-Furnished,enterprise,3bdrm Duplex in Fagba Ifako Ijaiye for sale
4bdrm Bungalow in Benin City for sale,"Edo State, Benin City",Benin City,Edo State,"₦ 30,000,000",900.0,4,4,Semi-Furnished,diamond,4bdrm Bungalow in Benin City for sale
20bdrm Apartment in Benin City for sale,"Edo State, Benin City",Benin City,Edo State,"₦ 120,000,000",900.0,20,20,Unfurnished,diamond,20bdrm Apartment in Benin City for sale
20bdrm Mansion in Apapa Road for sale,"Apapa, Apapa Road",Apapa Road,Apapa,"₦ 8,000,000,000",900.0,20,20,Unfurnished,enterprise,20bdrm Mansion in Apapa Road for sale
Furnished 2bdrm Penthouse in Lekki for sale,"Lekki, Lekki Phase 1",Lekki Phase 1,Lekki,"₦ 270,000,000",300.0,2,2,Furnished,enterprise,Furnished 2bdrm Penthouse in Lekki for sale
2bdrm Apartment in Lekki for sale,"Lekki, Lekki Phase 1",Lekki Phase 1,Lekki,"₦ 250,000,000",200.0,2,2,Unfurnished,enterprise,2bdrm Apartment in Lekki for sale
4bdrm Duplex in Benin City for sale,"Edo State, Benin City",Benin City,Edo State,"₦ 165,000,000",5000.0,4,4,Semi-Furnished,diamond,4bdrm Duplex in Benin City for sale
"2bdrm Bungalow in Prince Court Estate, Abeokuta South for sale","Ogun State, Abeokuta South",Abeokuta South,Ogun State,"₦ 19,000,000",400.0,2,2,Unfurnished,enterprise,"2bdrm Bungalow in Prince Court Estate, Abeokuta South for sale"
5bdrm Maisonette in Ikoyi for sale,"Ikoyi, Old Ikoyi",Old Ikoyi,Ikoyi,"₦ 1,300,000,000",150.0,5,5,Unfurnished,False,5bdrm Maisonette in Ikoyi for sale
5bdrm Duplex in Magodo Gra Phase 1 for sale,"Magodo, GRA Phase 1",GRA Phase 1,Magodo,"₦ 650,000,000",350.0,5,4,Semi-Furnished,enterprise,5bdrm Duplex in Magodo Gra Phase 1 for sale
3bdrm Block of Flats in Periwinkle Estate for sale,"Lekki, Lekki Phase 1",Lekki Phase 1,Lekki,"₦ 1,500,000,000",750.0,3,2,Semi-Furnished,enterprise,3bdrm Block of Flats in Periwinkle Estate for sale
3bdrm Apartment in Ikeja Gra for sale,"Ikeja, Ikeja GRA",Ikeja GRA,Ikeja,"₦ 450,000,000",200.0,3,3,Semi-Furnished,enterprise,3bdrm Apartment in Ikeja Gra for sale
4bdrm Duplex in Ikeja Gra for sale,"Ikeja, Ikeja GRA",Ikeja GRA,Ikeja,"₦ 600,000,000",200.0,4,4,Semi-Furnished,enterprise,4bdrm Duplex in Ikeja Gra for sale
2bdrm Duplex in Sangotedo for sale,"Ajah, Sangotedo",Sangotedo,Ajah,"₦ 65,000,000",350.0,2,2,Unfurnished,premium,2bdrm Duplex in Sangotedo for sale
20bdrm Apartment in Benin City for sale,"Edo State, Benin City",Benin City,Edo State,"₦ 97,000,000",900.0,20,20,Unfurnished,diamond,20bdrm Apartment in Benin City for sale
4bdrm Duplex in Opebi for sale,"Ikeja, Opebi",Opebi,Ikeja,"₦ 280,000,000",200.0,4,4,Unfurnished,False,4bdrm Duplex in Opebi for sale
5bdrm Duplex in Ayobo for sale,"Ipaja, Ayobo",Ayobo,Ipaja,"₦ 130,000,000",600.0,5,5,Unfurnished,enterprise,5bdrm Duplex in Ayobo for sale
"4bdrm Duplex in Sparlite Estate, Mangoro for sale","Ikeja, Mangoro",Mangoro,Ikeja,"₦ 80,000,000",500.0,4,4,Semi-Furnished,enterprise,"4bdrm Duplex in Sparlite Estate, Mangoro for sale"
5bdrm Duplex in Gra Ikeja for sale,"Ikeja, Ikeja GRA",Ikeja GRA,Ikeja,"₦ 700,000,000",500.0,5,5,Unfurnished,enterprise,5bdrm Duplex in Gra Ikeja for sale
3bdrm Bungalow in Isheri / Egbe Idimu for sale,"Egbe/Idimu, Isheri / Egbe Idimu",Isheri / Egbe Idimu,Egbe/Idimu,"₦ 85,000,000",400.0,3,3,Semi-Furnished,enterprise,3bdrm Bungalow in Isheri / Egbe Idimu for sale
"4bdrm Duplex in Ibara Housing Estate, Abeokuta South for sale","Ogun State, Abeokuta South",Abeokuta South,Ogun State,"₦ 150,000,000",450.0,4,4,Unfurnished,enterprise,"4bdrm Duplex in Ibara Housing Estate, Abeokuta South for sale"
5bdrm Duplex in Ikeja for sale,"Ikeja, Ikeja GRA",Ikeja GRA,Ikeja,"₦ 350,000,000",500.0,5,5,Unfurnished,enterprise,5bdrm Duplex in Ikeja for sale
"2bdrm Block of Flats in Isolo, Ago Palace for sale","Isolo, Ago Palace",Ago Palace,Isolo,"₦ 140,000,000",300.0,2,2,Unfurnished,enterprise,"2bdrm Block of Flats in Isolo, Ago Palace for sale"
Furnished 7bdrm Duplex in Gra Ikeja for sale,"Ikeja, Ikeja GRA",Ikeja GRA,Ikeja,"₦ 2,000,000,000",580.0,7,7,Furnished,enterprise,Furnished 7bdrm Duplex in Gra Ikeja for sale
2bdrm Apartment in Ikate for sale,"Lekki, Ikate",Ikate,Lekki,"₦ 265,000,000",250.0,2,2,Unfurnished,enterprise,2bdrm Apartment in Ikate for sale
Mini Flat in Kabusa for sale,"Abuja (FCT), Kabusa",Kabusa,Abuja (FCT),"₦ 12,000,000",120.0,1,2,Unfurnished,False,Mini Flat in Kabusa for sale
"Furnished 2bdrm Apartment in Osoba Hilltop Estate, Abeokuta South","Ogun State, Abeokuta South",Abeokuta South,Ogun State,"₦ 160,000,000",500.0,2,2,Furnished,enterprise,"Furnished 2bdrm Apartment in Osoba Hilltop Estate, Abeokuta South"
"Furnished 7bdrm Duplex in Gowon Estate Egbeda, for sale","Alimosho, Egbeda",Egbeda,Alimosho,"₦ 700,000,000",1350.0,7,7,Furnished,enterprise,"Furnished 7bdrm Duplex in Gowon Estate Egbeda, for sale"
5bdrm Duplex in Ikeja Gra for sale,"Ikeja, Ikeja GRA",Ikeja GRA,Ikeja,"₦ 1,000,000,000",500.0,5,5,Semi-Furnished,enterprise,5bdrm Duplex in Ikeja Gra for sale
4bdrm Duplex in Fagba Ifako Ijaiye for sale,"Agege, Fagba",Fagba,Agege,"₦ 250,000,000",300.0,4,3,Semi-Furnished,enterprise,4bdrm Duplex in Fagba Ifako Ijaiye for sale
"4bdrm Duplex in Beachland Estate, Berger for sale","Ojodu, Berger",Berger,Ojodu,"₦ 160,000,000",300.0,4,3,Semi-Furnished,diamond,"4bdrm Duplex in Beachland Estate, Berger for sale"
4bdrm Duplex in Thomas Estate for sale,"Ajah, Thomas Estate",Thomas Estate,Ajah,"₦ 135,000,000",300.0,4,4,Semi-Furnished,enterprise,4bdrm Duplex in Thomas Estate for sale
3bdrm Apartment in Ikeja GRA for sale,"Ikeja, Ikeja GRA",Ikeja GRA,Ikeja,"₦ 600,000,000",500.0,3,3,Semi-Furnished,enterprise,3bdrm Apartment in Ikeja GRA for sale
6bdrm Duplex in Magodo Phase 2 Gra for sale,"Magodo, GRA Phase 2 Shangisha",GRA Phase 2 Shangisha,Magodo,"₦ 850,000,000",500.0,6,6,Unfurnished,enterprise,6bdrm Duplex in Magodo Phase 2 Gra for sale
2bdrm Block of Flats in Omole Phase 1 for sale,"Ikeja, Agidingbi",Agidingbi,Ikeja,"₦ 580,000,000",550.0,2,2,Semi-Furnished,enterprise,2bdrm Block of Flats in Omole Phase 1 for sale
3bdrm Bungalow in Ayobo for sale,"Ipaja, Ayobo",Ayobo,Ipaja,"₦ 22,000,000",300.0,3,3,Unfurnished,diamond,3bdrm Bungalow in Ayobo for sale
3bdrm Block of Flats in Idu Industrial for sale,"Abuja (FCT), Idu Industrial",Idu Industrial,Abuja (FCT),"₦ 1,400,000,000",2900.0,3,3,Unfurnished,enterprise,3bdrm Block of Flats in Idu Industrial for sale
5bdrm Duplex in Opebi for sale,"Ikeja, Opebi",Opebi,Ikeja,"₦ 750,000,000",450.0,5,5,Unfurnished,enterprise,5bdrm Duplex in Opebi for sale
"4bdrm Duplex in Off Spg Road Ologolo, Igbo-efon for sale","Lekki, Igbo-efon",Igbo-efon,Lekki,"₦ 250,000,000",200.0,4,4,Unfurnished,False,"4bdrm Duplex in Off Spg Road Ologolo, Igbo-efon for sale"
"5bdrm Duplex in Platinum Way, Osapa london for sale","Lekki, Osapa london",Osapa london,Lekki,"₦ 650,000,000",450.0,5,5,Unfurnished,False,"5bdrm Duplex in Platinum Way, Osapa london for sale"
4bdrm Duplex in Acme Road for sale,"Ogba, Acme Road",Acme Road,Ogba,"₦ 340,000,000",200.0,4,4,Semi-Furnished,enterprise,4bdrm Duplex in Acme Road for sale
3bdrm Block of Flats in Benin City for sale,"Edo State, Benin City",Benin City,Edo State,"₦ 155,000,000",500.0,3,3,Semi-Furnished,diamond,3bdrm Block of Flats in Benin City for sale
4bdrm Block of Flats in Benin City for sale,"Edo State, Benin City",Benin City,Edo State,"₦ 95,000,000",600.0,4,4,Unfurnished,enterprise,4bdrm Block of Flats in Benin City for sale
2bdrm Apartment in Ikate for sale,"Lekki, Ikate",Ikate,Lekki,"₦ 240,000,000",400.0,2,2,Unfurnished,enterprise,2bdrm Apartment in Ikate for sale
3bdrm Apartment in Lsdp Estate Agege for sale,"Lagos State, Agege",Agege,Lagos State,"₦ 75,000,000",150.0,3,2,Semi-Furnished,enterprise,3bdrm Apartment in Lsdp Estate Agege for sale
"3bdrm Duplex in Peace Estate Command, Abule Egba for sale","Lagos State, Abule Egba",Abule Egba,Lagos State,"₦ 170,000,000",250.0,3,3,Semi-Furnished,enterprise,"3bdrm Duplex in Peace Estate Command, Abule Egba for sale"
6bdrm Block of Flats in Benin City for Sale,"Edo State, Benin City",Benin City,Edo State,"₦ 30,000,000",600.0,6,3,Semi-Furnished,False,6bdrm Block of Flats in Benin City for Sale
"3bdrm Bungalow in Efab Queens Estate, Gwarinpa for sale","Abuja (FCT), Gwarinpa",Gwarinpa,Abuja (FCT),"₦ 180,000,000",700.0,3,3,Unfurnished,vip,"3bdrm Bungalow in Efab Queens Estate, Gwarinpa for sale"
4bdrm Duplex in Benin City for sale,"Edo State, Benin City",Benin City,Edo State,"₦ 200,000,000",450.0,4,4,Unfurnished,diamond,4bdrm Duplex in Benin City for sale
"4bdrm House in King’S Court Estate, Abeokuta South for sale","Ogun State, Abeokuta South",Abeokuta South,Ogun State,"₦ 170,000,000",400.0,4,4,Semi-Furnished,enterprise,"4bdrm House in King’S Court Estate, Abeokuta South for sale"
6bdrm Block of Flats in Baruwa for sale,"Ipaja, Baruwa",Baruwa,Ipaja,"₦ 100,000,000",600.0,6,6,Unfurnished,enterprise,6bdrm Block of Flats in Baruwa for sale
1bdrm Apartment in Lekki for sale,"Lekki, Lekki Phase 1",Lekki Phase 1,Lekki,"₦ 110,000,000",150.0,1,1,Unfurnished,enterprise,1bdrm Apartment in Lekki for sale
"4bdrm Duplex in An Access Code, Ologolo for sale","Lekki, Ologolo",Ologolo,Lekki,"₦ 270,000,000",200.0,4,4,Unfurnished,False,"4bdrm Duplex in An Access Code, Ologolo for sale"
3bdrm Bungalow in Ifo for sale,"Ogun State, Ifo",Ifo,Ogun State,"₦ 10,500,000",324.0,3,2,Semi-Furnished,diamond,3bdrm Bungalow in Ifo for sale
4bdrm Duplex in Ikeja Gra for sale,"Ikeja, Ikeja GRA",Ikeja GRA,Ikeja,"₦ 750,000,000",230.0,4,4,Semi-Furnished,enterprise,4bdrm Duplex in Ikeja Gra for sale
4bdrm Duplex in Ajah for sale,"Ajah, Ado / Ajah",Ado / Ajah,Ajah,"₦ 160,000,000",180.0,4,4,Unfurnished,diamond,4bdrm Duplex in Ajah for sale
2bdrm Apartment in Ikate for sale,"Lekki, Ikate",Ikate,Lekki,"₦ 145,000,000",250.0,2,3,Unfurnished,enterprise,2bdrm Apartment in Ikate for sale
"4bdrm Block of Flats in Unity Estate, Egbeda for sale","Alimosho, Egbeda",Egbeda,Alimosho,"₦ 250,000,000",600.0,4,4,Unfurnished,enterprise,"4bdrm Block of Flats in Unity Estate, Egbeda for sale"
"3bdrm Block of Flats in Giwa Oke Aro Ogun, Iju-Ishaga for sale","Agege, Iju-Ishaga",Iju-Ishaga,Agege,"₦ 40,000,000",320.0,3,3,Unfurnished,enterprise,"3bdrm Block of Flats in Giwa Oke Aro Ogun, Iju-Ishaga for sale"
"5bdrm Bungalow in Sweet Estate,, Abeokuta South for sale","Ogun State, Abeokuta South",Abeokuta South,Ogun State,"₦ 35,000,000",640.0,5,5,Unfurnished,enterprise,"5bdrm Bungalow in Sweet Estate,, Abeokuta South for sale"
"Duplex in Megamound Estate, Lekki Phase 2 for sale","Lekki, Lekki Phase 2",Lekki Phase 2,Lekki,"₦ 550,000,000",350.0,5,5,Unfurnished,enterprise,"Duplex in Megamound Estate, Lekki Phase 2 for sale"
"4bdrm Duplex in Off Ogombo Road, Lekki Phase 2 for sale","Lekki, Lekki Phase 2",Lekki Phase 2,Lekki,"₦ 222,000,000",150.0,4,4,Unfurnished,False,"4bdrm Duplex in Off Ogombo Road, Lekki Phase 2 for sale"
3bdrm Block of Flats in Ojodu Berger for sale,"Lagos State, Ojodu",Ojodu,Lagos State,"₦ 260,000,000",620.0,3,2,Semi-Furnished,enterprise,3bdrm Block of Flats in Ojodu Berger for sale
"2bdrm Bungalow in Prince Court Estate,, Obafemi-Owode for sale","Ogun State, Obafemi-Owode",Obafemi-Owode,Ogun State,"₦ 50,000,000",648.0,2,2,Semi-Furnished,enterprise,"2bdrm Bungalow in Prince Court Estate,, Obafemi-Owode for sale"
"2bdrm Apartment in Asero, Abeokuta South for sale","Ogun State, Abeokuta South",Abeokuta South,Ogun State,"₦ 140,000,000",800.0,2,2,Unfurnished,enterprise,"2bdrm Apartment in Asero, Abeokuta South for sale"
5bdrm Duplex in Magodo Isheri Phase for sale,"Magodo, GRA Phase 1",GRA Phase 1,Magodo,"₦ 620,000,000",400.0,5,5,Unfurnished,False,5bdrm Duplex in Magodo Isheri Phase for sale
4bdrm Block of Flats in Ijegun Ikotun for sale,"Ikotun/Igando, Ijegun",Ijegun,Ikotun/Igando,"₦ 150,000,000",650.0,4,3,Semi-Furnished,enterprise,4bdrm Block of Flats in Ijegun Ikotun for sale
3bdrm Apartment in Lekki for sale,"Lekki, Lekki Phase 1",Lekki Phase 1,Lekki,"₦ 480,000,000",300.0,3,3,Unfurnished,enterprise,3bdrm Apartment in Lekki for sale
2bdrm Block of Flats in Igando for sale,"Ikotun/Igando, Igando / Ikotun/Igando",Igando / Ikotun/Igando,Ikotun/Igando,"₦ 160,000,000",600.0,2,2,Semi-Furnished,enterprise,2bdrm Block of Flats in Igando for sale
3bdrm Duplex in Maplewood Estate Oko for sale,"Agege, Oko-Oba",Oko-Oba,Agege,"₦ 180,000,000",200.0,3,3,Semi-Furnished,enterprise,3bdrm Duplex in Maplewood Estate Oko for sale
Furnished 2bdrm Bungalow in Ayobo for sale,"Ipaja, Ayobo",Ayobo,Ipaja,"₦ 52,000,000",300.0,2,3,Furnished,diamond,Furnished 2bdrm Bungalow in Ayobo for sale
"5bdrm Bungalow in Akala Estate, Akobo for sale","Ibadan, Akobo",Akobo,Ibadan,"₦ 150,000,000",918.0,5,5,Unfurnished,basic,"5bdrm Bungalow in Akala Estate, Akobo for sale"
2bdrm Apartment in Lekki Phase 1 for sale,"Lekki, Lekki Phase 1",Lekki Phase 1,Lekki,"₦ 400,000,000",500.0,2,2,Semi-Furnished,enterprise,2bdrm Apartment in Lekki Phase 1 for sale
5bdrm Duplex in Ikotun for sale,"Ikotun/Igando, Ikotun / Ikotun/Igando",Ikotun / Ikotun/Igando,Ikotun/Igando,"₦ 140,000,000",300.0,5,5,Unfurnished,enterprise,5bdrm Duplex in Ikotun for sale
"4bdrm Duplex in Atlantic Nominee, Off Lekki-Epe Expressway for sale","Ajah, Off Lekki-Epe Expressway",Off Lekki-Epe Expressway,Ajah,"₦ 115,000,000",300.0,4,4,Unfurnished,enterprise,"4bdrm Duplex in Atlantic Nominee, Off Lekki-Epe Expressway for sale"
"2bdrm Apartment in New Road, Igbo-efon for sale","Lekki, Igbo-efon",Igbo-efon,Lekki,"₦ 85,000,000",200.0,2,2,Unfurnished,enterprise,"2bdrm Apartment in New Road, Igbo-efon for sale"
"Furnished 4bdrm Bungalow in Ibara Gra, Abeokuta South for sale","Ogun State, Abeokuta South",Abeokuta South,Ogun State,"₦ 350,000,000",1200.0,4,4,Furnished,enterprise,"Furnished 4bdrm Bungalow in Ibara Gra, Abeokuta South for sale"
"Furnished 5bdrm Duplex in Gowon Estate Egbeda, for sale","Alimosho, Egbeda",Egbeda,Alimosho,"₦ 260,000,000",400.0,5,5,Furnished,enterprise,"Furnished 5bdrm Duplex in Gowon Estate Egbeda, for sale"
"9bdrm Duplex in Green Land Estate, Iseri Olofin for sale","Alimosho, Iseri Olofin",Iseri Olofin,Alimosho,"₦ 220,000,000",1220.0,9,9,Semi-Furnished,enterprise,"9bdrm Duplex in Green Land Estate, Iseri Olofin for sale"
2bdrm Block of Flats in Sangotedo for sale,"Ajah, Sangotedo",Sangotedo,Ajah,"₦ 100,000,000",600.0,2,3,Unfurnished,enterprise,2bdrm Block of Flats in Sangotedo for sale
Furnished 4bdrm Duplex in Magodo  Phase 1  G.R for sale,"Magodo, GRA Phase 1",GRA Phase 1,Magodo,"₦ 350,000,000",300.0,4,4,Furnished,enterprise,Furnished 4bdrm Duplex in Magodo  Phase 1  G.R for sale
"3bdrm Duplex in Justice Court Estate, Igbo-efon for sale","Lekki, Igbo-efon",Igbo-efon,Lekki,"₦ 150,000,000",150.0,3,3,Unfurnished,False,"3bdrm Duplex in Justice Court Estate, Igbo-efon for sale"
4bdrm Bungalow in New Oko Oba for sale,"Agege, New Oko Oba",New Oko Oba,Agege,"₦ 300,000,000",850.0,4,3,Semi-Furnished,enterprise,4bdrm Bungalow in New Oko Oba for sale
2bdrm Block of Flats in Agege for sale,"Lagos State, Agege",Agege,Lagos State,"₦ 150,000,000",400.0,2,2,Semi-Furnished,enterprise,2bdrm Block of Flats in Agege for sale
3bdrm Apartment in Gbagada for sale,"Lagos State, Gbagada",Gbagada,Lagos State,"₦ 150,000,000",120.0,3,2,Semi-Furnished,enterprise,3bdrm Apartment in Gbagada for sale
6bdrm Duplex in Estate In Ikeja Gra for sale,"Ikeja, Ikeja GRA",Ikeja GRA,Ikeja,"₦ 2,500,000,000",500.0,6,6,Unfurnished,enterprise,6bdrm Duplex in Estate In Ikeja Gra for sale
4bdrm Duplex in Orchid Road Lekki for sale,"Lekki, Lekki Phase 2",Lekki Phase 2,Lekki,"₦ 330,000,000",400.0,4,4,Unfurnished,False,4bdrm Duplex in Orchid Road Lekki for sale
"3bdrm Apartment in Platinum Way, Osapa london for sale","Lekki, Osapa london",Osapa london,Lekki,"₦ 210,000,000",150.0,3,4,Unfurnished,False,"3bdrm Apartment in Platinum Way, Osapa london for sale"
Furnished 1bdrm Bungalow in Ayobo for sale,"Ipaja, Ayobo",Ayobo,Ipaja,"₦ 27,000,000",300.0,1,1,Furnished,diamond,Furnished 1bdrm Bungalow in Ayobo for sale
5bdrm Duplex in Admiralty Estate for sale,"Abuja (FCT), Asokoro",Asokoro,Abuja (FCT),"₦ 900,000,000",1500.0,5,5,Unfurnished,enterprise,5bdrm Duplex in Admiralty Estate for sale
"3bdrm Duplex in Elite Road, Idi-Aba, Abeokuta South for sale","Ogun State, Abeokuta South",Abeokuta South,Ogun State,"₦ 100,000,000",500.0,3,3,Semi-Furnished,enterprise,"3bdrm Duplex in Elite Road, Idi-Aba, Abeokuta South for sale"
2bdrm Apartment in Ikate-Elegushi for sale,"Lekki, Ikate-Elegushi",Ikate-Elegushi,Lekki,"₦ 250,000,000",150.0,2,2,Unfurnished,False,2bdrm Apartment in Ikate-Elegushi for sale
4bdrm Block of Flats in Progress  Estate for sale,"Ipaja, Baruwa",Baruwa,Ipaja,"₦ 70,000,000",250.0,4,4,Semi-Furnished,enterprise,4bdrm Block of Flats in Progress  Estate for sale
5bdrm Duplex in Second Tollgate for sale,"Lekki, Chevron",Chevron,Lekki,"₦ 600,000,000",500.0,5,5,Unfurnished,False,5bdrm Duplex in Second Tollgate for sale
4bdrm Duplex in Life Camp for sale,"Gwarinpa, Life Camp",Life Camp,Gwarinpa,"₦ 110,000,000",400.0,4,6,Unfurnished,vip,4bdrm Duplex in Life Camp for sale
"Furnished 4bdrm Duplex in Okupe Estate, Mende for sale","Maryland, Mende",Mende,Maryland,"₦ 400,000,000",400.0,4,4,Furnished,enterprise,"Furnished 4bdrm Duplex in Okupe Estate, Mende for sale"
4bdrm Duplex in Admiralty Estate for sale,"Abuja (FCT), Asokoro",Asokoro,Abuja (FCT),"₦ 380,000,000",300.0,4,4,Unfurnished,enterprise,4bdrm Duplex in Admiralty Estate for sale
"Furnished 4bdrm Duplex in Shalom Estate Arepo., Ojodu for sale","Lagos State, Ojodu",Ojodu,Lagos State,"₦ 150,000,000",300.0,4,4,Furnished,diamond,"Furnished 4bdrm Duplex in Shalom Estate Arepo., Ojodu for sale"
3bdrm Duplex in Benin City for sale,"Edo State, Benin City",Benin City,Edo State,"₦ 85,000,000",900.0,3,3,Semi-Furnished,diamond,3bdrm Duplex in Benin City for sale
3bdrm Bungalow in Benin City for sale,"Edo State, Benin City",Benin City,Edo State,"₦ 70,000,000",1800.0,3,3,Unfurnished,diamond,3bdrm Bungalow in Benin City for sale
5bdrm House in Omole Phase 1 for sale,"Ikeja, Omole Phase 1",Omole Phase 1,Ikeja,"₦ 500,000,000",485.0,5,5,Unfurnished,False,5bdrm House in Omole Phase 1 for sale
"4bdrm Duplex in Sherwood Court, Sangotedo for sale","Ajah, Sangotedo",Sangotedo,Ajah,"₦ 120,000,000",200.0,4,4,Unfurnished,False,"4bdrm Duplex in Sherwood Court, Sangotedo for sale"
"6bdrm Block of Flats in Unity Es, Egbeda / Egbeda for sale","Egbeda, Egbeda / Egbeda",Egbeda / Egbeda,Egbeda,"₦ 250,000,000",900.0,6,6,Unfurnished,enterprise,"6bdrm Block of Flats in Unity Es, Egbeda / Egbeda for sale"
Furnished 3bdrm Block of Flats in Ayobo for sale,"Ipaja, Ayobo",Ayobo,Ipaja,"₦ 100,000,000",600.0,3,4,Furnished,diamond,Furnished 3bdrm Block of Flats in Ayobo for sale
Mini Flat in Benin City for sale,"Edo State, Benin City",Benin City,Edo State,"₦ 65,000,000",450.0,4,4,Unfurnished,diamond,Mini Flat in Benin City for sale
"7bdrm Duplex in Peace Estate, Baruwa for sale","Ipaja, Baruwa",Baruwa,Ipaja,"₦ 180,000,000",600.0,7,7,Unfurnished,enterprise,"7bdrm Duplex in Peace Estate, Baruwa for sale"
4bdrm Duplex in Ikota Gra for sale,"Lekki, Ikota",Ikota,Lekki,"₦ 170,000,000",200.0,4,5,Unfurnished,False,4bdrm Duplex in Ikota Gra for sale
5bdrm Duplex in Elliot Iju Ishaga for sale,"Agege, Iju-Ishaga",Iju-Ishaga,Agege,"₦ 230,000,000",400.0,5,5,Semi-Furnished,enterprise,5bdrm Duplex in Elliot Iju Ishaga for sale
Furnished 3bdrm Bungalow in Ayobo for sale,"Ipaja, Ayobo",Ayobo,Ipaja,"₦ 95,000,000",300.0,3,4,Furnished,diamond,Furnished 3bdrm Bungalow in Ayobo for sale
4bdrm Duplex in Abesan Estate for sale,"Ipaja, Abesan",Abesan,Ipaja,"₦ 145,000,000",600.0,4,4,Semi-Furnished,enterprise,4bdrm Duplex in Abesan Estate for sale
Furnished 5bdrm Duplex in An Estate In Ikeja for sale,"Ikeja, Ikeja GRA",Ikeja GRA,Ikeja,"₦ 1,100,000,000",400.0,5,5,Furnished,enterprise,Furnished 5bdrm Duplex in An Estate In Ikeja for sale
2bdrm Apartment in Ikate for sale,"Lekki, Ikate",Ikate,Lekki,"₦ 220,000,000",250.0,2,2,Unfurnished,enterprise,2bdrm Apartment in Ikate for sale
Furnished 2bdrm Bungalow in Ayobo for sale,"Ipaja, Ayobo",Ayobo,Ipaja,"₦ 66,000,000",600.0,2,3,Furnished,diamond,Furnished 2bdrm Bungalow in Ayobo for sale
"7bdrm Duplex in Pelican Axis,, Abeokuta South for sale","Ogun State, Abeokuta South",Abeokuta South,Ogun State,"₦ 70,000,000",550.0,7,7,Unfurnished,enterprise,"7bdrm Duplex in Pelican Axis,, Abeokuta South for sale"
6bdrm Duplex in Magodo Phase 2 Gra for sale,"Magodo, GRA Phase 2 Shangisha",GRA Phase 2 Shangisha,Magodo,"₦ 550,000,000",500.0,6,6,Unfurnished,enterprise,6bdrm Duplex in Magodo Phase 2 Gra for sale
12bdrm Block of Flats in Baruwa for sale,"Ipaja, Baruwa",Baruwa,Ipaja,"₦ 150,000,000",600.0,12,12,Unfurnished,enterprise,12bdrm Block of Flats in Baruwa for sale
4bdrm Duplex in Lekki County Ikota for sale,"Lekki, Ikota",Ikota,Lekki,"₦ 170,000,000",200.0,4,4,Unfurnished,False,4bdrm Duplex in Lekki County Ikota for sale
3bdrm Bungalow in Ifo for sale,"Ogun State, Ifo",Ifo,Ogun State,"₦ 11,500,000",321.0,3,3,Semi-Furnished,diamond,3bdrm Bungalow in Ifo for sale
"5bdrm Mansion in Federal Housing, Abeokuta South for sale","Ogun State, Abeokuta South",Abeokuta South,Ogun State,"₦ 40,000,000",710.0,5,5,Semi-Furnished,diamond,"5bdrm Mansion in Federal Housing, Abeokuta South for sale"
3bdrm Duplex in Fagba Ifako Ijaiye for sale,"Agege, Fagba",Fagba,Agege,"₦ 180,000,000",200.0,3,3,Semi-Furnished,enterprise,3bdrm Duplex in Fagba Ifako Ijaiye for sale
5bdrm Duplex in Abeokuta South for sale,"Ogun State, Abeokuta South",Abeokuta South,Ogun State,"₦ 50,000,000",600.0,5,5,Unfurnished,enterprise,5bdrm Duplex in Abeokuta South for sale
4bdrm Duplex in Ikota Villa for sale,"Lekki, Ikota",Ikota,Lekki,"₦ 135,000,000",300.0,4,4,Unfurnished,False,4bdrm Duplex in Ikota Villa for sale
5bdrm Duplex in Baruwa for sale,"Ipaja, Baruwa",Baruwa,Ipaja,"₦ 135,000,000",600.0,5,5,Unfurnished,enterprise,5bdrm Duplex in Baruwa for sale
5bdrm Duplex in Ikeja Gra for sale,"Ikeja, Ikeja GRA",Ikeja GRA,Ikeja,"₦ 1,800,000,000",600.0,5,5,Semi-Furnished,enterprise,5bdrm Duplex in Ikeja Gra for sale
Furnished 4bdrm Bungalow in Ayobo for sale,"Ipaja, Ayobo",Ayobo,Ipaja,"₦ 65,000,000",350.0,4,4,Furnished,diamond,Furnished 4bdrm Bungalow in Ayobo for sale
1bdrm Block of Flats in Benin City for sale,"Edo State, Benin City",Benin City,Edo State,"₦ 9,000,000",500.0,1,1,Unfurnished,diamond,1bdrm Block of Flats in Benin City for sale
"Furnished 4bdrm Duplex in Gloryland Estate, Ojodu for sale","Lagos State, Ojodu",Ojodu,Lagos State,"₦ 160,000,000",600.0,4,4,Furnished,diamond,"Furnished 4bdrm Duplex in Gloryland Estate, Ojodu for sale"
"Furnished 3bdrm Duplex in Abiola Way, Abeokuta South for sale","Ogun State, Abeokuta South",Abeokuta South,Ogun State,"₦ 80,000,000",400.0,3,3,Furnished,enterprise,"Furnished 3bdrm Duplex in Abiola Way, Abeokuta South for sale"
2bdrm Maisonette in Lekki for sale,"Lekki, Lekki Phase 1",Lekki Phase 1,Lekki,"₦ 400,000,000",200.0,2,2,Unfurnished,enterprise,2bdrm Maisonette in Lekki for sale
2bdrm Apartment in Lekki Phase 1 for sale,"Lekki, Lekki Phase 1",Lekki Phase 1,Lekki,"₦ 300,000,000",180.0,2,3,Unfurnished,False,2bdrm Apartment in Lekki Phase 1 for sale
Furnished 3bdrm Bungalow in Ayobo for sale,"Ipaja, Ayobo",Ayobo,Ipaja,"₦ 92,000,000",400.0,3,4,Furnished,diamond,Furnished 3bdrm Bungalow in Ayobo for sale
5bdrm Duplex in Admiralty Estate for sale,"Abuja (FCT), Asokoro",Asokoro,Abuja (FCT),"₦ 200,000,000",150.0,5,6,Unfurnished,enterprise,5bdrm Duplex in Admiralty Estate for sale
"Furnished 2bdrm Bungalow in Degun Estate,, Abeokuta South for sale","Ogun State, Abeokuta South",Abeokuta South,Ogun State,"₦ 110,000,000",300.0,2,2,Furnished,enterprise,"Furnished 2bdrm Bungalow in Degun Estate,, Abeokuta South for sale"
"3bdrm Duplex in Peace Estate, Ipaja Road for sale","Ipaja, Ipaja Road",Ipaja Road,Ipaja,"₦ 150,000,000",450.0,3,3,Unfurnished,enterprise,"3bdrm Duplex in Peace Estate, Ipaja Road for sale"
"Furnished 7bdrm Duplex in Gowon Estate,, Egbeda for sale","Alimosho, Egbeda",Egbeda,Alimosho,"₦ 400,000,000",500.0,7,7,Furnished,enterprise,"Furnished 7bdrm Duplex in Gowon Estate,, Egbeda for sale"
"4bdrm Duplex in Nothern Foreshore, Lekki Phase 2 for sale","Lekki, Lekki Phase 2",Lekki Phase 2,Lekki,"₦ 700,000,000",600.0,4,4,Unfurnished,enterprise,"4bdrm Duplex in Nothern Foreshore, Lekki Phase 2 for sale"
7bdrm Villa in Champlin Court for sale,"Ajah, Abraham Adesanya Estate",Abraham Adesanya Estate,Ajah,"₦ 650,000,000",600.0,7,7,Unfurnished,False,7bdrm Villa in Champlin Court for sale
"5bdrm Duplex in Megamound Estate, Ikota for sale","Lekki, Ikota",Ikota,Lekki,"₦ 480,000,000",500.0,5,5,Unfurnished,False,"5bdrm Duplex in Megamound Estate, Ikota for sale"
5bdrm Duplex in Ikeja Gra for sale,"Ikeja, Ikeja GRA",Ikeja GRA,Ikeja,"₦ 950,000,000",500.0,5,5,Semi-Furnished,enterprise,5bdrm Duplex in Ikeja Gra for sale
"9bdrm Block of Flats in Riverbank Estate,, Iseri for sale","Ogun State, Iseri",Iseri,Ogun State,"₦ 200,000,000",874.0,9,9,Unfurnished,enterprise,"9bdrm Block of Flats in Riverbank Estate,, Iseri for sale"
"12bdrm Block of Flats in Abiola Farm Estate, Ayobo for sale","Ipaja, Ayobo",Ayobo,Ipaja,"₦ 130,000,000",600.0,12,12,Unfurnished,enterprise,"12bdrm Block of Flats in Abiola Farm Estate, Ayobo for sale"
6bdrm Duplex in Omole Phase 1 for sale,"Ikeja, Omole Phase 1",Omole Phase 1,Ikeja,"₦ 700,000,000",600.0,6,6,Unfurnished,enterprise,6bdrm Duplex in Omole Phase 1 for sale
5bdrm Duplex in Chevron Lekki for sale,"Lekki, Chevron",Chevron,Lekki,"₦ 400,000,000",500.0,5,5,Semi-Furnished,enterprise,5bdrm Duplex in Chevron Lekki for sale
5bdrm Duplex in Omole Phase 1 for sale,"Ikeja, Omole Phase 1",Omole Phase 1,Ikeja,"₦ 750,000,000",400.0,5,5,Semi-Furnished,enterprise,5bdrm Duplex in Omole Phase 1 for sale
2bdrm Block of Flats in Benin City for sale,"Edo State, Benin City",Benin City,Edo State,"₦ 120,000,000",450.0,2,2,Unfurnished,diamond,2bdrm Block of Flats in Benin City for sale
3bdrm Block of Flats in Benin City for sale,"Edo State, Benin City",Benin City,Edo State,"₦ 40,000,000",450.0,3,3,Unfurnished,diamond,3bdrm Block of Flats in Benin City for sale
"Furnished 3bdrm Duplex in Obansanjo Estate, Abeokuta South for sale","Ogun State, Abeokuta South",Abeokuta South,Ogun State,"₦ 150,000,000",500.0,3,3,Furnished,enterprise,"Furnished 3bdrm Duplex in Obansanjo Estate, Abeokuta South for sale"
5bdrm Duplex in Magodo Gra for sale,"Magodo, GRA Phase 1",GRA Phase 1,Magodo,"₦ 280,000,000",500.0,5,5,Unfurnished,enterprise,5bdrm Duplex in Magodo Gra for sale
"2bdrm Apartment in A Secured Close, Ologolo for sale","Lekki, Ologolo",Ologolo,Lekki,"₦ 150,000,000",50.0,2,2,Unfurnished,False,"2bdrm Apartment in A Secured Close, Ologolo for sale"
2bdrm Block of Flats in Fagba Ifako Ijaiye for sale,"Agege, Fagba",Fagba,Agege,"₦ 250,000,000",450.0,2,2,Semi-Furnished,enterprise,2bdrm Block of Flats in Fagba Ifako Ijaiye for sale
3bdrm Bungalow in Behind Osinbajo Rail for sale,"Ogun State, Ifo",Ifo,Ogun State,"₦ 20,000,000",320.0,3,3,Semi-Furnished,enterprise,3bdrm Bungalow in Behind Osinbajo Rail for sale
"5bdrm Duplex in Osoba Hilltop Gra,, Abeokuta South for sale","Ogun State, Abeokuta South",Abeokuta South,Ogun State,"₦ 250,000,000",648.0,5,5,Unfurnished,enterprise,"5bdrm Duplex in Osoba Hilltop Gra,, Abeokuta South for sale"
"3bdrm Bungalow in Diamond Estate, Idimu for sale","Egbe/Idimu, Idimu",Idimu,Egbe/Idimu,"₦ 120,000,000",600.0,3,3,Unfurnished,enterprise,"3bdrm Bungalow in Diamond Estate, Idimu for sale"
"2bdrm Apartment in Ikoyi, Awolowo Road for sale","Ikoyi, Awolowo Road",Awolowo Road,Ikoyi,"₦ 270,000,000",130.0,2,2,Semi-Furnished,enterprise,"2bdrm Apartment in Ikoyi, Awolowo Road for sale"
3bdrm Block of Flats in Egbeda Alimosho for sale,"Alimosho, Egbeda",Egbeda,Alimosho,"₦ 200,000,000",600.0,3,3,Semi-Furnished,enterprise,3bdrm Block of Flats in Egbeda Alimosho for sale
Furnished 5bdrm Duplex in Ayobo for sale,"Ipaja, Ayobo",Ayobo,Ipaja,"₦ 150,000,000",300.0,5,5,Furnished,diamond,Furnished 5bdrm Duplex in Ayobo for sale
Furnished 5bdrm Bungalow in Benin City for sale,"Edo State, Benin City",Benin City,Edo State,"₦ 90,000,000",100.0,5,5,Furnished,diamond,Furnished 5bdrm Bungalow in Benin City for sale
20bdrm Mansion in Baruwa for sale,"Ipaja, Baruwa",Baruwa,Ipaja,"₦ 500,000,000",900.0,20,20,Unfurnished,enterprise,20bdrm Mansion in Baruwa for sale
4bdrm Block of Flats in Ijegun for sale,"Ikotun/Igando, Ijegun",Ijegun,Ikotun/Igando,"₦ 110,000,000",600.0,4,4,Unfurnished,enterprise,4bdrm Block of Flats in Ijegun for sale
"Furnished 4bdrm House in Ajiboye Street, Ayetoro for sale","Ogun State, Ayetoro",Ayetoro,Ogun State,"₦ 32,000,000",1200.0,4,3,Furnished,False,"Furnished 4bdrm House in Ajiboye Street, Ayetoro for sale"
3bdrm Block of Flats in New Oko Oba Ifako for sale,"Agege, New Oko Oba",New Oko Oba,Agege,"₦ 180,000,000",1000.0,3,3,Unfurnished,enterprise,3bdrm Block of Flats in New Oko Oba Ifako for sale
6bdrm Duplex in Fagba Ifako Ijaiye for sale,"Agege, Fagba",Fagba,Agege,"₦ 200,000,000",320.0,6,6,Semi-Furnished,enterprise,6bdrm Duplex in Fagba Ifako Ijaiye for sale
2bdrm Block of Flats in Benin City for sale,"Edo State, Benin City",Benin City,Edo State,"₦ 40,000,000",450.0,2,2,Unfurnished,diamond,2bdrm Block of Flats in Benin City for sale
7bdrm House in Magbon. Abeokuta for sale,"Ogun State, Abeokuta South",Abeokuta South,Ogun State,"₦ 45,000,000",600.0,7,7,Unfurnished,enterprise,7bdrm House in Magbon. Abeokuta for sale
"Mini Flat in Harmony Estate, Ogudu GRA for sale","Ogudu, Ogudu GRA",Ogudu GRA,Ogudu,"₦ 85,000,000",600.0,4,4,Unfurnished,enterprise,"Mini Flat in Harmony Estate, Ogudu GRA for sale"
6bdrm Duplex in Omole Phase 2 for sale,"Ikeja, Omole Phase 2",Omole Phase 2,Ikeja,"₦ 700,000,000",500.0,6,6,Unfurnished,enterprise,6bdrm Duplex in Omole Phase 2 for sale
Furnished 7bdrm Duplex in Ikeja-Gra for sale,"Ikeja, Ikeja GRA",Ikeja GRA,Ikeja,"₦ 25,000,000,000",650.0,7,7,Furnished,enterprise,Furnished 7bdrm Duplex in Ikeja-Gra for sale
4bdrm Maisonette in Lekki Phase 1 for sale,"Lekki, Lekki Phase 1",Lekki Phase 1,Lekki,"₦ 900,000,000",250.0,4,4,Unfurnished,False,4bdrm Maisonette in Lekki Phase 1 for sale
2bdrm House in New Oko Oba Ifako for sale,"Agege, New Oko Oba",New Oko Oba,Agege,"₦ 70,000,000",250.0,2,2,Semi-Furnished,enterprise,2bdrm House in New Oko Oba Ifako for sale
"Furnished 2bdrm Bungalow in Prince Court Estate, Abeokuta South","Ogun State, Abeokuta South",Abeokuta South,Ogun State,"₦ 35,000,000",500.0,2,3,Furnished,enterprise,"Furnished 2bdrm Bungalow in Prince Court Estate, Abeokuta South"
3bdrm Apartment in Ikeja GRA for sale,"Ikeja, Ikeja GRA",Ikeja GRA,Ikeja,"₦ 400,000,000",300.0,3,4,Unfurnished,enterprise,3bdrm Apartment in Ikeja GRA for sale
8bdrm Duplex in Ikeja Gra for sale,"Ikeja, Ikeja GRA",Ikeja GRA,Ikeja,"₦ 4,500,000,000",1400.0,8,8,Semi-Furnished,enterprise,8bdrm Duplex in Ikeja Gra for sale
3bdrm Block of Flats in Allen for sale,"Ikeja, Allen Avenue",Allen Avenue,Ikeja,"₦ 380,000,000",600.0,3,3,Unfurnished,enterprise,3bdrm Block of Flats in Allen for sale
5bdrm Duplex in Abeokuta South for sale,"Ogun State, Abeokuta South",Abeokuta South,Ogun State,"₦ 180,000,000",600.0,5,5,Unfurnished,enterprise,5bdrm Duplex in Abeokuta South for sale
6bdrm Duplex in Allen Avenue for sale,"Ikeja, Allen Avenue",Allen Avenue,Ikeja,"₦ 550,000,000",817.0,6,6,Unfurnished,False,6bdrm Duplex in Allen Avenue for sale
3bdrm Apartment in Ologolo for sale,"Lekki, Ologolo",Ologolo,Lekki,"₦ 120,000,000",500.0,3,3,Unfurnished,enterprise,3bdrm Apartment in Ologolo for sale
"4bdrm Duplex in Royal Castle Estate, Cement for sale","Agege, Cement",Cement,Agege,"₦ 300,000,000",300.0,4,5,Unfurnished,enterprise,"4bdrm Duplex in Royal Castle Estate, Cement for sale"
4bdrm Duplex in Lekki Phase 1 for sale,"Lekki, Lekki Phase 1",Lekki Phase 1,Lekki,"₦ 470,000,000",600.0,4,4,Unfurnished,enterprise,4bdrm Duplex in Lekki Phase 1 for sale
2bdrm Maisonette in Ologolo for sale,"Lekki, Ologolo",Ologolo,Lekki,"₦ 100,000,000",100.0,2,2,Unfurnished,False,2bdrm Maisonette in Ologolo for sale
"5bdrm Maisonette in An Access Code, Victoria Island for sale","Lagos State, Victoria Island",Victoria Island,Lagos State,"₦ 500,000,000",200.0,5,5,Unfurnished,False,"5bdrm Maisonette in An Access Code, Victoria Island for sale"
5bdrm Duplex in Adeniyi Jones Ikeja for sale,"Ikeja, Adeniyi Jones",Adeniyi Jones,Ikeja,"₦ 450,000,000",400.0,5,5,Semi-Furnished,enterprise,5bdrm Duplex in Adeniyi Jones Ikeja for sale
4bdrm Duplex in Medina Estate for sale,"Lagos State, Gbagada",Gbagada,Lagos State,"₦ 450,000,000",400.0,4,4,Semi-Furnished,enterprise,4bdrm Duplex in Medina Estate for sale
5bdrm Duplex in Chevron Lekki for sale,"Lekki, Chevron",Chevron,Lekki,"₦ 350,000,000",400.0,5,5,Semi-Furnished,enterprise,5bdrm Duplex in Chevron Lekki for sale
Furnished 4bdrm Duplex in Ayobo for sale,"Ipaja, Ayobo",Ayobo,Ipaja,"₦ 150,000,000",300.0,4,5,Furnished,diamond,Furnished 4bdrm Duplex in Ayobo for sale
"Furnished 4bdrm Duplex in President Muhammed, Abeokuta South for sale","Ogun State, Abeokuta South",Abeokuta South,Ogun State,"₦ 165,000,000",500.0,4,5,Furnished,enterprise,"Furnished 4bdrm Duplex in President Muhammed, Abeokuta South for sale"
3bdrm Block of Flats in Baruwa Ipaja for sale,"Ipaja, Ipaja Road",Ipaja Road,Ipaja,"₦ 110,000,000",775.0,3,3,Unfurnished,enterprise,3bdrm Block of Flats in Baruwa Ipaja for sale
Furnished 2bdrm Block of Flats in Abule Egba for sale,"Lagos State, Abule Egba",Abule Egba,Lagos State,"₦ 450,000,000",700.0,2,3,Furnished,diamond,Furnished 2bdrm Block of Flats in Abule Egba for sale
3bdrm House in Benin City for sale,"Edo State, Benin City",Benin City,Edo State,"₦ 140,000,000",5000.0,3,3,Unfurnished,diamond,3bdrm House in Benin City for sale
2bdrm Block of Flats in Benin City for sale,"Edo State, Benin City",Benin City,Edo State,"₦ 19,000,000",450.0,2,2,Unfurnished,diamond,2bdrm Block of Flats in Benin City for sale
Furnished 4bdrm Bungalow in Benin City for sale,"Edo State, Benin City",Benin City,Edo State,"₦ 160,000,000",1000.0,4,4,Furnished,diamond,Furnished 4bdrm Bungalow in Benin City for sale
"Furnished 4bdrm Duplex in Inside An, Abule Egba for sale","Lagos State, Abule Egba",Abule Egba,Lagos State,"₦ 180,000,000",600.0,4,4,Furnished,enterprise,"Furnished 4bdrm Duplex in Inside An, Abule Egba for sale"
1bdrm Block of Flats in Kubwa for sale,"Abuja (FCT), Kubwa",Kubwa,Abuja (FCT),"₦ 26,000,000",500.0,1,2,Unfurnished,diamond,1bdrm Block of Flats in Kubwa for sale
9bdrm Duplex in Gra Ikeja for sale,"Ikeja, Ikeja GRA",Ikeja GRA,Ikeja,"₦ 1,600,000,000",600.0,9,9,Unfurnished,enterprise,9bdrm Duplex in Gra Ikeja for sale
5bdrm Duplex in Off Plantinum Way for sale,"Lekki, Osapa london",Osapa london,Lekki,"₦ 1,100,000,000",500.0,5,5,Unfurnished,False,5bdrm Duplex in Off Plantinum Way for sale
Mini Flat in Ayobo for sale,"Ipaja, Ayobo",Ayobo,Ipaja,"₦ 19,000,000",250.0,1,2,Semi-Furnished,diamond,Mini Flat in Ayobo for sale
2bdrm Block of Flats in Benin City for sale,"Edo State, Benin City",Benin City,Edo State,"₦ 25,000,000",5000.0,2,3,Semi-Furnished,diamond,2bdrm Block of Flats in Benin City for sale
"6bdrm Duplex in Admiralty Estate, Asokoro for sale","Abuja (FCT), Asokoro",Asokoro,Abuja (FCT),"₦ 650,000,000",700.0,6,6,Unfurnished,enterprise,"6bdrm Duplex in Admiralty Estate, Asokoro for sale"
"3bdrm Bungalow in Efab Queens, Karsana for sale","Gwagwa, Karsana",Karsana,Gwagwa,"₦ 225,000,000",650.0,3,4,Semi-Furnished,vip,"3bdrm Bungalow in Efab Queens, Karsana for sale"
4bdrm Apartment in Benin City for sale,"Edo State, Benin City",Benin City,Edo State,"₦ 28,000,000",450.0,4,4,Unfurnished,diamond,4bdrm Apartment in Benin City for sale
4bdrm Duplex in Ikota Lekki for sale,"Lekki, Ikota",Ikota,Lekki,"₦ 220,000,000",270.0,4,4,Semi-Furnished,enterprise,4bdrm Duplex in Ikota Lekki for sale
Furnished 4bdrm Bungalow in Ayobo for sale,"Ipaja, Ayobo",Ayobo,Ipaja,"₦ 65,000,000",600.0,4,4,Furnished,diamond,Furnished 4bdrm Bungalow in Ayobo for sale
5bdrm Duplex in Magodo Isheri Phase for sale,"Magodo, GRA Phase 1",GRA Phase 1,Magodo,"₦ 620,000,000",300.0,5,5,Unfurnished,False,5bdrm Duplex in Magodo Isheri Phase for sale
4bdrm Duplex in Maryland Estate for sale,"Maryland, LSDPC Maryland Estate",LSDPC Maryland Estate,Maryland,"₦ 550,000,000",500.0,4,4,Unfurnished,enterprise,4bdrm Duplex in Maryland Estate for sale
"Furnished 6bdrm Duplex in Gowon Estate, Egbeda / Egbeda for sale","Egbeda, Egbeda / Egbeda",Egbeda / Egbeda,Egbeda,"₦ 550,000,000",500.0,6,6,Furnished,enterprise,"Furnished 6bdrm Duplex in Gowon Estate, Egbeda / Egbeda for sale"
"6bdrm Block of Flats in Liverpool, Estate for sale","Amuwo-Odofin, Satellite Town",Satellite Town,Amuwo-Odofin,"₦ 150,000,000",650.0,6,6,Unfurnished,enterprise,"6bdrm Block of Flats in Liverpool, Estate for sale"
"4bdrm Bungalow in Cable Point, Oshimili South for sale","Delta State, Oshimili South",Oshimili South,Delta State,"₦ 19,500,000",372.0,4,2,Unfurnished,False,"4bdrm Bungalow in Cable Point, Oshimili South for sale"
6bdrm House in Mile 12 Kosofe for sale,"Lagos State, Kosofe",Kosofe,Lagos State,"₦ 160,000,000",600.0,6,3,Semi-Furnished,enterprise,6bdrm House in Mile 12 Kosofe for sale
Furnished 2bdrm Apartment in Iju Grammar School for sale,"Agege, Fagba",Fagba,Agege,"₦ 130,000,000",320.0,2,2,Furnished,enterprise,Furnished 2bdrm Apartment in Iju Grammar School for sale
6bdrm Duplex in Banana Island Ikoyi for sale,"Ikoyi, Banana Island",Banana Island,Ikoyi,"₦ 5,500,000,000",500.0,6,6,Semi-Furnished,enterprise,6bdrm Duplex in Banana Island Ikoyi for sale
4bdrm Duplex in Within College Road for sale,"Lagos State, Ogba",Ogba,Lagos State,"₦ 250,000,000",330.0,4,4,Semi-Furnished,enterprise,4bdrm Duplex in Within College Road for sale
"4bdrm Duplex in Gowon Estate, Egbeda for sale","Alimosho, Egbeda",Egbeda,Alimosho,"₦ 250,000,000",500.0,4,4,Semi-Furnished,enterprise,"4bdrm Duplex in Gowon Estate, Egbeda for sale"
"4bdrm Block of Flats in Gemade Estate, Egbeda for sale","Alimosho, Egbeda",Egbeda,Alimosho,"₦ 340,000,000",600.0,4,4,Semi-Furnished,enterprise,"4bdrm Block of Flats in Gemade Estate, Egbeda for sale"
"Furnished 4bdrm Duplex in Kay Farm  Estate, for sale","Ogba, Ifako-Ogba",Ifako-Ogba,Ogba,"₦ 260,000,000",400.0,4,4,Furnished,enterprise,"Furnished 4bdrm Duplex in Kay Farm  Estate, for sale"
4bdrm Duplex in Maryland for sale,"Maryland, LSDPC Maryland Estate",LSDPC Maryland Estate,Maryland,"₦ 380,000,000",500.0,4,4,Semi-Furnished,enterprise,4bdrm Duplex in Maryland for sale
"5bdrm Villa in An Access Code, Lekki Phase 1 for sale","Lekki, Lekki Phase 1",Lekki Phase 1,Lekki,"₦ 1,300,000,000",500.0,5,5,Unfurnished,False,"5bdrm Villa in An Access Code, Lekki Phase 1 for sale"
"5bdrm Duplex in Magodo Phase 2, Agboyi/Ketu for sale","Lagos State, Agboyi/Ketu",Agboyi/Ketu,Lagos State,"₦ 750,000,000",500.0,5,4,Semi-Furnished,enterprise,"5bdrm Duplex in Magodo Phase 2, Agboyi/Ketu for sale"
4bdrm Duplex in Magodo Phase 1 for sale,"Ojodu, Magodo Isheri",Magodo Isheri,Ojodu,"₦ 450,000,000",400.0,4,4,Semi-Furnished,enterprise,4bdrm Duplex in Magodo Phase 1 for sale
"4bdrm Duplex in Magodo Phase 1, Ojodu for sale","Lagos State, Ojodu",Ojodu,Lagos State,"₦ 250,000,000",260.0,4,4,Semi-Furnished,enterprise,"4bdrm Duplex in Magodo Phase 1, Ojodu for sale"
Furnished 2bdrm Bungalow in Ayobo for sale,"Ipaja, Ayobo",Ayobo,Ipaja,"₦ 42,000,000",300.0,2,3,Furnished,diamond,Furnished 2bdrm Bungalow in Ayobo for sale
Furnished 3bdrm Bungalow in Ayobo for sale,"Ipaja, Ayobo",Ayobo,Ipaja,"₦ 27,000,000",600.0,3,4,Furnished,diamond,Furnished 3bdrm Bungalow in Ayobo for sale
4bdrm Block of Flats in Gowon Estate Egbeda for sale,"Alimosho, Egbeda",Egbeda,Alimosho,"₦ 150,000,000",900.0,4,4,Unfurnished,enterprise,4bdrm Block of Flats in Gowon Estate Egbeda for sale
"Furnished 3bdrm Bungalow in Diamond Estate,, Isheri / Egbe Idimu","Egbe/Idimu, Isheri / Egbe Idimu",Isheri / Egbe Idimu,Egbe/Idimu,"₦ 95,000,000",400.0,3,3,Furnished,enterprise,"Furnished 3bdrm Bungalow in Diamond Estate,, Isheri / Egbe Idimu"
4bdrm Duplex in Off Platinum Way for sale,"Lekki, Osapa london",Osapa london,Lekki,"₦ 350,000,000",200.0,4,4,Unfurnished,False,4bdrm Duplex in Off Platinum Way for sale
4bdrm Duplex in Oko Oba Scheme 2 for sale,"Agege, Oko-Oba",Oko-Oba,Agege,"₦ 230,000,000",250.0,4,4,Semi-Furnished,enterprise,4bdrm Duplex in Oko Oba Scheme 2 for sale
6bdrm Duplex in Taju Bello Iju for sale,"Agege, Iju",Iju,Agege,"₦ 140,000,000",670.0,6,4,Unfurnished,enterprise,6bdrm Duplex in Taju Bello Iju for sale
2bdrm Block of Flats in New Oko Oba Abule for sale,"Agege, New Oko Oba",New Oko Oba,Agege,"₦ 200,000,000",400.0,2,2,Semi-Furnished,enterprise,2bdrm Block of Flats in New Oko Oba Abule for sale
6bdrm Block of Flats in Ipaja / Ipaja for sale,"Ipaja, Ipaja / Ipaja",Ipaja / Ipaja,Ipaja,"₦ 300,000,000",1200.0,6,6,Unfurnished,enterprise,6bdrm Block of Flats in Ipaja / Ipaja for sale
Furnished 6bdrm Duplex in Gra Ikeja for sale,"Ikeja, Ikeja GRA",Ikeja GRA,Ikeja,"₦ 1,100,000,000",1200.0,6,6,Furnished,enterprise,Furnished 6bdrm Duplex in Gra Ikeja for sale
"11bdrm Block of Flats in Federal Housing, Abeokuta South for sale","Ogun State, Abeokuta South",Abeokuta South,Ogun State,"₦ 38,500,000",1200.0,11,11,Semi-Furnished,diamond,"11bdrm Block of Flats in Federal Housing, Abeokuta South for sale"
Furnished 4bdrm Duplex in Lekki for sale,"Lekki, Lekki Phase 1",Lekki Phase 1,Lekki,"₦ 650,000,000",450.0,4,4,Furnished,enterprise,Furnished 4bdrm Duplex in Lekki for sale
3bdrm Block of Flats in Estate Within New for sale,"Agege, New Oko Oba",New Oko Oba,Agege,"₦ 180,000,000",550.0,3,3,Semi-Furnished,enterprise,3bdrm Block of Flats in Estate Within New for sale
Furnished 4bdrm Duplex in Ayobo for sale,"Ipaja, Ayobo",Ayobo,Ipaja,"₦ 150,000,000",300.0,4,5,Furnished,diamond,Furnished 4bdrm Duplex in Ayobo for sale
Furnished 2bdrm Block of Flats in Ayobo for sale,"Ipaja, Ayobo",Ayobo,Ipaja,"₦ 70,000,000",600.0,2,3,Furnished,diamond,Furnished 2bdrm Block of Flats in Ayobo for sale
4bdrm Bungalow in Benin City for sale,"Edo State, Benin City",Benin City,Edo State,"₦ 50,000,000",900.0,4,4,Unfurnished,diamond,4bdrm Bungalow in Benin City for sale
"Furnished 2bdrm Bungalow in Hid Estate, Obasanjo, Abeokuta South","Ogun State, Abeokuta South",Abeokuta South,Ogun State,"₦ 120,000,000",400.0,2,2,Furnished,enterprise,"Furnished 2bdrm Bungalow in Hid Estate, Obasanjo, Abeokuta South"
4bdrm Duplex in Obawole Ifako Ijaiye for sale,"Ogba, Ifako-Ogba",Ifako-Ogba,Ogba,"₦ 110,000,000",320.0,4,4,Semi-Furnished,enterprise,4bdrm Duplex in Obawole Ifako Ijaiye for sale
1bdrm Apartment in Benin City for sale,"Edo State, Benin City",Benin City,Edo State,"₦ 63,000,000",450.0,1,20,Unfurnished,diamond,1bdrm Apartment in Benin City for sale
5bdrm Duplex in Benin City for sale,"Edo State, Benin City",Benin City,Edo State,"₦ 185,000,000",900.0,5,5,Semi-Furnished,diamond,5bdrm Duplex in Benin City for sale
"Furnished 5bdrm House in 2Nd Toll Gate, Lekki, Peninsula Estate","Ajah, Peninsula Estate",Peninsula Estate,Ajah,"₦ 420,000,000",400.0,5,5,Furnished,enterprise,"Furnished 5bdrm House in 2Nd Toll Gate, Lekki, Peninsula Estate"
2bdrm Apartment in Lekki for sale,"Lekki, Lekki Phase 1",Lekki Phase 1,Lekki,"₦ 320,000,000",200.0,2,3,Unfurnished,False,2bdrm Apartment in Lekki for sale
3bdrm Block of Flats in College Road Ogba for sale,"Lagos State, Ogba",Ogba,Lagos State,"₦ 290,000,000",630.0,3,2,Semi-Furnished,enterprise,3bdrm Block of Flats in College Road Ogba for sale
"Furnished 3bdrm Bungalow in Along The Kobape, Obafemi-Owode for sale","Ogun State, Obafemi-Owode",Obafemi-Owode,Ogun State,"₦ 48,000,000",648.0,3,3,Furnished,enterprise,"Furnished 3bdrm Bungalow in Along The Kobape, Obafemi-Owode for sale"
5bdrm Duplex in GRA Phase 1 for sale,"Magodo, GRA Phase 1",GRA Phase 1,Magodo,"₦ 400,000,000",700.0,5,5,Unfurnished,False,5bdrm Duplex in GRA Phase 1 for sale
"4bdrm Duplex in Heirs Residence, Off Lekki-Epe Expressway for sale","Ajah, Off Lekki-Epe Expressway",Off Lekki-Epe Expressway,Ajah,"₦ 160,000,000",300.0,4,4,Unfurnished,enterprise,"4bdrm Duplex in Heirs Residence, Off Lekki-Epe Expressway for sale"
"2bdrm Block of Flats in Command, Alimosho, Iyana Ipaja for sale","Ipaja, Iyana Ipaja",Iyana Ipaja,Ipaja,"₦ 85,000,000",600.0,2,2,Semi-Furnished,enterprise,"2bdrm Block of Flats in Command, Alimosho, Iyana Ipaja for sale"
4bdrm Duplex in Ogombo for sale,"Ajah, Ogombo",Ogombo,Ajah,"₦ 200,000,000",250.0,4,4,Unfurnished,False,4bdrm Duplex in Ogombo for sale
6bdrm Duplex in Osapa london for sale,"Lekki, Osapa london",Osapa london,Lekki,"₦ 1,700,000,000",500.0,6,6,Unfurnished,False,6bdrm Duplex in Osapa london for sale
4bdrm Duplex in Ikota Extension for sale,"Lekki, Ikota",Ikota,Lekki,"₦ 140,000,000",150.0,4,4,Unfurnished,False,4bdrm Duplex in Ikota Extension for sale
"3bdrm Block of Flats in Clem Ijaiye Ojokoro, Abule Egba for sale","Lagos State, Abule Egba",Abule Egba,Lagos State,"₦ 100,000,000",600.0,3,2,Semi-Furnished,enterprise,"3bdrm Block of Flats in Clem Ijaiye Ojokoro, Abule Egba for sale"
4bdrm Duplex in Fagba Ifako Ijaiye for sale,"Agege, Fagba",Fagba,Agege,"₦ 275,000,000",220.0,4,4,Semi-Furnished,enterprise,4bdrm Duplex in Fagba Ifako Ijaiye for sale
5bdrm Duplex in Omole Phase 1 for sale,"Ikeja, Agidingbi",Agidingbi,Ikeja,"₦ 550,000,000",300.0,5,5,Semi-Furnished,enterprise,5bdrm Duplex in Omole Phase 1 for sale
Furnished 2bdrm Bungalow in Ayobo for sale,"Ipaja, Ayobo",Ayobo,Ipaja,"₦ 55,000,000",600.0,2,3,Furnished,diamond,Furnished 2bdrm Bungalow in Ayobo for sale
Furnished 3bdrm Duplex in Ayobo for sale,"Ipaja, Ayobo",Ayobo,Ipaja,"₦ 120,000,000",600.0,3,4,Furnished,diamond,Furnished 3bdrm Duplex in Ayobo for sale
4bdrm Maisonette in Old Ikoyi for sale,"Ikoyi, Old Ikoyi",Old Ikoyi,Ikoyi,"₦ 2,600,000,000",450.0,4,4,Unfurnished,False,4bdrm Maisonette in Old Ikoyi for sale
8bdrm Bungalow in Ifo Oja Bus Stop for sale,"Ogun State, Ifo",Ifo,Ogun State,"₦ 8,500,000",648.0,8,8,Semi-Furnished,diamond,8bdrm Bungalow in Ifo Oja Bus Stop for sale
"4bdrm Duplex in Kayfarm Estate, Ifako-Ogba for sale","Ogba, Ifako-Ogba",Ifako-Ogba,Ogba,"₦ 400,000,000",400.0,4,4,Semi-Furnished,enterprise,"4bdrm Duplex in Kayfarm Estate, Ifako-Ogba for sale"
3bdrm Duplex in Maplewood Estate Oko for sale,"Agege, Oko-Oba",Oko-Oba,Agege,"₦ 230,000,000",230.0,3,3,Semi-Furnished,enterprise,3bdrm Duplex in Maplewood Estate Oko for sale
"2bdrm Apartment in Ilasan, Ikate for sale","Lekki, Ikate",Ikate,Lekki,"₦ 150,000,000",250.0,2,2,Unfurnished,enterprise,"2bdrm Apartment in Ilasan, Ikate for sale"
"4bdrm Duplex in Orchid Lagos, Lafiaji for sale","Lekki, Lafiaji",Lafiaji,Lekki,"₦ 150,000,000",200.0,4,4,Unfurnished,False,"4bdrm Duplex in Orchid Lagos, Lafiaji for sale"
4bdrm Duplex in Ogudu Gra Ojota for sale,"Ojota, Ogudu Road",Ogudu Road,Ojota,"₦ 550,000,000",350.0,4,3,Semi-Furnished,enterprise,4bdrm Duplex in Ogudu Gra Ojota for sale
Furnished 4bdrm Duplex in Ayobo for sale,"Ipaja, Ayobo",Ayobo,Ipaja,"₦ 105,000,000",600.0,4,4,Furnished,diamond,Furnished 4bdrm Duplex in Ayobo for sale
"Furnished 3bdrm Duplex in Oriya, CHallenge / Ibadan for sale","Ibadan, CHallenge / Ibadan",CHallenge / Ibadan,Ibadan,"₦ 145,000,000",1200.0,3,3,Furnished,diamond,"Furnished 3bdrm Duplex in Oriya, CHallenge / Ibadan for sale"
5bdrm Duplex in Jahi Gilmore for sale,"Abuja (FCT), Jahi",Jahi,Abuja (FCT),"₦ 750,000,000",1200.0,5,5,Unfurnished,vip,5bdrm Duplex in Jahi Gilmore for sale
"2bdrm Apartment in Ajah, Abraham Adesanya Estate for sale","Ajah, Abraham Adesanya Estate",Abraham Adesanya Estate,Ajah,"₦ 95,000,000",200.0,2,2,Unfurnished,enterprise,"2bdrm Apartment in Ajah, Abraham Adesanya Estate for sale"
"5bdrm Duplex in Unilag Estate Magodo, Berger for sale","Ojodu, Berger",Berger,Ojodu,"₦ 370,000,000",400.0,5,5,Semi-Furnished,enterprise,"5bdrm Duplex in Unilag Estate Magodo, Berger for sale"
"3bdrm Block of Flats in Ijaiye Ojokoro Lcda, Ifako for sale","Agege, Ifako",Ifako,Agege,"₦ 180,000,000",630.0,3,3,Semi-Furnished,enterprise,"3bdrm Block of Flats in Ijaiye Ojokoro Lcda, Ifako for sale"
3bdrm Bungalow in Olusesi Balogun Iju for sale,"Agege, Iju",Iju,Agege,"₦ 130,000,000",600.0,3,3,Semi-Furnished,enterprise,3bdrm Bungalow in Olusesi Balogun Iju for sale
Furnished 2bdrm Apartment in Lekki for sale,"Lekki, Lekki Phase 1",Lekki Phase 1,Lekki,"₦ 250,000,000",250.0,2,2,Furnished,enterprise,Furnished 2bdrm Apartment in Lekki for sale
3bdrm House in Ile Epo Abule Egba for sale,"Lagos State, Abule Egba",Abule Egba,Lagos State,"₦ 70,000,000",600.0,3,3,Unfurnished,enterprise,3bdrm House in Ile Epo Abule Egba for sale
Furnished 3bdrm Duplex in Ayobo for sale,"Ipaja, Ayobo",Ayobo,Ipaja,"₦ 135,000,000",600.0,3,3,Furnished,diamond,Furnished 3bdrm Duplex in Ayobo for sale
5bdrm Duplex in Ikeja Gra for sale,"Ikeja, Ikeja GRA",Ikeja GRA,Ikeja,"₦ 1,200,000,000",500.0,5,5,Semi-Furnished,enterprise,5bdrm Duplex in Ikeja Gra for sale
3bdrm Block of Flats in Obawole Ifako Ijaiye for sale,"Ogba, Ifako-Ogba",Ifako-Ogba,Ogba,"₦ 220,000,000",630.0,3,2,Semi-Furnished,enterprise,3bdrm Block of Flats in Obawole Ifako Ijaiye for sale
5bdrm Duplex in Ado / Ajah for sale,"Ajah, Ado / Ajah",Ado / Ajah,Ajah,"₦ 300,000,000",350.0,5,5,Unfurnished,premium,5bdrm Duplex in Ado / Ajah for sale
"4bdrm Duplex in Ochacho Estate, Life Camp for sale","Gwarinpa, Life Camp",Life Camp,Gwarinpa,"₦ 150,000,000",350.0,4,5,Unfurnished,False,"4bdrm Duplex in Ochacho Estate, Life Camp for sale"
5bdrm Duplex in Banana Island for sale,"Ikoyi, Banana Island",Banana Island,Ikoyi,"₦ 3,200,000,000",500.0,5,5,Semi-Furnished,enterprise,5bdrm Duplex in Banana Island for sale
5bdrm Duplex in Ikeja Gra for sale,"Ikeja, Ikeja GRA",Ikeja GRA,Ikeja,"₦ 1,200,000,000",500.0,5,5,Semi-Furnished,enterprise,5bdrm Duplex in Ikeja Gra for sale
"Furnished 4bdrm House in New Planet Homes, FHA for sale","Lugbe District, FHA",FHA,Lugbe District,"₦ 270,000,000",500.0,4,4,Furnished,False,"Furnished 4bdrm House in New Planet Homes, FHA for sale"
"6bdrm Duplex in Housing Estate Elega, Abeokuta South for sale","Ogun State, Abeokuta South",Abeokuta South,Ogun State,"₦ 38,500,000",1200.0,6,10,Semi-Furnished,diamond,"6bdrm Duplex in Housing Estate Elega, Abeokuta South for sale"
Furnished 5bdrm Duplex in Baruwa for sale,"Ipaja, Baruwa",Baruwa,Ipaja,"₦ 160,000,000",600.0,5,5,Furnished,diamond,Furnished 5bdrm Duplex in Baruwa for sale
Furnished 2bdrm Block of Flats in Surulere for sale,"Lagos State, Surulere",Surulere,Lagos State,"₦ 2,800,000,000",1735.0,2,2,Furnished,enterprise,Furnished 2bdrm Block of Flats in Surulere for sale
Furnished 3bdrm Block of Flats in Fagba Ifako Ijaiye for sale,"Agege, Fagba",Fagba,Agege,"₦ 150,000,000",800.0,3,2,Furnished,enterprise,Furnished 3bdrm Block of Flats in Fagba Ifako Ijaiye for sale
4bdrm Duplex in Maitama for sale,"Abuja (FCT), Maitama",Maitama,Abuja (FCT),"₦ 1,800,000,000",600.0,4,4,Semi-Furnished,vip,4bdrm Duplex in Maitama for sale
"4bdrm Duplex in Riverview (Tinubu), Berger for sale","Ojodu, Berger",Berger,Ojodu,"₦ 250,000,000",250.0,4,4,Unfurnished,False,"4bdrm Duplex in Riverview (Tinubu), Berger for sale"
7bdrm Duplex in Owerri for sale,"Imo State, Owerri",Owerri,Imo State,"₦ 70,000,000",150.0,7,5,Unfurnished,False,7bdrm Duplex in Owerri for sale
"Furnished 4bdrm Duplex in Adageorge, Obio-Akpor for sale","Rivers State, Obio-Akpor",Obio-Akpor,Rivers State,"₦ 280,000,000",410.0,4,5,Furnished,premium,"Furnished 4bdrm Duplex in Adageorge, Obio-Akpor for sale"
5bdrm Duplex in Ifako-Ogba for sale,"Ogba, Ifako-Ogba",Ifako-Ogba,Ogba,"₦ 270,000,000",300.0,5,5,Semi-Furnished,False,5bdrm Duplex in Ifako-Ogba for sale
"8bdrm House in Tg/Property, Ikpoba-Okha for sale","Edo State, Ikpoba-Okha",Ikpoba-Okha,Edo State,"₦ 6,500,000",50.0,8,4,Unfurnished,False,"8bdrm House in Tg/Property, Ikpoba-Okha for sale"
"Furnished 4bdrm Duplex in Carlton Gate, Ibadan for sale","Oyo State, Ibadan",Ibadan,Oyo State,"₦ 2,700,000",520.0,4,5,Furnished,False,"Furnished 4bdrm Duplex in Carlton Gate, Ibadan for sale"
4bdrm Bungalow in Oyo for sale,"Oyo State, Oyo",Oyo,Oyo State,"₦ 13,000,000",725.0,4,4,Unfurnished,False,4bdrm Bungalow in Oyo for sale
"5bdrm Duplex in Royal Garden Estate, Ajiwe for sale","Ajah, Ajiwe",Ajiwe,Ajah,"₦ 1,100,000,000",650.0,5,5,Semi-Furnished,enterprise,"5bdrm Duplex in Royal Garden Estate, Ajiwe for sale"
"4bdrm Block of Flats in Rumuaghulu , Port for sale","Rivers State, Port-Harcourt",Port-Harcourt,Rivers State,"₦ 145,000,000",465.0,4,4,Semi-Furnished,enterprise,"4bdrm Block of Flats in Rumuaghulu , Port for sale"
4bdrm Duplex in D-Line for sale,"Port-Harcourt, D-Line",D-Line,Port-Harcourt,"₦ 150,000,000",450.0,4,4,Semi-Furnished,False,4bdrm Duplex in D-Line for sale
4bdrm Duplex in Ikota for sale,"Lekki, Ikota",Ikota,Lekki,"₦ 180,000,000",100.0,4,4,Semi-Furnished,enterprise,4bdrm Duplex in Ikota for sale
Furnished 4bdrm Duplex in Ikate for sale,"Lekki, Ikate",Ikate,Lekki,"₦ 18,000,000",308.0,4,4,Furnished,diamond,Furnished 4bdrm Duplex in Ikate for sale
2bdrm Block of Flats in Egbeda for sale,"Alimosho, Egbeda",Egbeda,Alimosho,"₦ 240,000,000",550.0,2,2,Semi-Furnished,enterprise,2bdrm Block of Flats in Egbeda for sale
Furnished 2bdrm Apartment in Kubwa for sale,"Abuja (FCT), Kubwa",Kubwa,Abuja (FCT),"₦ 32,000,000",250.0,2,1,Furnished,False,Furnished 2bdrm Apartment in Kubwa for sale
5bdrm Duplex in Trans Amadi for sale,"Port-Harcourt, Trans Amadi",Trans Amadi,Port-Harcourt,"₦ 550,000,000",465.0,5,5,Semi-Furnished,enterprise,5bdrm Duplex in Trans Amadi for sale
5bdrm Duplex in Obio-Akpor for sale,"Rivers State, Obio-Akpor",Obio-Akpor,Rivers State,"₦ 520,000,000",930.0,5,5,Semi-Furnished,enterprise,5bdrm Duplex in Obio-Akpor for sale
6bdrm Duplex in Obio-Akpor for sale,"Rivers State, Obio-Akpor",Obio-Akpor,Rivers State,"₦ 95,000,000",700.0,6,6,Semi-Furnished,enterprise,6bdrm Duplex in Obio-Akpor for sale
3bdrm Bungalow in Obio-Akpor for sale,"Rivers State, Obio-Akpor",Obio-Akpor,Rivers State,"₦ 134,000,000",465.0,3,3,Semi-Furnished,enterprise,3bdrm Bungalow in Obio-Akpor for sale
5bdrm Duplex in Lekki Foreshore for sale,"Lekki, Lekki Phase 1",Lekki Phase 1,Lekki,"₦ 650,000,000",300.0,5,5,Unfurnished,diamond,5bdrm Duplex in Lekki Foreshore for sale
"3bdrm Bungalow in Nike Lake Axis, Enugu for sale","Enugu State, Enugu",Enugu,Enugu State,"₦ 75,000,000",465.0,3,4,Semi-Furnished,premium,"3bdrm Bungalow in Nike Lake Axis, Enugu for sale"
"2bdrm Apartment in Bera Estate, Chevron for sale","Lekki, Chevron",Chevron,Lekki,"₦ 165,000,000",850.0,2,2,Semi-Furnished,False,"2bdrm Apartment in Bera Estate, Chevron for sale"
"5bdrm Duplex in Golf Estate, Enugu for sale","Enugu State, Enugu",Enugu,Enugu State,"₦ 800,000,000",2400.0,5,5,Semi-Furnished,premium,"5bdrm Duplex in Golf Estate, Enugu for sale"
12bdrm Block of Flats in Ajah for sale,"Lagos State, Ajah",Ajah,Lagos State,"₦ 65,000,000",500.0,12,12,Semi-Furnished,vip,12bdrm Block of Flats in Ajah for sale
"3bdrm Block of Flats in Gated Estate, Oke-Ira / Ogba for sale","Ogba, Oke-Ira / Ogba",Oke-Ira / Ogba,Ogba,"₦ 140,000,000",700.0,3,3,Semi-Furnished,False,"3bdrm Block of Flats in Gated Estate, Oke-Ira / Ogba for sale"
3bdrm Apartment in Off Ago Palace for sale,"Isolo, Ago Palace",Ago Palace,Isolo,"₦ 90,000,000",600.0,3,3,Unfurnished,False,3bdrm Apartment in Off Ago Palace for sale
"Furnished 7bdrm House in Balofem Properties &, Abeokuta North for sale","Ogun State, Abeokuta North",Abeokuta North,Ogun State,"₦ 100,000,000",648.0,7,7,Furnished,diamond,"Furnished 7bdrm House in Balofem Properties &, Abeokuta North for sale"
4bdrm Duplex in Awoyaya for sale,"Ibeju, Awoyaya",Awoyaya,Ibeju,"₦ 90,000,000",500.0,4,4,Semi-Furnished,vip,4bdrm Duplex in Awoyaya for sale
12bdrm House in Eleko for sale,"Ibeju, Eleko",Eleko,Ibeju,"₦ 400,000,000",500.0,12,12,Semi-Furnished,vip,12bdrm House in Eleko for sale
"Furnished 10bdrm House in Balofem Properties &, Abeokuta North for sale","Ogun State, Abeokuta North",Abeokuta North,Ogun State,"₦ 30,000,000",648.0,10,10,Furnished,diamond,"Furnished 10bdrm House in Balofem Properties &, Abeokuta North for sale"
"4bdrm Duplex in Ochacho Estate, Life Camp for sale","Gwarinpa, Life Camp",Life Camp,Gwarinpa,"₦ 130,000,000",650.0,4,4,Unfurnished,premium,"4bdrm Duplex in Ochacho Estate, Life Camp for sale"
1bdrm Apartment in Lekki Expressway for sale,"Lekki, Lekki Expressway",Lekki Expressway,Lekki,"₦ 42,000,000",90.0,1,7,Unfurnished,vip,1bdrm Apartment in Lekki Expressway for sale
18bdrm Block of Flats in Wuse for sale,"Abuja (FCT), Wuse",Wuse,Abuja (FCT),"₦ 800,000,000",1000.0,18,20,Unfurnished,False,18bdrm Block of Flats in Wuse for sale
"4bdrm Duplex in Estate, Jahi for sale","Abuja (FCT), Jahi",Jahi,Abuja (FCT),"₦ 570,000,000",700.0,4,5,Unfurnished,diamond,"4bdrm Duplex in Estate, Jahi for sale"
"2bdrm Block of Flats in Akins, Ajah for sale","Lagos State, Ajah",Ajah,Lagos State,"₦ 2,800,000",5000.0,2,3,Unfurnished,False,"2bdrm Block of Flats in Akins, Ajah for sale"
"4bdrm Duplex in Estate, Karsana for sale","Gwagwa, Karsana",Karsana,Gwagwa,"₦ 270,000,000",700.0,4,5,Unfurnished,diamond,"4bdrm Duplex in Estate, Karsana for sale"
"4bdrm Duplex in Estate, Gaduwa for sale","Abuja (FCT), Gaduwa",Gaduwa,Abuja (FCT),"₦ 300,000,000",700.0,4,5,Unfurnished,diamond,"4bdrm Duplex in Estate, Gaduwa for sale"
"5bdrm Bungalow in Centenary City, Enugu for sale","Enugu State, Enugu",Enugu,Enugu State,"₦ 135,000,000",500.0,5,6,Semi-Furnished,premium,"5bdrm Bungalow in Centenary City, Enugu for sale"
"3bdrm Block of Flats in Panther Creek, Life Camp for sale","Gwarinpa, Life Camp",Life Camp,Gwarinpa,"₦ 180,000,000",1034.0,3,4,Unfurnished,False,"3bdrm Block of Flats in Panther Creek, Life Camp for sale"
4bdrm Duplex in Jahi for sale,"Abuja (FCT), Jahi",Jahi,Abuja (FCT),"₦ 450,000,000",250.0,4,4,Unfurnished,enterprise,4bdrm Duplex in Jahi for sale
3bdrm Apartment in Ifako for sale,"Gbagada, Ifako-Gbagada",Ifako-Gbagada,Gbagada,"₦ 160,000,000",650.0,3,3,Semi-Furnished,enterprise,3bdrm Apartment in Ifako for sale
"3bdrm Block of Flats in Sabo, Abeokuta South for sale","Ogun State, Abeokuta South",Abeokuta South,Ogun State,"₦ 58,000,000",600.0,3,3,Unfurnished,False,"3bdrm Block of Flats in Sabo, Abeokuta South for sale"
3bdrm Apartment in Maryland Estate for sale,"Maryland, LSDPC Maryland Estate",LSDPC Maryland Estate,Maryland,"₦ 250,000,000",600.0,3,3,Semi-Furnished,enterprise,3bdrm Apartment in Maryland Estate for sale
5bdrm Duplex in Banana Island for sale,"Ikoyi, Banana Island",Banana Island,Ikoyi,"₦ 4,800,000,000",250.0,5,5,Semi-Furnished,enterprise,5bdrm Duplex in Banana Island for sale
"4bdrm Duplex in Millennium Estate, Millenuim/UPS for sale","Gbagada, Millenuim/UPS",Millenuim/UPS,Gbagada,"₦ 400,000,000",230.0,4,4,Semi-Furnished,enterprise,"4bdrm Duplex in Millennium Estate, Millenuim/UPS for sale"
2bdrm Duplex in Ilupeju Industrial Estate for sale,"Ilupeju, Ilupeju Industrial Estate",Ilupeju Industrial Estate,Ilupeju,"₦ 830,000,000",825.0,2,4,Semi-Furnished,enterprise,2bdrm Duplex in Ilupeju Industrial Estate for sale
6bdrm Duplex in Lekki Phase1 for sale,"Lekki, Lekki Phase 1",Lekki Phase 1,Lekki,"₦ 1,300,000,000",300.0,6,6,Semi-Furnished,enterprise,6bdrm Duplex in Lekki Phase1 for sale
4bdrm Duplex in GRA Phase 1 for sale,"Magodo, GRA Phase 1",GRA Phase 1,Magodo,"₦ 450,000,000",400.0,4,5,Semi-Furnished,diamond,4bdrm Duplex in GRA Phase 1 for sale
3bdrm Block of Flats in Ago Palace for sale,"Isolo, Ago Palace",Ago Palace,Isolo,"₦ 230,000,000",600.0,3,3,Unfurnished,enterprise,3bdrm Block of Flats in Ago Palace for sale
4bdrm Maisonette in Opebi for sale,"Ikeja, Opebi",Opebi,Ikeja,"₦ 420,000,000",250.0,4,5,Semi-Furnished,diamond,4bdrm Maisonette in Opebi for sale
"Furnished 4bdrm Duplex in Rayfield Resort, Jos for sale","Plateau State, Jos",Jos,Plateau State,"₦ 120,000,000",5000.0,4,5,Furnished,False,"Furnished 4bdrm Duplex in Rayfield Resort, Jos for sale"
4bdrm Duplex in Katampe (Main) for sale,"Katampe, Katampe (Main)",Katampe (Main),Katampe,"₦ 7,500,000,000",100.0,4,4,Unfurnished,enterprise,4bdrm Duplex in Katampe (Main) for sale
"4bdrm Duplex in Gbagada, Millenuim/UPS for sale","Gbagada, Millenuim/UPS",Millenuim/UPS,Gbagada,"₦ 280,000,000",220.0,4,4,Semi-Furnished,enterprise,"4bdrm Duplex in Gbagada, Millenuim/UPS for sale"
"5bdrm Duplex in Secured Estate Oniru, Victoria Island Extension","Victoria Island, Victoria Island Extension",Victoria Island Extension,Victoria Island,"₦ 1,600,000,000",500.0,5,5,Semi-Furnished,enterprise,"5bdrm Duplex in Secured Estate Oniru, Victoria Island Extension"
"Furnished 3bdrm Bungalow in Ofin Estate, Igbogbo for sale","Ikorodu, Igbogbo",Igbogbo,Ikorodu,"₦ 30,000,000",300.0,3,3,Furnished,diamond,"Furnished 3bdrm Bungalow in Ofin Estate, Igbogbo for sale"
"14bdrm Block of Flats in White House, Okokomaiko for sale","Ojo, Okokomaiko",Okokomaiko,Ojo,"₦ 114,000,000",500.0,14,14,Semi-Furnished,diamond,"14bdrm Block of Flats in White House, Okokomaiko for sale"
3bdrm Apartment in Magodo Gra Phase 2 for sale,"Magodo, GRA Phase 2 Shangisha",GRA Phase 2 Shangisha,Magodo,"₦ 280,000,000",650.0,3,3,Semi-Furnished,enterprise,3bdrm Apartment in Magodo Gra Phase 2 for sale
3bdrm Bungalow in Dutse-Alhaji for sale,"Abuja (FCT), Dutse-Alhaji",Dutse-Alhaji,Abuja (FCT),"₦ 20,000,000",233.0,3,3,Unfurnished,False,3bdrm Bungalow in Dutse-Alhaji for sale
4bdrm Duplex in Lekki Phase 1 for sale,"Lekki, Lekki Phase 1",Lekki Phase 1,Lekki,"₦ 650,000,000",600.0,4,4,Semi-Furnished,enterprise,4bdrm Duplex in Lekki Phase 1 for sale
4bdrm Duplex in Guzape District for sale,"Abuja (FCT), Guzape District",Guzape District,Abuja (FCT),"₦ 350,000,000",250.0,4,4,Unfurnished,enterprise,4bdrm Duplex in Guzape District for sale
3bdrm Apartment in Maryland for sale,"Maryland, LSDPC Maryland Estate",LSDPC Maryland Estate,Maryland,"₦ 280,000,000",800.0,3,3,Semi-Furnished,enterprise,3bdrm Apartment in Maryland for sale
"4bdrm Duplex in Olowora, Magodo Isheri for sale","Ojodu, Magodo Isheri",Magodo Isheri,Ojodu,"₦ 270,000,000",220.0,4,4,Semi-Furnished,enterprise,"4bdrm Duplex in Olowora, Magodo Isheri for sale"
Furnished 12bdrm Block of Flats in Benin City for sale,"Edo State, Benin City",Benin City,Edo State,"₦ 55,000,000",929.0,12,9,Furnished,diamond,Furnished 12bdrm Block of Flats in Benin City for sale
"20bdrm Apartment in Elijah, Badagry / Badagry for sale","Badagry, Badagry / Badagry",Badagry / Badagry,Badagry,"₦ 38,000,000",800.0,20,4,Unfurnished,diamond,"20bdrm Apartment in Elijah, Badagry / Badagry for sale"
"3bdrm Block of Flats in Ajuwon, Berger for sale","Ojodu, Berger",Berger,Ojodu,"₦ 80,000,000",650.0,3,3,Semi-Furnished,enterprise,"3bdrm Block of Flats in Ajuwon, Berger for sale"
3bdrm Bungalow in Benin City for sale,"Edo State, Benin City",Benin City,Edo State,"₦ 50,000,000",465.0,3,3,Unfurnished,diamond,3bdrm Bungalow in Benin City for sale
18bdrm Block of Flats in Benin City for sale,"Edo State, Benin City",Benin City,Edo State,"₦ 250,000,000",929.0,18,11,Unfurnished,diamond,18bdrm Block of Flats in Benin City for sale
4bdrm Duplex in Ikota for sale,"Lekki, Ikota",Ikota,Lekki,"₦ 220,000,000",200.0,4,5,Semi-Furnished,diamond,4bdrm Duplex in Ikota for sale
5bdrm Duplex in Chevron for sale,"Lekki, Chevron",Chevron,Lekki,"₦ 480,000,000",250.0,5,6,Semi-Furnished,diamond,5bdrm Duplex in Chevron for sale
5bdrm Duplex in Chevron for sale,"Lekki, Chevron",Chevron,Lekki,"₦ 450,000,000",300.0,5,6,Semi-Furnished,diamond,5bdrm Duplex in Chevron for sale
"2bdrm Apartment in Yaba, Onike for sale","Yaba, Onike",Onike,Yaba,"₦ 150,000,000",550.0,2,2,Semi-Furnished,enterprise,"2bdrm Apartment in Yaba, Onike for sale"
4bdrm Apartment in Ikeja Gra for sale,"Ikeja, Ikeja GRA",Ikeja GRA,Ikeja,"₦ 550,000,000",412.0,4,4,Semi-Furnished,enterprise,4bdrm Apartment in Ikeja Gra for sale
Furnished 6bdrm Block of Flats in Benin City for sale,"Edo State, Benin City",Benin City,Edo State,"₦ 35,000,000",465.0,6,4,Furnished,diamond,Furnished 6bdrm Block of Flats in Benin City for sale
6bdrm Block of Flats in Benin City for sale,"Edo State, Benin City",Benin City,Edo State,"₦ 50,000,000",465.0,6,4,Unfurnished,diamond,6bdrm Block of Flats in Benin City for sale
2bdrm Apartment in Agungi for sale,"Lekki, Agungi",Agungi,Lekki,"₦ 130,000,000",400.0,2,3,Semi-Furnished,diamond,2bdrm Apartment in Agungi for sale
4bdrm Duplex in Allen Avenue for sale,"Ikeja, Allen Avenue",Allen Avenue,Ikeja,"₦ 420,000,000",225.0,4,4,Semi-Furnished,enterprise,4bdrm Duplex in Allen Avenue for sale
8bdrm Block of Flats in Benin City for sale,"Edo State, Benin City",Benin City,Edo State,"₦ 60,000,000",929.0,8,4,Unfurnished,diamond,8bdrm Block of Flats in Benin City for sale
5bdrm Duplex in Osapa london for sale,"Lekki, Osapa london",Osapa london,Lekki,"₦ 750,000,000",250.0,5,6,Semi-Furnished,diamond,5bdrm Duplex in Osapa london for sale
5bdrm Duplex in Lekki Phase 1 for sale,"Lekki, Lekki Phase 1",Lekki Phase 1,Lekki,"₦ 1,300,000,000",250.0,5,6,Semi-Furnished,diamond,5bdrm Duplex in Lekki Phase 1 for sale
5bdrm Duplex in Ikota for sale,"Lekki, Ikota",Ikota,Lekki,"₦ 420,000,000",250.0,5,6,Semi-Furnished,diamond,5bdrm Duplex in Ikota for sale
5bdrm Duplex in Lekki Phase 1 for sale,"Lekki, Lekki Phase 1",Lekki Phase 1,Lekki,"₦ 850,000,000",250.0,5,6,Semi-Furnished,diamond,5bdrm Duplex in Lekki Phase 1 for sale
"2bdrm Bungalow in Ire Estate, Igbogbo for sale","Ikorodu, Igbogbo",Igbogbo,Ikorodu,"₦ 16,000,000",600.0,2,4,Unfurnished,diamond,"2bdrm Bungalow in Ire Estate, Igbogbo for sale"
"3bdrm Duplex in Kolapo Ishola Gra, Akobo for sale","Ibadan, Akobo",Akobo,Ibadan,"₦ 140,000,000",250.0,3,3,Unfurnished,enterprise,"3bdrm Duplex in Kolapo Ishola Gra, Akobo for sale"
5bdrm Duplex in Oregun for sale,"Ikeja, Oregun",Oregun,Ikeja,"₦ 450,000,000",258.0,5,5,Semi-Furnished,enterprise,5bdrm Duplex in Oregun for sale
4bdrm Duplex in Ogba for sale,"Ogba, Ifako-Ogba",Ifako-Ogba,Ogba,"₦ 230,000,000",223.0,4,4,Semi-Furnished,enterprise,4bdrm Duplex in Ogba for sale
3bdrm Block of Flats in Secured Estate for sale,"Maryland, LSDPC Maryland Estate",LSDPC Maryland Estate,Maryland,"₦ 650,000,000",419.0,3,3,Semi-Furnished,enterprise,3bdrm Block of Flats in Secured Estate for sale
"2bdrm Apartment in Ofin Estate, Igbogbo for sale","Ikorodu, Igbogbo",Igbogbo,Ikorodu,"₦ 11,000,000",300.0,2,2,Unfurnished,diamond,"2bdrm Apartment in Ofin Estate, Igbogbo for sale"
"5bdrm Bungalow in Unique Estate, Baruwa for sale","Ipaja, Baruwa",Baruwa,Ipaja,"₦ 135,000,000",600.0,5,4,Unfurnished,diamond,"5bdrm Bungalow in Unique Estate, Baruwa for sale"
"4bdrm Duplex in Royal Garden Estate, Off Lekki-Epe Expressway for sale","Ajah, Off Lekki-Epe Expressway",Off Lekki-Epe Expressway,Ajah,"₦ 450,000,000",300.0,4,4,Semi-Furnished,enterprise,"4bdrm Duplex in Royal Garden Estate, Off Lekki-Epe Expressway for sale"
4bdrm Apartment in Benin City for sale,"Edo State, Benin City",Benin City,Edo State,"₦ 45,000,000",465.0,4,2,Unfurnished,diamond,4bdrm Apartment in Benin City for sale
"4bdrm House in Kolapo Ishola Gra, Akobo for sale","Ibadan, Akobo",Akobo,Ibadan,"₦ 320,000,000",400.0,4,4,Unfurnished,enterprise,"4bdrm House in Kolapo Ishola Gra, Akobo for sale"
5bdrm Duplex in Asokoro for sale,"Abuja (FCT), Asokoro",Asokoro,Abuja (FCT),"₦ 1,500,000,000",500.0,5,5,Unfurnished,enterprise,5bdrm Duplex in Asokoro for sale
Furnished 18bdrm Apartment in Benin City for sale,"Edo State, Benin City",Benin City,Edo State,"₦ 550,000,000",465.0,18,12,Furnished,diamond,Furnished 18bdrm Apartment in Benin City for sale
4bdrm Block of Flats in Benin City for sale,"Edo State, Benin City",Benin City,Edo State,"₦ 48,000,000",465.0,4,2,Unfurnished,diamond,4bdrm Block of Flats in Benin City for sale
5bdrm Duplex in Lekki County Homes for sale,"Lekki, Lekki Phase 2",Lekki Phase 2,Lekki,"₦ 750,000,000",300.0,5,6,Semi-Furnished,diamond,5bdrm Duplex in Lekki County Homes for sale
2bdrm House in Ojuelegba for sale,"Surulere, Ojuelegba",Ojuelegba,Surulere,"₦ 195,000,000",692.0,2,3,Unfurnished,enterprise,2bdrm House in Ojuelegba for sale
"4bdrm Duplex in Carlton Gate Estate, Ibadan for sale","Oyo State, Ibadan",Ibadan,Oyo State,"₦ 200,000,000",600.0,4,4,Unfurnished,enterprise,"4bdrm Duplex in Carlton Gate Estate, Ibadan for sale"
"3bdrm Apartment in Gbagada, Millenuim/UPS for sale","Gbagada, Millenuim/UPS",Millenuim/UPS,Gbagada,"₦ 170,000,000",515.0,3,3,Semi-Furnished,enterprise,"3bdrm Apartment in Gbagada, Millenuim/UPS for sale"
3bdrm Maisonette in Lekki Phase 1 for sale,"Lekki, Lekki Phase 1",Lekki Phase 1,Lekki,"₦ 579,000,000",500.0,3,4,Semi-Furnished,diamond,3bdrm Maisonette in Lekki Phase 1 for sale
"4bdrm Duplex in Carlton Gate Estate, Ibadan for sale","Oyo State, Ibadan",Ibadan,Oyo State,"₦ 200,000,000",400.0,4,4,Unfurnished,enterprise,"4bdrm Duplex in Carlton Gate Estate, Ibadan for sale"
9bdrm Mansion in Guzape District for sale,"Abuja (FCT), Guzape District",Guzape District,Abuja (FCT),"₦ 9,000,000,000",1500.0,9,9,Semi-Furnished,enterprise,9bdrm Mansion in Guzape District for sale
3bdrm Duplex in Ilupeju Estate for sale,"Ilupeju, Ilupeju Industrial Estate",Ilupeju Industrial Estate,Ilupeju,"₦ 300,000,000",220.0,3,3,Semi-Furnished,enterprise,3bdrm Duplex in Ilupeju Estate for sale
3bdrm Block of Flats in Akoka for sale,"Yaba, Akoka",Akoka,Yaba,"₦ 280,000,000",600.0,3,3,Semi-Furnished,enterprise,3bdrm Block of Flats in Akoka for sale
4bdrm Block of Flats in Benin City for sale,"Edo State, Benin City",Benin City,Edo State,"₦ 120,000,000",465.0,4,2,Unfurnished,diamond,4bdrm Block of Flats in Benin City for sale
"1bdrm Apartment in Orchid Road, Lekki Phase 2 for sale","Lekki, Lekki Phase 2",Lekki Phase 2,Lekki,"₦ 85,000,000",300.0,1,2,Semi-Furnished,diamond,"1bdrm Apartment in Orchid Road, Lekki Phase 2 for sale"
5bdrm Duplex in Chevron for sale,"Lekki, Chevron",Chevron,Lekki,"₦ 350,000,000",250.0,5,6,Semi-Furnished,diamond,5bdrm Duplex in Chevron for sale
4bdrm Duplex in Lekki Phase 2 for sale,"Lekki, Lekki Phase 2",Lekki Phase 2,Lekki,"₦ 330,000,000",400.0,4,5,Semi-Furnished,diamond,4bdrm Duplex in Lekki Phase 2 for sale
Furnished 10bdrm Block of Flats in Igbogbo Estate for sale,"Ikorodu, Igbogbo",Igbogbo,Ikorodu,"₦ 40,000,000",600.0,10,10,Furnished,diamond,Furnished 10bdrm Block of Flats in Igbogbo Estate for sale
"4bdrm Apartment in Palace Estate, Akesan for sale","Alimosho, Akesan",Akesan,Alimosho,"₦ 42,750,000",300.0,4,4,Unfurnished,diamond,"4bdrm Apartment in Palace Estate, Akesan for sale"
4bdrm Duplex in Guzape District for sale,"Abuja (FCT), Guzape District",Guzape District,Abuja (FCT),"₦ 750,000,000",600.0,4,4,Unfurnished,enterprise,4bdrm Duplex in Guzape District for sale
"4bdrm Duplex in Ikolaba Gra, Akobo for sale","Ibadan, Akobo",Akobo,Ibadan,"₦ 220,000,000",500.0,4,4,Unfurnished,enterprise,"4bdrm Duplex in Ikolaba Gra, Akobo for sale"
3bdrm Apartment in Gbagada for sale,"Gbagada, Ifako-Gbagada",Ifako-Gbagada,Gbagada,"₦ 100,000,000",558.0,3,3,Semi-Furnished,enterprise,3bdrm Apartment in Gbagada for sale
4bdrm Duplex in Lekki for sale,"Lagos State, Lekki",Lekki,Lagos State,"₦ 180,000,000",580.0,4,5,Semi-Furnished,vip_gold,4bdrm Duplex in Lekki for sale
4bdrm Duplex in Chevron for sale,"Lekki, Chevron",Chevron,Lekki,"₦ 470,000,000",250.0,4,5,Semi-Furnished,diamond,4bdrm Duplex in Chevron for sale
4bdrm Duplex in Lekki Phase 2 for sale,"Lekki, Lekki Phase 2",Lekki Phase 2,Lekki,"₦ 220,000,000",200.0,4,5,Semi-Furnished,diamond,4bdrm Duplex in Lekki Phase 2 for sale
5bdrm Duplex in Omole Phase1 for sale,"Ikeja, Omole Phase 1",Omole Phase 1,Ikeja,"₦ 650,000,000",249.0,5,5,Semi-Furnished,enterprise,5bdrm Duplex in Omole Phase1 for sale
"3bdrm Bungalow in Fawole Estate, Igbogbo for sale","Ikorodu, Igbogbo",Igbogbo,Ikorodu,"₦ 20,000,000",600.0,3,3,Unfurnished,diamond,"3bdrm Bungalow in Fawole Estate, Igbogbo for sale"
"Furnished 3bdrm Bungalow in Love Estate, Igbogbo for sale","Ikorodu, Igbogbo",Igbogbo,Ikorodu,"₦ 25,000,000",600.0,3,3,Furnished,diamond,"Furnished 3bdrm Bungalow in Love Estate, Igbogbo for sale"
4bdrm Duplex in Wuye for sale,"Abuja (FCT), Wuye",Wuye,Abuja (FCT),"₦ 350,000,000",100.0,4,4,Unfurnished,enterprise,4bdrm Duplex in Wuye for sale
4bdrm Duplex in Opebi for sale,"Ikeja, Opebi",Opebi,Ikeja,"₦ 550,000,000",250.0,4,4,Semi-Furnished,enterprise,4bdrm Duplex in Opebi for sale
4bdrm Duplex in Idado for sale,"Lekki, Idado",Idado,Lekki,"₦ 300,000,000",400.0,4,5,Semi-Furnished,diamond,4bdrm Duplex in Idado for sale
"4bdrm Duplex in River Valley Estate, Berger for sale","Ojodu, Berger",Berger,Ojodu,"₦ 245,000,000",230.0,4,4,Semi-Furnished,enterprise,"4bdrm Duplex in River Valley Estate, Berger for sale"
4bdrm Duplex in Gbagada Phase 2 for sale,"Gbagada, Phase 2",Phase 2,Gbagada,"₦ 450,000,000",255.0,4,4,Semi-Furnished,enterprise,4bdrm Duplex in Gbagada Phase 2 for sale
4bdrm Duplex in Opebi for sale,"Ikeja, Opebi",Opebi,Ikeja,"₦ 500,000,000",220.0,4,4,Semi-Furnished,enterprise,4bdrm Duplex in Opebi for sale
5bdrm Duplex in Ikota for sale,"Lekki, Ikota",Ikota,Lekki,"₦ 420,000,000",250.0,5,6,Semi-Furnished,diamond,5bdrm Duplex in Ikota for sale
"12bdrm Block of Flats in Adeyemi, Abeokuta South for sale","Ogun State, Abeokuta South",Abeokuta South,Ogun State,"₦ 38,000,000",600.0,12,12,Unfurnished,diamond,"12bdrm Block of Flats in Adeyemi, Abeokuta South for sale"
"3bdrm Duplex in Gwarinpa, Bunkoro for sale","Gwarinpa, Bunkoro",Bunkoro,Gwarinpa,"₦ 175,000,000",500.0,3,4,Semi-Furnished,False,"3bdrm Duplex in Gwarinpa, Bunkoro for sale"
6bdrm Duplex in Guzape District for sale,"Abuja (FCT), Guzape District",Guzape District,Abuja (FCT),"₦ 1,500,000,000",1000.0,6,6,Unfurnished,enterprise,6bdrm Duplex in Guzape District for sale
7bdrm Duplex in Magodo Phase2 for sale,"Magodo, GRA Phase 2 Shangisha",GRA Phase 2 Shangisha,Magodo,"₦ 750,000,000",259.0,7,7,Semi-Furnished,enterprise,7bdrm Duplex in Magodo Phase2 for sale
2bdrm Block of Flats in Magodo Gra Phase1 for sale,"Magodo, GRA Phase 1",GRA Phase 1,Magodo,"₦ 350,000,000",420.0,2,2,Semi-Furnished,enterprise,2bdrm Block of Flats in Magodo Gra Phase1 for sale
"2bdrm Apartment in Off College Road, Ifako-Ogba for sale","Ogba, Ifako-Ogba",Ifako-Ogba,Ogba,"₦ 100,000,000",650.0,2,2,Semi-Furnished,enterprise,"2bdrm Apartment in Off College Road, Ifako-Ogba for sale"
2bdrm Bungalow in Agbara Estate for sale,"Lagos State, Agbara-Igbesan",Agbara-Igbesan,Lagos State,"₦ 59,999,999",301.0,2,2,Semi-Furnished,vip_gold,2bdrm Bungalow in Agbara Estate for sale
5bdrm Duplex in Lekki Phase 1 for sale,"Lekki, Lekki Phase 1",Lekki Phase 1,Lekki,"₦ 480,000,000",500.0,5,5,Unfurnished,diamond,5bdrm Duplex in Lekki Phase 1 for sale
12bdrm House in Benin City for sale,"Edo State, Benin City",Benin City,Edo State,"₦ 110,000,000",557.0,12,9,Unfurnished,diamond,12bdrm House in Benin City for sale
2bdrm Bungalow in Benin City for sale,"Edo State, Benin City",Benin City,Edo State,"₦ 15,000,000",465.0,2,1,Unfurnished,diamond,2bdrm Bungalow in Benin City for sale
5bdrm Bungalow in Benin City for sale,"Edo State, Benin City",Benin City,Edo State,"₦ 75,000,000",929.0,5,2,Unfurnished,diamond,5bdrm Bungalow in Benin City for sale
6bdrm Duplex in Lekki Phase 1 for sale,"Lekki, Lekki Phase 1",Lekki Phase 1,Lekki,"₦ 1,400,000,000",250.0,6,7,Semi-Furnished,diamond,6bdrm Duplex in Lekki Phase 1 for sale
5bdrm Duplex in Magodo Gra Phase1 for sale,"Magodo, GRA Phase 1",GRA Phase 1,Magodo,"₦ 700,000,000",315.0,5,5,Semi-Furnished,enterprise,5bdrm Duplex in Magodo Gra Phase1 for sale
5bdrm Duplex in Chevron for sale,"Lekki, Chevron",Chevron,Lekki,"₦ 480,000,000",350.0,5,6,Semi-Furnished,diamond,5bdrm Duplex in Chevron for sale
4bdrm Duplex in Lekki Phase 2 for sale,"Lekki, Lekki Phase 2",Lekki Phase 2,Lekki,"₦ 370,000,000",250.0,4,5,Semi-Furnished,diamond,4bdrm Duplex in Lekki Phase 2 for sale
4bdrm Duplex in Lekki Phase 2 for sale,"Lekki, Lekki Phase 2",Lekki Phase 2,Lekki,"₦ 250,000,000",700.0,4,4,Semi-Furnished,enterprise,4bdrm Duplex in Lekki Phase 2 for sale
"5bdrm Duplex in Okebadan Estate, Akobo for sale","Ibadan, Akobo",Akobo,Ibadan,"₦ 220,000,000",500.0,5,5,Unfurnished,enterprise,"5bdrm Duplex in Okebadan Estate, Akobo for sale"
4bdrm Maisonette in Bodija for sale,"Ibadan, Bodija",Bodija,Ibadan,"₦ 290,000,000",500.0,4,4,Unfurnished,enterprise,4bdrm Maisonette in Bodija for sale
4bdrm Duplex in Karsana for sale,"Gwagwa, Karsana",Karsana,Gwagwa,"₦ 278,000,000",600.0,4,4,Unfurnished,enterprise,4bdrm Duplex in Karsana for sale
"3bdrm Bungalow in Ibeju Lekki Aiyetoro, Aiyeteju for sale","Ibeju, Aiyeteju",Aiyeteju,Ibeju,"₦ 90,000,000",350.0,3,3,Semi-Furnished,enterprise,"3bdrm Bungalow in Ibeju Lekki Aiyetoro, Aiyeteju for sale"
5bdrm Duplex in Opebi for sale,"Ikeja, Opebi",Opebi,Ikeja,"₦ 700,000,000",300.0,5,5,Semi-Furnished,enterprise,5bdrm Duplex in Opebi for sale
4bdrm Duplex in Ikota for sale,"Lekki, Ikota",Ikota,Lekki,"₦ 160,000,000",200.0,4,5,Semi-Furnished,diamond,4bdrm Duplex in Ikota for sale
"4bdrm Bungalow in Iyi Azi Land, Njikoka for sale","Anambra State, Njikoka",Njikoka,Anambra State,"₦ 67,500,000",500.0,4,5,Semi-Furnished,diamond,"4bdrm Bungalow in Iyi Azi Land, Njikoka for sale"
5bdrm Duplex in Lekki Phase 1 for sale,"Lekki, Lekki Phase 1",Lekki Phase 1,Lekki,"₦ 1,800,000,000",400.0,5,6,Semi-Furnished,diamond,5bdrm Duplex in Lekki Phase 1 for sale
3bdrm Apartment in Off Toyin for sale,"Ikeja, Toyin Street",Toyin Street,Ikeja,"₦ 210,000,000",650.0,3,3,Semi-Furnished,enterprise,3bdrm Apartment in Off Toyin for sale
4bdrm Duplex in Yaba for sale,"Yaba, Sabo / Yaba",Sabo / Yaba,Yaba,"₦ 290,000,000",210.0,4,4,Semi-Furnished,enterprise,4bdrm Duplex in Yaba for sale
3bdrm Block of Flats in Omole Phase 2 for sale,"Ikeja, Omole Phase 2",Omole Phase 2,Ikeja,"₦ 500,000,000",428.0,3,3,Semi-Furnished,enterprise,3bdrm Block of Flats in Omole Phase 2 for sale
5bdrm Bungalow in Benin City for sale,"Edo State, Benin City",Benin City,Edo State,"₦ 55,000,000",465.0,5,3,Unfurnished,diamond,5bdrm Bungalow in Benin City for sale
4bdrm Apartment in Benin City for sale,"Edo State, Benin City",Benin City,Edo State,"₦ 180,000,000",1858.0,4,3,Unfurnished,diamond,4bdrm Apartment in Benin City for sale
3bdrm Apartment in Benin City for sale,"Edo State, Benin City",Benin City,Edo State,"₦ 20,000,000",926.0,3,3,Semi-Furnished,diamond,3bdrm Apartment in Benin City for sale
5bdrm Duplex in Guzape District for sale,"Abuja (FCT), Guzape District",Guzape District,Abuja (FCT),"₦ 1,500,000,000",700.0,5,5,Unfurnished,enterprise,5bdrm Duplex in Guzape District for sale
5bdrm Duplex in Ikeja Gra for sale,"Ikeja, Ikeja GRA",Ikeja GRA,Ikeja,"₦ 950,000,000",220.0,5,5,Semi-Furnished,enterprise,5bdrm Duplex in Ikeja Gra for sale
4bdrm Apartment in Ikate for sale,"Lekki, Ikate",Ikate,Lekki,"₦ 400,000,000",400.0,4,5,Semi-Furnished,diamond,4bdrm Apartment in Ikate for sale
3bdrm Maisonette in Kofo Abayomi for sale,"Victoria Island, Kofo Abayomi",Kofo Abayomi,Victoria Island,"₦ 956,000,000",600.0,3,4,Semi-Furnished,diamond,3bdrm Maisonette in Kofo Abayomi for sale
"8bdrm Mansion in Admiralty Estate, Asokoro for sale","Abuja (FCT), Asokoro",Asokoro,Abuja (FCT),"₦ 1,300,000,000",1500.0,8,8,Semi-Furnished,enterprise,"8bdrm Mansion in Admiralty Estate, Asokoro for sale"
4bdrm Duplex in Kaura for sale,"Abuja (FCT), Kaura",Kaura,Abuja (FCT),"₦ 480,000,000",500.0,4,4,Unfurnished,enterprise,4bdrm Duplex in Kaura for sale
4bdrm Duplex in Opebi for sale,"Ikeja, Opebi",Opebi,Ikeja,"₦ 450,000,000",225.0,4,4,Semi-Furnished,enterprise,4bdrm Duplex in Opebi for sale
4bdrm Duplex in Ajah for sale,"Lagos State, Ajah",Ajah,Lagos State,"₦ 200,000,000",550.0,4,5,Semi-Furnished,vip_gold,4bdrm Duplex in Ajah for sale
2bdrm Apartment in Ologolo for sale,"Lekki, Ologolo",Ologolo,Lekki,"₦ 125,000,000",300.0,2,3,Semi-Furnished,diamond,2bdrm Apartment in Ologolo for sale
3bdrm Apartment in Ikeja Gra for sale,"Ikeja, Ikeja GRA",Ikeja GRA,Ikeja,"₦ 330,000,000",850.0,3,3,Semi-Furnished,enterprise,3bdrm Apartment in Ikeja Gra for sale
3bdrm Duplex in Gbagada Phase1 for sale,"Gbagada, Phase 1 / Gbagada",Phase 1 / Gbagada,Gbagada,"₦ 400,000,000",225.0,3,3,Semi-Furnished,enterprise,3bdrm Duplex in Gbagada Phase1 for sale
"3bdrm Apartment in Ikeja, Adeniyi Jones for sale","Ikeja, Adeniyi Jones",Adeniyi Jones,Ikeja,"₦ 300,000,000",650.0,3,3,Semi-Furnished,enterprise,"3bdrm Apartment in Ikeja, Adeniyi Jones for sale"
5bdrm Duplex in Osapa London for sale,"Lekki, Osapa london",Osapa london,Lekki,"₦ 1,500,000,000",600.0,5,5,Semi-Furnished,enterprise,5bdrm Duplex in Osapa London for sale
5bdrm Duplex in Lekki for sale,"Lagos State, Lekki",Lekki,Lagos State,"₦ 600,000,000",600.0,5,6,Semi-Furnished,vip_gold,5bdrm Duplex in Lekki for sale
"4bdrm House in Ire Estate, Igbogbo for sale","Ikorodu, Igbogbo",Igbogbo,Ikorodu,"₦ 20,000,000",600.0,4,4,Unfurnished,diamond,"4bdrm House in Ire Estate, Igbogbo for sale"
"4bdrm Bungalow in Carlton Gate Estate, Ibadan for sale","Oyo State, Ibadan",Ibadan,Oyo State,"₦ 220,000,000",740.0,4,4,Unfurnished,enterprise,"4bdrm Bungalow in Carlton Gate Estate, Ibadan for sale"
4bdrm Duplex in Guzape District for sale,"Abuja (FCT), Guzape District",Guzape District,Abuja (FCT),"₦ 450,000,000",250.0,4,4,Unfurnished,enterprise,4bdrm Duplex in Guzape District for sale
"4bdrm Duplex in Magodo Phas1, GRA Phase 1 for sale","Magodo, GRA Phase 1",GRA Phase 1,Magodo,"₦ 280,000,000",220.0,4,4,Semi-Furnished,enterprise,"4bdrm Duplex in Magodo Phas1, GRA Phase 1 for sale"
4bdrm Duplex in Magodo Gra Phase2 for sale,"Magodo, GRA Phase 2 Shangisha",GRA Phase 2 Shangisha,Magodo,"₦ 550,000,000",228.0,4,4,Semi-Furnished,enterprise,4bdrm Duplex in Magodo Gra Phase2 for sale
5bdrm Duplex in Lekki Phase 2 for sale,"Lekki, Lekki Phase 2",Lekki Phase 2,Lekki,"₦ 650,000,000",320.0,5,6,Semi-Furnished,diamond,5bdrm Duplex in Lekki Phase 2 for sale
"Furnished 4bdrm Villa in Megamound Estate, Ikota for sale","Lekki, Ikota",Ikota,Lekki,"₦ 780,000,000",5000.0,4,4,Furnished,vip_gold,"Furnished 4bdrm Villa in Megamound Estate, Ikota for sale"
20bdrm Block of Flats in Igando / Ikotun/Igando for sale,"Ikotun/Igando, Igando / Ikotun/Igando",Igando / Ikotun/Igando,Ikotun/Igando,"₦ 137,750,000",800.0,20,20,Unfurnished,diamond,20bdrm Block of Flats in Igando / Ikotun/Igando for sale
Furnished 3bdrm Duplex in Lekki for sale,"Lagos State, Lekki",Lekki,Lagos State,"₦ 115,000,000",550.0,3,4,Furnished,vip_gold,Furnished 3bdrm Duplex in Lekki for sale
4bdrm Duplex in Ikota for sale,"Lekki, Ikota",Ikota,Lekki,"₦ 165,000,000",200.0,4,5,Semi-Furnished,diamond,4bdrm Duplex in Ikota for sale
5bdrm Duplex in Ikota for sale,"Lekki, Ikota",Ikota,Lekki,"₦ 350,000,000",320.0,5,5,Semi-Furnished,enterprise,5bdrm Duplex in Ikota for sale
3bdrm Block of Flats in Bariga for sale,"Shomolu, Bariga / Shomolu",Bariga / Shomolu,Shomolu,"₦ 170,000,000",600.0,3,2,Semi-Furnished,enterprise,3bdrm Block of Flats in Bariga for sale
12bdrm Block of Flats in Edo State for sale,Edo State,Edo State,,"₦ 120,000,000",929.0,12,9,Semi-Furnished,diamond,12bdrm Block of Flats in Edo State for sale
4bdrm Duplex in Ikota for sale,"Lekki, Ikota",Ikota,Lekki,"₦ 250,000,000",250.0,4,5,Semi-Furnished,diamond,4bdrm Duplex in Ikota for sale
5bdrm Duplex in Magodo Phase 2 for sale,"Magodo, GRA Phase 2 Shangisha",GRA Phase 2 Shangisha,Magodo,"₦ 450,000,000",258.0,5,5,Semi-Furnished,enterprise,5bdrm Duplex in Magodo Phase 2 for sale
5bdrm Duplex in Lekki Phase 1 for sale,"Lekki, Lekki Phase 1",Lekki Phase 1,Lekki,"₦ 1,000,000,000",250.0,5,6,Semi-Furnished,diamond,5bdrm Duplex in Lekki Phase 1 for sale
4bdrm Duplex in Osapa london for sale,"Lekki, Osapa london",Osapa london,Lekki,"₦ 450,000,000",200.0,4,5,Semi-Furnished,diamond,4bdrm Duplex in Osapa london for sale
6bdrm Duplex in Guzape District for sale,"Abuja (FCT), Guzape District",Guzape District,Abuja (FCT),"₦ 1,200,000,000",700.0,6,6,Semi-Furnished,enterprise,6bdrm Duplex in Guzape District for sale
"5bdrm Duplex in Legacy Estate, Akobo for sale","Ibadan, Akobo",Akobo,Ibadan,"₦ 350,000,000",400.0,5,5,Unfurnished,enterprise,"5bdrm Duplex in Legacy Estate, Akobo for sale"
5bdrm Duplex in Omole Phase2 for sale,"Ikeja, Omole Phase 2",Omole Phase 2,Ikeja,"₦ 580,000,000",250.0,5,5,Semi-Furnished,enterprise,5bdrm Duplex in Omole Phase2 for sale
Furnished 9bdrm Block of Flats in Benin City for sale,"Edo State, Benin City",Benin City,Edo State,"₦ 80,000,000",926.0,9,6,Furnished,diamond,Furnished 9bdrm Block of Flats in Benin City for sale
2bdrm Block of Flats in Benin City for sale,"Edo State, Benin City",Benin City,Edo State,"₦ 18,000,000",465.0,2,1,Unfurnished,diamond,2bdrm Block of Flats in Benin City for sale
5bdrm Duplex in Ikota for sale,"Lekki, Ikota",Ikota,Lekki,"₦ 390,000,000",250.0,5,6,Semi-Furnished,diamond,5bdrm Duplex in Ikota for sale
5bdrm Mansion in Ikota for sale,"Lekki, Ikota",Ikota,Lekki,"₦ 550,000,000",350.0,5,6,Semi-Furnished,diamond,5bdrm Mansion in Ikota for sale
12bdrm Block of Flats in Abaranje for sale,"Ikotun/Igando, Abaranje",Abaranje,Ikotun/Igando,"₦ 170,000,000",600.0,12,12,Unfurnished,diamond,12bdrm Block of Flats in Abaranje for sale
5bdrm Duplex in Ikota for sale,"Lekki, Ikota",Ikota,Lekki,"₦ 650,000,000",250.0,5,6,Semi-Furnished,diamond,5bdrm Duplex in Ikota for sale
3bdrm Block of Flats in Katampe (Main) for sale,"Katampe, Katampe (Main)",Katampe (Main),Katampe,"₦ 150,000,000",700.0,3,3,Unfurnished,enterprise,3bdrm Block of Flats in Katampe (Main) for sale
Furnished 7bdrm Duplex in Guzape District for sale,"Abuja (FCT), Guzape District",Guzape District,Abuja (FCT),"₦ 3,200,000,000",1500.0,7,7,Furnished,enterprise,Furnished 7bdrm Duplex in Guzape District for sale
"4bdrm Duplex in Agodi Gra, Ibadan for sale","Oyo State, Ibadan",Ibadan,Oyo State,"₦ 440,000,000",700.0,4,4,Semi-Furnished,enterprise,"4bdrm Duplex in Agodi Gra, Ibadan for sale"
5bdrm Duplex in Lekki Phase1 for sale,"Lekki, Lekki Phase 1",Lekki Phase 1,Lekki,"₦ 750,000,000",300.0,5,5,Semi-Furnished,enterprise,5bdrm Duplex in Lekki Phase1 for sale
3bdrm Block of Flats in Benin City for sale,"Edo State, Benin City",Benin City,Edo State,"₦ 70,000,000",465.0,3,1,Unfurnished,diamond,3bdrm Block of Flats in Benin City for sale
5bdrm Bungalow in Benin City for sale,"Edo State, Benin City",Benin City,Edo State,"₦ 65,000,000",465.0,5,5,Unfurnished,diamond,5bdrm Bungalow in Benin City for sale
9bdrm Block of Flats in Benin City for sale,"Edo State, Benin City",Benin City,Edo State,"₦ 100,000,000",929.0,9,6,Unfurnished,diamond,9bdrm Block of Flats in Benin City for sale
5bdrm Duplex in Osapa london for sale,"Lekki, Osapa london",Osapa london,Lekki,"₦ 550,000,000",300.0,5,6,Semi-Furnished,diamond,5bdrm Duplex in Osapa london for sale
"Furnished 3bdrm Bungalow in Oreta Estate, Igbogbo for sale","Ikorodu, Igbogbo",Igbogbo,Ikorodu,"₦ 14,000,000",300.0,3,4,Furnished,diamond,"Furnished 3bdrm Bungalow in Oreta Estate, Igbogbo for sale"
"Furnished 2bdrm Bungalow in Ofin Estate, Igbogbo for sale","Ikorodu, Igbogbo",Igbogbo,Ikorodu,"₦ 13,000,000",300.0,2,3,Furnished,diamond,"Furnished 2bdrm Bungalow in Ofin Estate, Igbogbo for sale"
4bdrm Maisonette in Old Ikoyi for sale,"Ikoyi, Old Ikoyi",Old Ikoyi,Ikoyi,"₦ 2,700,000,000",2500.0,4,4,Semi-Furnished,enterprise,4bdrm Maisonette in Old Ikoyi for sale
"2bdrm Apartment in Paramount Twin, Lekki Phase 1 for sale","Lekki, Lekki Phase 1",Lekki Phase 1,Lekki,"₦ 750,000,000",100.0,2,2,Semi-Furnished,enterprise,"2bdrm Apartment in Paramount Twin, Lekki Phase 1 for sale"
"4bdrm Duplex in Carlton Gate Estate, Ibadan for sale","Oyo State, Ibadan",Ibadan,Oyo State,"₦ 290,000,000",400.0,4,4,Unfurnished,enterprise,"4bdrm Duplex in Carlton Gate Estate, Ibadan for sale"
5bdrm Duplex in Lekki Phase 2 for sale,"Lekki, Lekki Phase 2",Lekki Phase 2,Lekki,"₦ 750,000,000",300.0,5,6,Semi-Furnished,diamond,5bdrm Duplex in Lekki Phase 2 for sale
5bdrm Duplex in Lekki Phase 2 for sale,"Lekki, Lekki Phase 2",Lekki Phase 2,Lekki,"₦ 330,000,000",300.0,5,6,Semi-Furnished,diamond,5bdrm Duplex in Lekki Phase 2 for sale
"4bdrm Duplex in Millennium, Millenuim/UPS for sale","Gbagada, Millenuim/UPS",Millenuim/UPS,Gbagada,"₦ 320,000,000",295.0,4,4,Semi-Furnished,enterprise,"4bdrm Duplex in Millennium, Millenuim/UPS for sale"
3bdrm Bungalow in Benin City for sale,"Edo State, Benin City",Benin City,Edo State,"₦ 18,000,000",465.0,3,2,Unfurnished,diamond,3bdrm Bungalow in Benin City for sale
Furnished 4bdrm Bungalow in Igbogbo Estate for sale,"Ikorodu, Igbogbo",Igbogbo,Ikorodu,"₦ 30,000,000",600.0,4,3,Furnished,diamond,Furnished 4bdrm Bungalow in Igbogbo Estate for sale
4bdrm Bungalow in Ijegun for sale,"Ikotun/Igando, Ijegun",Ijegun,Ikotun/Igando,"₦ 45,000,000",300.0,4,4,Semi-Furnished,diamond,4bdrm Bungalow in Ijegun for sale
2bdrm Apartment in Chevron for sale,"Lekki, Chevron",Chevron,Lekki,"₦ 180,000,000",600.0,2,2,Semi-Furnished,enterprise,2bdrm Apartment in Chevron for sale
4bdrm Block of Flats in Ilupeju Estate for sale,"Ilupeju, Ilupeju Industrial Estate",Ilupeju Industrial Estate,Ilupeju,"₦ 500,000,000",467.0,4,4,Semi-Furnished,enterprise,4bdrm Block of Flats in Ilupeju Estate for sale
2bdrm Apartment in Lekki Phase 1 for sale,"Lekki, Lekki Phase 1",Lekki Phase 1,Lekki,"₦ 250,000,000",300.0,2,3,Semi-Furnished,diamond,2bdrm Apartment in Lekki Phase 1 for sale
"Furnished 4bdrm Bungalow in Akindana Estate, Igbogbo for sale","Ikorodu, Igbogbo",Igbogbo,Ikorodu,"₦ 22,000,000",600.0,4,5,Furnished,diamond,"Furnished 4bdrm Bungalow in Akindana Estate, Igbogbo for sale"
"4bdrm Duplex in Carlton Gate Estate, Akobo for sale","Ibadan, Akobo",Akobo,Ibadan,"₦ 270,000,000",400.0,4,4,Unfurnished,enterprise,"4bdrm Duplex in Carlton Gate Estate, Akobo for sale"
3bdrm Duplex in Ikota for sale,"Lekki, Ikota",Ikota,Lekki,"₦ 150,000,000",220.0,3,3,Semi-Furnished,enterprise,3bdrm Duplex in Ikota for sale
2bdrm Apartment in Fadeyi for sale,"Shomolu, Fadeyi",Fadeyi,Shomolu,"₦ 90,000,000",600.0,2,2,Semi-Furnished,enterprise,2bdrm Apartment in Fadeyi for sale
5bdrm Duplex in Ikota for sale,"Lekki, Ikota",Ikota,Lekki,"₦ 500,000,000",325.0,5,5,Semi-Furnished,enterprise,5bdrm Duplex in Ikota for sale
2bdrm Block of Flats in Ilupeju for sale,"Ilupeju, Ilupeju Industrial Estate",Ilupeju Industrial Estate,Ilupeju,"₦ 850,000,000",600.0,2,2,Semi-Furnished,enterprise,2bdrm Block of Flats in Ilupeju for sale
3bdrm Block of Flats in Opebi for sale,"Ikeja, Opebi",Opebi,Ikeja,"₦ 1,000,000,000",1294.0,3,3,Semi-Furnished,enterprise,3bdrm Block of Flats in Opebi for sale
4bdrm Duplex in Parkview for sale,"Ikoyi, Parkview Estate",Parkview Estate,Ikoyi,"₦ 1,800,000,000",285.0,4,4,Semi-Furnished,enterprise,4bdrm Duplex in Parkview for sale
"Furnished 4bdrm Bungalow in Fashola Estate, Igbogbo for sale","Ikorodu, Igbogbo",Igbogbo,Ikorodu,"₦ 50,000,000",600.0,4,4,Furnished,diamond,"Furnished 4bdrm Bungalow in Fashola Estate, Igbogbo for sale"
6bdrm Duplex in Ikeja Gra for sale,"Ikeja, Ikeja GRA",Ikeja GRA,Ikeja,"₦ 3,500,000,000",850.0,6,6,Semi-Furnished,enterprise,6bdrm Duplex in Ikeja Gra for sale
12bdrm Block of Flats in Edo State for sale,Edo State,Edo State,,"₦ 50,000,000",465.0,12,9,Semi-Furnished,diamond,12bdrm Block of Flats in Edo State for sale
8bdrm Block of Flats in Benin City for sale,"Edo State, Benin City",Benin City,Edo State,"₦ 70,000,000",465.0,8,6,Unfurnished,diamond,8bdrm Block of Flats in Benin City for sale
4bdrm Duplex in Ikota for sale,"Lekki, Ikota",Ikota,Lekki,"₦ 170,000,000",250.0,4,5,Semi-Furnished,diamond,4bdrm Duplex in Ikota for sale
4bdrm Duplex in Chevron for sale,"Lekki, Chevron",Chevron,Lekki,"₦ 240,000,000",200.0,4,5,Semi-Furnished,diamond,4bdrm Duplex in Chevron for sale
2bdrm Block of Flats in Lekki Phase 1 for sale,"Lekki, Lekki Phase 1",Lekki Phase 1,Lekki,"₦ 365,000,000",365.0,2,2,Semi-Furnished,vip_gold,2bdrm Block of Flats in Lekki Phase 1 for sale
"13bdrm Apartment in Oniyelu, Ijegun for sale","Ikotun/Igando, Ijegun",Ijegun,Ikotun/Igando,"₦ 68,000,000",500.0,13,9,Unfurnished,diamond,"13bdrm Apartment in Oniyelu, Ijegun for sale"
"4bdrm Duplex in Carlton Gate Estate, Akobo for sale","Ibadan, Akobo",Akobo,Ibadan,"₦ 300,000,000",500.0,4,4,Unfurnished,enterprise,"4bdrm Duplex in Carlton Gate Estate, Akobo for sale"
4bdrm Duplex in Magodo Gra Phase 1 for sale,"Magodo, GRA Phase 1",GRA Phase 1,Magodo,"₦ 320,000,000",240.0,4,4,Semi-Furnished,enterprise,4bdrm Duplex in Magodo Gra Phase 1 for sale
"4bdrm Duplex in Maryland, Mende for sale","Maryland, Mende",Mende,Maryland,"₦ 370,000,000",220.0,4,4,Semi-Furnished,enterprise,"4bdrm Duplex in Maryland, Mende for sale"
2bdrm Bungalow in Agbara Estate for sale,"Lagos State, Agbara-Igbesan",Agbara-Igbesan,Lagos State,"₦ 59,999,999",301.0,2,2,Semi-Furnished,vip_gold,2bdrm Bungalow in Agbara Estate for sale
"3bdrm Block of Flats in Surulere, Ijesha for sale","Surulere, Ijesha",Ijesha,Surulere,"₦ 580,000,000",612.0,3,3,Semi-Furnished,enterprise,"3bdrm Block of Flats in Surulere, Ijesha for sale"
5bdrm Duplex in Osapa London for sale,"Lekki, Osapa london",Osapa london,Lekki,"₦ 1,700,000,000",455.0,5,5,Semi-Furnished,enterprise,5bdrm Duplex in Osapa London for sale
4bdrm Block of Flats in Benin City for sale,"Edo State, Benin City",Benin City,Edo State,"₦ 130,000,000",465.0,4,4,Unfurnished,diamond,4bdrm Block of Flats in Benin City for sale
2bdrm Apartment in Lekki Phase 1 for sale,"Lekki, Lekki Phase 1",Lekki Phase 1,Lekki,"₦ 400,000,000",300.0,2,3,Semi-Furnished,diamond,2bdrm Apartment in Lekki Phase 1 for sale
4bdrm Duplex in Ajah for sale,"Lagos State, Ajah",Ajah,Lagos State,"₦ 150,000,000",200.0,4,5,Semi-Furnished,diamond,4bdrm Duplex in Ajah for sale
5bdrm Duplex in Chevron for sale,"Lekki, Chevron",Chevron,Lekki,"₦ 480,000,000",350.0,5,6,Semi-Furnished,diamond,5bdrm Duplex in Chevron for sale
"4bdrm Duplex in Carlton Gate Estate, Ibadan for sale","Oyo State, Ibadan",Ibadan,Oyo State,"₦ 200,000,000",400.0,4,4,Unfurnished,enterprise,"4bdrm Duplex in Carlton Gate Estate, Ibadan for sale"
3bdrm Apartment in Benin City for sale,"Edo State, Benin City",Benin City,Edo State,"₦ 55,000,000",929.0,3,2,Unfurnished,diamond,3bdrm Apartment in Benin City for sale
Furnished 18bdrm House in Benin City for sale,"Edo State, Benin City",Benin City,Edo State,"₦ 200,000,000",929.0,18,12,Furnished,diamond,Furnished 18bdrm House in Benin City for sale
5bdrm Duplex in Osapa London for sale,"Lekki, Osapa london",Osapa london,Lekki,"₦ 450,000,000",300.0,5,6,Semi-Furnished,diamond,5bdrm Duplex in Osapa London for sale
"4bdrm Duplex in Carlton Gate Estate, Akobo for sale","Ibadan, Akobo",Akobo,Ibadan,"₦ 295,000,000",500.0,4,4,Unfurnished,enterprise,"4bdrm Duplex in Carlton Gate Estate, Akobo for sale"
4bdrm Maisonette in Old Ikoyi for sale,"Ikoyi, Old Ikoyi",Old Ikoyi,Ikoyi,"₦ 1,790,000,000",590.0,4,4,Semi-Furnished,enterprise,4bdrm Maisonette in Old Ikoyi for sale
5bdrm Duplex in Lekki for sale,"Lagos State, Lekki",Lekki,Lagos State,"₦ 460,000,000",650.0,5,6,Semi-Furnished,vip_gold,5bdrm Duplex in Lekki for sale
5bdrm Block of Flats in Benin City for sale,"Edo State, Benin City",Benin City,Edo State,"₦ 37,000,000",465.0,5,3,Semi-Furnished,diamond,5bdrm Block of Flats in Benin City for sale
"4bdrm Duplex in Olowora, Magodo Isheri for sale","Ojodu, Magodo Isheri",Magodo Isheri,Ojodu,"₦ 180,000,000",225.0,4,4,Semi-Furnished,enterprise,"4bdrm Duplex in Olowora, Magodo Isheri for sale"
4bdrm Duplex in Ajah for sale,"Lagos State, Ajah",Ajah,Lagos State,"₦ 165,000,000",550.0,4,5,Semi-Furnished,vip_gold,4bdrm Duplex in Ajah for sale
"4bdrm Mansion in Kolapo Ishola Gra, Akobo for sale","Ibadan, Akobo",Akobo,Ibadan,"₦ 450,000,000",450.0,4,4,Unfurnished,enterprise,"4bdrm Mansion in Kolapo Ishola Gra, Akobo for sale"
4bdrm Duplex in Off Lekki-Epe Expressway for sale,"Ajah, Off Lekki-Epe Expressway",Off Lekki-Epe Expressway,Ajah,"₦ 280,000,000",400.0,4,4,Unfurnished,enterprise,4bdrm Duplex in Off Lekki-Epe Expressway for sale
"4bdrm Duplex in Carlton Gate Estate, Akobo for sale","Ibadan, Akobo",Akobo,Ibadan,"₦ 300,000,000",500.0,4,4,Unfurnished,enterprise,"4bdrm Duplex in Carlton Gate Estate, Akobo for sale"
4bdrm Duplex in Jabi for sale,"Abuja (FCT), Jabi",Jabi,Abuja (FCT),"₦ 500,000,000",250.0,4,4,Unfurnished,enterprise,4bdrm Duplex in Jabi for sale
5bdrm Duplex in Ogudu Gra for sale,"Ogudu, Ogudu GRA",Ogudu GRA,Ogudu,"₦ 600,000,000",225.0,5,5,Semi-Furnished,enterprise,5bdrm Duplex in Ogudu Gra for sale
4bdrm Duplex in Lekki Phase 2 for sale,"Lekki, Lekki Phase 2",Lekki Phase 2,Lekki,"₦ 230,000,000",200.0,4,4,Semi-Furnished,diamond,4bdrm Duplex in Lekki Phase 2 for sale
5bdrm Duplex in Lekki Phase 2 for sale,"Lekki, Lekki Phase 2",Lekki Phase 2,Lekki,"₦ 440,000,000",250.0,5,6,Semi-Furnished,diamond,5bdrm Duplex in Lekki Phase 2 for sale
"4bdrm Duplex in Yaba, Tejuosho for sale","Yaba, Tejuosho",Tejuosho,Yaba,"₦ 220,000,000",220.0,4,4,Semi-Furnished,enterprise,"4bdrm Duplex in Yaba, Tejuosho for sale"
4bdrm Duplex in Ilupeju Estate for sale,"Ilupeju, Ilupeju Industrial Estate",Ilupeju Industrial Estate,Ilupeju,"₦ 400,000,000",258.0,4,4,Semi-Furnished,enterprise,4bdrm Duplex in Ilupeju Estate for sale
"Furnished 3bdrm Bungalow in Ofin Estate, Ikorodu for sale","Lagos State, Ikorodu",Ikorodu,Lagos State,"₦ 23,000,000",600.0,3,3,Furnished,diamond,"Furnished 3bdrm Bungalow in Ofin Estate, Ikorodu for sale"
"6bdrm Bungalow in Peace Land Estate, Ikorodu Garage for sale","Ikorodu, Ikorodu Garage",Ikorodu Garage,Ikorodu,"₦ 50,000,000",213.0,6,4,Semi-Furnished,enterprise,"6bdrm Bungalow in Peace Land Estate, Ikorodu Garage for sale"
4bdrm Bungalow in Benin City for sale,"Edo State, Benin City",Benin City,Edo State,"₦ 65,000,000",929.0,4,4,Unfurnished,diamond,4bdrm Bungalow in Benin City for sale
5bdrm Duplex in Chevron for sale,"Lekki, Chevron",Chevron,Lekki,"₦ 520,000,000",300.0,5,6,Semi-Furnished,diamond,5bdrm Duplex in Chevron for sale
4bdrm Duplex in Lekki for sale,"Lagos State, Lekki",Lekki,Lagos State,"₦ 200,000,000",550.0,4,5,Semi-Furnished,vip_gold,4bdrm Duplex in Lekki for sale
2bdrm Apartment in Lekki for sale,"Lagos State, Lekki",Lekki,Lagos State,"₦ 92,000,000",550.0,2,3,Semi-Furnished,vip_gold,2bdrm Apartment in Lekki for sale
5bdrm Duplex in Osapa london for sale,"Lekki, Osapa london",Osapa london,Lekki,"₦ 950,000,000",250.0,5,6,Semi-Furnished,diamond,5bdrm Duplex in Osapa london for sale
7bdrm Duplex in Gwarinpa for sale,"Abuja (FCT), Gwarinpa",Gwarinpa,Abuja (FCT),"₦ 700,000,000",700.0,7,7,Unfurnished,enterprise,7bdrm Duplex in Gwarinpa for sale
"Furnished 3bdrm Bungalow in Ginti, Ijede / Ikorodu for sale","Ikorodu, Ijede / Ikorodu",Ijede / Ikorodu,Ikorodu,"₦ 39,000,000",300.0,3,3,Furnished,diamond,"Furnished 3bdrm Bungalow in Ginti, Ijede / Ikorodu for sale"
5bdrm Duplex in Secured Estate for sale,"Egbe/Idimu, Isheri / Egbe Idimu",Isheri / Egbe Idimu,Egbe/Idimu,"₦ 180,000,000",300.0,5,6,Semi-Furnished,enterprise,5bdrm Duplex in Secured Estate for sale
2bdrm Block of Flats in Ilupeju Estate for sale,"Ilupeju, Ilupeju Industrial Estate",Ilupeju Industrial Estate,Ilupeju,"₦ 700,000,000",630.0,2,2,Semi-Furnished,enterprise,2bdrm Block of Flats in Ilupeju Estate for sale
5bdrm Duplex in VGC / Ajah for sale,"Ajah, VGC / Ajah",VGC / Ajah,Ajah,"₦ 500,000,000",250.0,5,6,Semi-Furnished,diamond,5bdrm Duplex in VGC / Ajah for sale
"4bdrm Duplex in Okebadan Estate, Akobo for sale","Ibadan, Akobo",Akobo,Ibadan,"₦ 100,000,000",300.0,4,4,Unfurnished,enterprise,"4bdrm Duplex in Okebadan Estate, Akobo for sale"
5bdrm Duplex in Isokan Estate Agric for sale,"Ikorodu, Agric",Agric,Ikorodu,"₦ 160,000,000",600.0,5,5,Semi-Furnished,enterprise,5bdrm Duplex in Isokan Estate Agric for sale
4bdrm Duplex in Ilupeju Estate for sale,"Ilupeju, Ilupeju Industrial Estate",Ilupeju Industrial Estate,Ilupeju,"₦ 450,000,000",245.0,4,4,Semi-Furnished,enterprise,4bdrm Duplex in Ilupeju Estate for sale
5bdrm Duplex in Ogudu Gra for sale,"Ogudu, Ogudu GRA",Ogudu GRA,Ogudu,"₦ 530,000,000",250.0,5,5,Semi-Furnished,enterprise,5bdrm Duplex in Ogudu Gra for sale
2bdrm Apartment in Ogba Gra for sale,"Ogba, Ogba GRA",Ogba GRA,Ogba,"₦ 160,000,000",650.0,2,2,Semi-Furnished,enterprise,2bdrm Apartment in Ogba Gra for sale
"Furnished 7bdrm Block of Flats in Tigbo Iyana Ilogbo, Ado-Odo/Ota","Ogun State, Ado-Odo/Ota",Ado-Odo/Ota,Ogun State,"₦ 20,000,000",670.0,7,7,Furnished,False,"Furnished 7bdrm Block of Flats in Tigbo Iyana Ilogbo, Ado-Odo/Ota"
6bdrm Duplex in Old Ikoyi for sale,"Ikoyi, Old Ikoyi",Old Ikoyi,Ikoyi,"₦ 3,000,000,000",312.0,6,6,Semi-Furnished,enterprise,6bdrm Duplex in Old Ikoyi for sale
2bdrm Block of Flats in Ikotun for sale,"Ikotun/Igando, Ikotun / Ikotun/Igando",Ikotun / Ikotun/Igando,Ikotun/Igando,"₦ 390,000,000",550.0,2,2,Semi-Furnished,enterprise,2bdrm Block of Flats in Ikotun for sale
3bdrm Block of Flats in Allen for sale,"Ikeja, Allen Avenue",Allen Avenue,Ikeja,"₦ 500,000,000",460.0,3,3,Semi-Furnished,enterprise,3bdrm Block of Flats in Allen for sale
6bdrm Apartment in Benin City for sale,"Edo State, Benin City",Benin City,Edo State,"₦ 65,000,000",465.0,6,4,Unfurnished,diamond,6bdrm Apartment in Benin City for sale
"3bdrm Apartment in Gbagada, Pedro for sale","Gbagada, Pedro",Pedro,Gbagada,"₦ 170,000,000",600.0,3,3,Semi-Furnished,enterprise,"3bdrm Apartment in Gbagada, Pedro for sale"
5bdrm Duplex in Ajah for sale,"Lagos State, Ajah",Ajah,Lagos State,"₦ 250,000,000",600.0,5,6,Semi-Furnished,vip_gold,5bdrm Duplex in Ajah for sale
5bdrm Block of Flats in Edo State for sale,Edo State,Edo State,,"₦ 17,000,000",465.0,5,3,Semi-Furnished,diamond,5bdrm Block of Flats in Edo State for sale
4bdrm Apartment in Benin City for sale,"Edo State, Benin City",Benin City,Edo State,"₦ 25,000,000",465.0,4,2,Unfurnished,diamond,4bdrm Apartment in Benin City for sale
4bdrm Duplex in Lekki Phase 2 for sale,"Lekki, Lekki Phase 2",Lekki Phase 2,Lekki,"₦ 200,000,000",200.0,4,5,Semi-Furnished,diamond,4bdrm Duplex in Lekki Phase 2 for sale
4bdrm Maisonette in Ilupeju Estate for sale,"Ilupeju, Ilupeju Industrial Estate",Ilupeju Industrial Estate,Ilupeju,"₦ 280,000,000",680.0,4,4,Semi-Furnished,enterprise,4bdrm Maisonette in Ilupeju Estate for sale
5bdrm Duplex in Lekki Phase 2 for sale,"Lekki, Lekki Phase 2",Lekki Phase 2,Lekki,"₦ 400,000,000",250.0,5,6,Semi-Furnished,diamond,5bdrm Duplex in Lekki Phase 2 for sale
5bdrm Duplex in Osapa london for sale,"Lekki, Osapa london",Osapa london,Lekki,"₦ 450,000,000",250.0,5,6,Semi-Furnished,diamond,5bdrm Duplex in Osapa london for sale
"5bdrm Penthouse in Seman Metropolis, FHA for sale","Lugbe District, FHA",FHA,Lugbe District,"₦ 120,000,000",600.0,5,5,Semi-Furnished,False,"5bdrm Penthouse in Seman Metropolis, FHA for sale"
1bdrm Apartment in Ajah for sale,"Lagos State, Ajah",Ajah,Lagos State,"₦ 40,000,000",550.0,1,2,Semi-Furnished,vip_gold,1bdrm Apartment in Ajah for sale
6bdrm Block of Flats in Benin City for sale,"Edo State, Benin City",Benin City,Edo State,"₦ 28,000,000",465.0,6,4,Unfurnished,diamond,6bdrm Block of Flats in Benin City for sale
4bdrm Bungalow in Benin City for sale,"Edo State, Benin City",Benin City,Edo State,"₦ 110,000,000",926.0,4,4,Unfurnished,diamond,4bdrm Bungalow in Benin City for sale
5bdrm Duplex in Ikate for sale,"Lekki, Ikate",Ikate,Lekki,"₦ 750,000,000",250.0,5,6,Semi-Furnished,diamond,5bdrm Duplex in Ikate for sale
5bdrm Duplex in Chevron for sale,"Lekki, Chevron",Chevron,Lekki,"₦ 700,000,000",250.0,5,6,Semi-Furnished,diamond,5bdrm Duplex in Chevron for sale
4bdrm Duplex in Lekki Phase 2 for sale,"Lekki, Lekki Phase 2",Lekki Phase 2,Lekki,"₦ 350,000,000",350.0,4,5,Semi-Furnished,diamond,4bdrm Duplex in Lekki Phase 2 for sale
5bdrm Duplex in Ikota for sale,"Lekki, Ikota",Ikota,Lekki,"₦ 600,000,000",250.0,5,6,Semi-Furnished,diamond,5bdrm Duplex in Ikota for sale
Furnished 5bdrm Mansion in Akure for sale,"Ondo State, Akure",Akure,Ondo State,"₦ 35,000,000",1200.0,5,5,Furnished,False,Furnished 5bdrm Mansion in Akure for sale
5bdrm Duplex in Ajah for sale,"Lagos State, Ajah",Ajah,Lagos State,"₦ 330,000,000",660.0,5,6,Semi-Furnished,vip_gold,5bdrm Duplex in Ajah for sale
5bdrm Duplex in Lekki for sale,"Lagos State, Lekki",Lekki,Lagos State,"₦ 420,000,000",550.0,5,6,Semi-Furnished,vip_gold,5bdrm Duplex in Lekki for sale
1bdrm Apartment in Ajah for sale,"Lagos State, Ajah",Ajah,Lagos State,"₦ 40,000,000",400.0,1,2,Semi-Furnished,vip_gold,1bdrm Apartment in Ajah for sale
3bdrm Block of Flats in Ketu-Alapere for sale,"Kosofe, Ketu-Alapere",Ketu-Alapere,Kosofe,"₦ 250,000,000",677.0,3,3,Unfurnished,vip_gold,3bdrm Block of Flats in Ketu-Alapere for sale
5bdrm Duplex in Ado / Ajah for sale,"Ajah, Ado / Ajah",Ado / Ajah,Ajah,"₦ 300,000,000",300.0,5,5,Semi-Furnished,enterprise,5bdrm Duplex in Ado / Ajah for sale
"7bdrm Duplex in Ade Oyo Area, Rind Road for sale","Ibadan, Rind Road",Rind Road,Ibadan,"₦ 150,000,000",500.0,7,6,Unfurnished,False,"7bdrm Duplex in Ade Oyo Area, Rind Road for sale"
"4bdrm Duplex in Chief Rotimi, Ifako-Ogba for sale","Ogba, Ifako-Ogba",Ifako-Ogba,Ogba,"₦ 175,000,000",600.0,4,5,Semi-Furnished,False,"4bdrm Duplex in Chief Rotimi, Ifako-Ogba for sale"
2bdrm Bungalow in Lekki for sale,"Lagos State, Lekki",Lekki,Lagos State,"₦ 65,000,000",200.0,2,2,Unfurnished,vip_gold,2bdrm Bungalow in Lekki for sale
3bdrm Duplex in Kiami for sale,"Lugbe District, Kiami",Kiami,Lugbe District,"₦ 110,000,000",300.0,3,3,Unfurnished,vip_gold,3bdrm Duplex in Kiami for sale
5bdrm Duplex in Ajah for sale,"Lagos State, Ajah",Ajah,Lagos State,"₦ 230,000,000",556.0,5,6,Semi-Furnished,vip_gold,5bdrm Duplex in Ajah for sale
"4bdrm Duplex in Golden Park Estate, Sangotedo for sale","Ajah, Sangotedo",Sangotedo,Ajah,"₦ 200,000,000",300.0,4,4,Semi-Furnished,enterprise,"4bdrm Duplex in Golden Park Estate, Sangotedo for sale"
"5bdrm Duplex in Mshel, Kiami for sale","Lugbe District, Kiami",Kiami,Lugbe District,"₦ 50,000,000",450.0,5,6,Unfurnished,enterprise,"5bdrm Duplex in Mshel, Kiami for sale"
"Furnished 4bdrm Duplex in On Eagle Island Port, Obio-Akpor for sale","Rivers State, Obio-Akpor",Obio-Akpor,Rivers State,"₦ 80,000,000",450.0,4,3,Furnished,False,"Furnished 4bdrm Duplex in On Eagle Island Port, Obio-Akpor for sale"
3bdrm Apartment in Ikate for sale,"Lekki, Ikate",Ikate,Lekki,"₦ 300,000,000",120.0,3,3,Unfurnished,vip,3bdrm Apartment in Ikate for sale
4bdrm Townhouse/Terrace in Lifecamp for sale,"Gwarinpa, Life Camp",Life Camp,Gwarinpa,"₦ 190,000,000",280.0,4,4,Unfurnished,enterprise,4bdrm Townhouse/Terrace in Lifecamp for sale
4bdrm Duplex in Lekki Expressway for sale,"Lekki, Lekki Expressway",Lekki Expressway,Lekki,"₦ 320,000,000",120.0,4,4,Unfurnished,vip,4bdrm Duplex in Lekki Expressway for sale
"Furnished 4bdrm Duplex in Adegbuyi Estate, Akure for sale","Ondo State, Akure",Akure,Ondo State,"₦ 55,000,000",900.0,4,5,Furnished,vip,"Furnished 4bdrm Duplex in Adegbuyi Estate, Akure for sale"
4bdrm Duplex in Lekki Phase 2 for sale,"Lekki, Lekki Phase 2",Lekki Phase 2,Lekki,"₦ 200,000,000",200.0,4,4,Semi-Furnished,enterprise,4bdrm Duplex in Lekki Phase 2 for sale
4bdrm Duplex in Enugu for sale,"Enugu State, Enugu",Enugu,Enugu State,"₦ 140,000,000",300.0,4,4,Semi-Furnished,enterprise,4bdrm Duplex in Enugu for sale
3bdrm House in Berger for sale,"Ojodu, Berger",Berger,Ojodu,"₦ 1,600,000,000",3767.0,3,1,Unfurnished,enterprise,3bdrm House in Berger for sale
"5bdrm Duplex in Wtc Estate, Enugu for sale","Enugu State, Enugu",Enugu,Enugu State,"₦ 550,000,000",500.0,5,5,Semi-Furnished,enterprise,"5bdrm Duplex in Wtc Estate, Enugu for sale"
Furnished 4bdrm Duplex in Sangotedo for sale,"Ajah, Sangotedo",Sangotedo,Ajah,"₦ 150,000,000",500.0,4,5,Furnished,enterprise,Furnished 4bdrm Duplex in Sangotedo for sale
"4bdrm Condo in Private Property, Maitama for sale","Abuja (FCT), Maitama",Maitama,Abuja (FCT),"₦ 5,500,000,000",2000.0,4,4,Semi-Furnished,enterprise,"4bdrm Condo in Private Property, Maitama for sale"
Furnished 4bdrm Block of Flats in Theranex Estate for sale,"Ajah, Sangotedo",Sangotedo,Ajah,"₦ 95,000,000",300.0,4,4,Furnished,enterprise,Furnished 4bdrm Block of Flats in Theranex Estate for sale
4bdrm Townhouse/Terrace in Lifecamp for sale,"Gwarinpa, Life Camp",Life Camp,Gwarinpa,"₦ 350,000,000",280.0,4,4,Unfurnished,enterprise,4bdrm Townhouse/Terrace in Lifecamp for sale
"4bdrm Duplex in Estate, Obafemi-Owode for sale","Ogun State, Obafemi-Owode",Obafemi-Owode,Ogun State,"₦ 185,000,000",500.0,4,4,Semi-Furnished,enterprise,"4bdrm Duplex in Estate, Obafemi-Owode for sale"
"5bdrm Duplex in Secured Estate, Magodo Isheri for sale","Ojodu, Magodo Isheri",Magodo Isheri,Ojodu,"₦ 430,000,000",220.0,5,5,Semi-Furnished,enterprise,"5bdrm Duplex in Secured Estate, Magodo Isheri for sale"
"5bdrm Duplex in Secured Area, Ifako-Ogba for sale","Ogba, Ifako-Ogba",Ifako-Ogba,Ogba,"₦ 380,000,000",300.0,5,5,Semi-Furnished,enterprise,"5bdrm Duplex in Secured Area, Ifako-Ogba for sale"
Furnished 2bdrm Apartment in Lekki Phase 1 for sale,"Lekki, Lekki Phase 1",Lekki Phase 1,Lekki,"₦ 260,000,000",600.0,2,2,Furnished,enterprise,Furnished 2bdrm Apartment in Lekki Phase 1 for sale
3bdrm House in Lekki Phase 1 for sale,"Lekki, Lekki Phase 1",Lekki Phase 1,Lekki,"₦ 300,000,000",1000.0,3,1,Unfurnished,enterprise,3bdrm House in Lekki Phase 1 for sale
5bdrm Duplex in Osapa london for sale,"Lekki, Osapa london",Osapa london,Lekki,"₦ 21,206,635,000",1000.0,5,1,Unfurnished,enterprise,5bdrm Duplex in Osapa london for sale
Furnished 2bdrm Duplex in Mende for sale,"Maryland, Mende",Mende,Maryland,"₦ 140,000,000",1000.0,2,1,Furnished,enterprise,Furnished 2bdrm Duplex in Mende for sale
5bdrm Duplex in Ikoyi for sale,"Lagos State, Ikoyi",Ikoyi,Lagos State,"₦ 5,100,000,000",550.0,5,5,Semi-Furnished,enterprise,5bdrm Duplex in Ikoyi for sale
4bdrm Duplex in Lekki for sale,"Lagos State, Lekki",Lekki,Lagos State,"₦ 300,000,000",350.0,4,4,Semi-Furnished,enterprise,4bdrm Duplex in Lekki for sale
4bdrm Duplex in Lekki for sale,"Lagos State, Lekki",Lekki,Lagos State,"₦ 250,000,000",400.0,4,4,Semi-Furnished,enterprise,4bdrm Duplex in Lekki for sale
"4bdrm Duplex in Works & Housing, Gwarinpa for sale","Abuja (FCT), Gwarinpa",Gwarinpa,Abuja (FCT),"₦ 260,000,000",900.0,4,4,Unfurnished,enterprise,"4bdrm Duplex in Works & Housing, Gwarinpa for sale"
"4bdrm Duplex in Magamond Estate, Ikota for sale","Lekki, Ikota",Ikota,Lekki,"₦ 480,000,000",420.0,4,5,Semi-Furnished,enterprise,"4bdrm Duplex in Magamond Estate, Ikota for sale"
Furnished 5bdrm Bungalow in Jakande Estate for sale,"Lekki, Jakande",Jakande,Lekki,"₦ 170,000,000",500.0,5,6,Furnished,enterprise,Furnished 5bdrm Bungalow in Jakande Estate for sale
6bdrm Duplex in Durumi By American for sale,"Abuja (FCT), Durumi",Durumi,Abuja (FCT),"₦ 600,000,000",550.0,6,7,Unfurnished,enterprise,6bdrm Duplex in Durumi By American for sale
4bdrm Townhouse/Terrace in Lifecamp for sale,"Gwarinpa, Life Camp",Life Camp,Gwarinpa,"₦ 190,000,000",300.0,4,4,Unfurnished,enterprise,4bdrm Townhouse/Terrace in Lifecamp for sale
4bdrm Townhouse/Terrace in Wumba for sale,"Abuja (FCT), Wumba",Wumba,Abuja (FCT),"₦ 160,000,000",350.0,4,4,Unfurnished,enterprise,4bdrm Townhouse/Terrace in Wumba for sale
4bdrm Duplex in GRA Phase 1 / Port-Harcourt for sale,"Port-Harcourt, GRA Phase 1 / Port-Harcourt",GRA Phase 1 / Port-Harcourt,Port-Harcourt,"₦ 400,000,000",400.0,4,4,Unfurnished,diamond,4bdrm Duplex in GRA Phase 1 / Port-Harcourt for sale
"3bdrm Duplex in Secured Estate, Fagba for sale","Agege, Fagba",Fagba,Agege,"₦ 175,000,000",180.0,3,3,Semi-Furnished,enterprise,"3bdrm Duplex in Secured Estate, Fagba for sale"
"5bdrm Duplex in Lake Viewe Park 2, Lekki Phase 2 for sale","Lekki, Lekki Phase 2",Lekki Phase 2,Lekki,"₦ 680,000,000",603.0,5,5,Semi-Furnished,enterprise,"5bdrm Duplex in Lake Viewe Park 2, Lekki Phase 2 for sale"
"4bdrm Bungalow in Cetenary City, Enugu for sale","Enugu State, Enugu",Enugu,Enugu State,"₦ 150,000,000",300.0,4,4,Semi-Furnished,enterprise,"4bdrm Bungalow in Cetenary City, Enugu for sale"
3bdrm Apartment in Lekki for sale,"Lagos State, Lekki",Lekki,Lagos State,"₦ 1,200,000,000",350.0,3,3,Semi-Furnished,enterprise,3bdrm Apartment in Lekki for sale
"6bdrm Duplex in Naf Valley Estate, Asokoro for sale","Abuja (FCT), Asokoro",Asokoro,Abuja (FCT),"₦ 1,000,000,000",1000.0,6,6,Unfurnished,enterprise,"6bdrm Duplex in Naf Valley Estate, Asokoro for sale"
4bdrm Duplex in Ologolo for sale,"Lekki, Ologolo",Ologolo,Lekki,"₦ 350,000,000",10.0,4,4,Unfurnished,enterprise,4bdrm Duplex in Ologolo for sale
"5bdrm Duplex in Secured Estate, Omole Phase 1 for sale","Ikeja, Omole Phase 1",Omole Phase 1,Ikeja,"₦ 650,000,000",300.0,5,5,Semi-Furnished,enterprise,"5bdrm Duplex in Secured Estate, Omole Phase 1 for sale"
5bdrm Duplex in Ikate for sale,"Lekki, Ikate",Ikate,Lekki,"₦ 980,000,000",500.0,5,5,Semi-Furnished,enterprise,5bdrm Duplex in Ikate for sale
5bdrm Duplex in Ado / Ajah for sale,"Ajah, Ado / Ajah",Ado / Ajah,Ajah,"₦ 280,000,000",300.0,5,5,Semi-Furnished,enterprise,5bdrm Duplex in Ado / Ajah for sale
2bdrm Apartment in Lekki Expressway for sale,"Lekki, Lekki Expressway",Lekki Expressway,Lekki,"₦ 350,000,000",300.0,2,3,Semi-Furnished,enterprise,2bdrm Apartment in Lekki Expressway for sale
"6bdrm Duplex in Lugbe Seaman Estate, FHA for sale","Lugbe District, FHA",FHA,Lugbe District,"₦ 190,000,000",1000.0,6,7,Unfurnished,enterprise,"6bdrm Duplex in Lugbe Seaman Estate, FHA for sale"
4bdrm Duplex in Katampe Extension for sale,"Katampe, Katampe Extension",Katampe Extension,Katampe,"₦ 800,000,000",600.0,4,5,Unfurnished,enterprise,4bdrm Duplex in Katampe Extension for sale
3bdrm Apartment in Ogba for sale,"Ogba, Ifako-Ogba",Ifako-Ogba,Ogba,"₦ 190,000,000",1000.0,3,4,Unfurnished,enterprise,3bdrm Apartment in Ogba for sale
4bdrm Duplex in Lekki for sale,"Lagos State, Lekki",Lekki,Lagos State,"₦ 220,000,000",300.0,4,4,Semi-Furnished,enterprise,4bdrm Duplex in Lekki for sale
5bdrm Duplex in Lekki for sale,"Lagos State, Lekki",Lekki,Lagos State,"₦ 550,000,000",400.0,5,5,Semi-Furnished,enterprise,5bdrm Duplex in Lekki for sale
"14bdrm Duplex in Private Property, Asokoro for sale","Abuja (FCT), Asokoro",Asokoro,Abuja (FCT),"₦ 5,000,000,000",4000.0,14,14,Semi-Furnished,enterprise,"14bdrm Duplex in Private Property, Asokoro for sale"
"Furnished 2bdrm Block of Flats in Ikate Lekki ,Off for sale","Lekki, Ikate",Ikate,Lekki,"₦ 250,000,000",200.0,2,3,Furnished,enterprise,"Furnished 2bdrm Block of Flats in Ikate Lekki ,Off for sale"
4bdrm Duplex in Enugu for sale,"Enugu State, Enugu",Enugu,Enugu State,"₦ 200,000,000",600.0,4,4,Unfurnished,enterprise,4bdrm Duplex in Enugu for sale
3bdrm Bungalow in Enugu for sale,"Enugu State, Enugu",Enugu,Enugu State,"₦ 100,000,000",400.0,3,4,Unfurnished,enterprise,3bdrm Bungalow in Enugu for sale
5bdrm Duplex in Ikota for sale,"Lekki, Ikota",Ikota,Lekki,"₦ 650,000,000",450.0,5,5,Unfurnished,enterprise,5bdrm Duplex in Ikota for sale
3bdrm Apartment in Victoria Island for sale,"Lagos State, Victoria Island",Victoria Island,Lagos State,"₦ 750,000,000",180.0,3,3,Unfurnished,enterprise,3bdrm Apartment in Victoria Island for sale
"5bdrm Duplex in Okebadan Estate, Akobo for sale","Ibadan, Akobo",Akobo,Ibadan,"₦ 185,000,000",450.0,5,6,Semi-Furnished,enterprise,"5bdrm Duplex in Okebadan Estate, Akobo for sale"
4bdrm Duplex in Lekki Palm City for sale,"Lagos State, Lekki",Lekki,Lagos State,"₦ 170,000,000",10.0,4,4,Unfurnished,enterprise,4bdrm Duplex in Lekki Palm City for sale
1bdrm Block of Flats in Katampe for sale,"Katampe, Katampe (Main)",Katampe (Main),Katampe,"₦ 80,000,000",120.0,1,1,Unfurnished,enterprise,1bdrm Block of Flats in Katampe for sale
2bdrm Duplex in Lokogoma for sale,"Abuja (FCT), Lokogoma",Lokogoma,Abuja (FCT),"₦ 100,000,000",250.0,2,2,Unfurnished,enterprise,2bdrm Duplex in Lokogoma for sale
5bdrm House in Ikoyi Lagos for sale,"Ikoyi, Old Ikoyi",Old Ikoyi,Ikoyi,"₦ 3,500,000,000",500.0,5,6,Semi-Furnished,enterprise,5bdrm House in Ikoyi Lagos for sale
4bdrm Duplex in Lekki for sale,"Lagos State, Lekki",Lekki,Lagos State,"₦ 200,000,000",350.0,4,4,Semi-Furnished,enterprise,4bdrm Duplex in Lekki for sale
3bdrm Apartment in Wuse Zone 1 for sale,"Abuja (FCT), Wuse",Wuse,Abuja (FCT),"₦ 145,000,000",300.0,3,4,Unfurnished,enterprise,3bdrm Apartment in Wuse Zone 1 for sale
4bdrm Duplex in Ajah for sale,"Lagos State, Ajah",Ajah,Lagos State,"₦ 150,000,000",200.0,4,4,Unfurnished,enterprise,4bdrm Duplex in Ajah for sale
7bdrm Block of Flats in Alakuko for sale,"Ifako-Ijaiye, Alakuko",Alakuko,Ifako-Ijaiye,"₦ 220,000,000",1338.0,7,7,Unfurnished,enterprise,7bdrm Block of Flats in Alakuko for sale
2bdrm Apartment in Ikate for sale,"Lekki, Ikate",Ikate,Lekki,"₦ 250,000,000",100.0,2,2,Unfurnished,enterprise,2bdrm Apartment in Ikate for sale
Furnished 4bdrm Duplex in Lekki for sale,"Lagos State, Lekki",Lekki,Lagos State,"₦ 220,000,000",300.0,4,4,Furnished,enterprise,Furnished 4bdrm Duplex in Lekki for sale
4bdrm Duplex in Bogije for sale,"Ibeju, Bogije",Bogije,Ibeju,"₦ 140,000,000",300.0,4,4,Semi-Furnished,enterprise,4bdrm Duplex in Bogije for sale
Furnished 7bdrm House in Guzape District for sale,"Abuja (FCT), Guzape District",Guzape District,Abuja (FCT),"₦ 3,800,000,000",1780.0,7,10,Furnished,enterprise,Furnished 7bdrm House in Guzape District for sale
Furnished 4bdrm Apartment in Ikota for sale,"Lekki, Ikota",Ikota,Lekki,"₦ 285,000,000",500.0,4,5,Furnished,enterprise,Furnished 4bdrm Apartment in Ikota for sale
3bdrm Bungalow in Medium Income Estate for sale,"Kaduna State, Kaduna / Kaduna State",Kaduna / Kaduna State,Kaduna State,"₦ 40,500,000",320.0,3,3,Unfurnished,enterprise,3bdrm Bungalow in Medium Income Estate for sale
5bdrm Duplex in Osapa London Lekki for sale,"Lekki, Osapa london",Osapa london,Lekki,"₦ 1,400,000,000",1000.0,5,6,Semi-Furnished,enterprise,5bdrm Duplex in Osapa London Lekki for sale
5bdrm Duplex in Lekki for sale,"Lagos State, Lekki",Lekki,Lagos State,"₦ 849,000,000",450.0,5,5,Semi-Furnished,enterprise,5bdrm Duplex in Lekki for sale
4bdrm Duplex in Lekki for sale,"Lagos State, Lekki",Lekki,Lagos State,"₦ 240,000,000",350.0,4,4,Semi-Furnished,enterprise,4bdrm Duplex in Lekki for sale
"3bdrm Apartment in Private Property, Utako for sale","Abuja (FCT), Utako",Utako,Abuja (FCT),"₦ 750,000,000",1000.0,3,3,Unfurnished,enterprise,"3bdrm Apartment in Private Property, Utako for sale"
10bdrm Block of Flats in Ogba Lagos for sale,"Lagos State, Ogba",Ogba,Lagos State,"₦ 150,000,000",300.0,10,14,Unfurnished,enterprise,10bdrm Block of Flats in Ogba Lagos for sale
3bdrm Duplex in Sangotedo By Blenco for sale,"Ajah, Sangotedo",Sangotedo,Ajah,"₦ 130,000,000",300.0,3,3,Semi-Furnished,enterprise,3bdrm Duplex in Sangotedo By Blenco for sale
"5bdrm Duplex in Naf Valley, Asokoro for sale","Abuja (FCT), Asokoro",Asokoro,Abuja (FCT),"₦ 970,000,000",500.0,5,6,Unfurnished,enterprise,"5bdrm Duplex in Naf Valley, Asokoro for sale"
5bdrm Duplex in Lekki for sale,"Lagos State, Lekki",Lekki,Lagos State,"₦ 600,000,000",400.0,5,5,Unfurnished,enterprise,5bdrm Duplex in Lekki for sale
5bdrm Duplex in Lekki for sale,"Lagos State, Lekki",Lekki,Lagos State,"₦ 870,000,000",450.0,5,5,Unfurnished,enterprise,5bdrm Duplex in Lekki for sale
5bdrm Duplex in Ajah for sale,"Lagos State, Ajah",Ajah,Lagos State,"₦ 330,000,000",350.0,5,5,Unfurnished,enterprise,5bdrm Duplex in Ajah for sale
4bdrm Duplex in Ikeja for sale,"Lagos State, Ikeja",Ikeja,Lagos State,"₦ 450,000,000",400.0,4,4,Unfurnished,enterprise,4bdrm Duplex in Ikeja for sale
4bdrm Duplex in Victoria Island for sale,"Lagos State, Victoria Island",Victoria Island,Lagos State,"₦ 700,000,000",350.0,4,4,Unfurnished,enterprise,4bdrm Duplex in Victoria Island for sale
4bdrm Duplex in Ajah for sale,"Lagos State, Ajah",Ajah,Lagos State,"₦ 210,000,000",250.0,4,4,Unfurnished,enterprise,4bdrm Duplex in Ajah for sale
"3bdrm Bungalow in Eliparawon Off Ada, Rumueprikom for sale","Port-Harcourt, Rumueprikom",Rumueprikom,Port-Harcourt,"₦ 115,000,000",465.0,3,3,Semi-Furnished,enterprise,"3bdrm Bungalow in Eliparawon Off Ada, Rumueprikom for sale"
"Furnished 9bdrm Duplex in Ada-George, Port for sale","Rivers State, Port-Harcourt",Port-Harcourt,Rivers State,"₦ 300,000,000",500.0,9,11,Furnished,enterprise,"Furnished 9bdrm Duplex in Ada-George, Port for sale"
Furnished 5bdrm Duplex in Bunkoro for sale,"Gwarinpa, Bunkoro",Bunkoro,Gwarinpa,"₦ 650,000,000",900.0,5,6,Furnished,enterprise,Furnished 5bdrm Duplex in Bunkoro for sale
2bdrm Apartment in Ikate Lekki Lagos for sale,"Lekki, Ikate",Ikate,Lekki,"₦ 145,000,000",500.0,2,3,Semi-Furnished,enterprise,2bdrm Apartment in Ikate Lekki Lagos for sale
3bdrm Block of Flats in Berger for sale,"Ojodu, Berger",Berger,Ojodu,"₦ 250,000,000",1000.0,3,1,Unfurnished,enterprise,3bdrm Block of Flats in Berger for sale
4bdrm Duplex in Chevron for sale,"Lekki, Chevron",Chevron,Lekki,"₦ 380,000,000",400.0,4,5,Unfurnished,enterprise,4bdrm Duplex in Chevron for sale
"3bdrm Bungalow in Von Axis, Lugbe District for sale","Abuja (FCT), Lugbe District",Lugbe District,Abuja (FCT),"₦ 60,000,000",350.0,3,4,Unfurnished,enterprise,"3bdrm Bungalow in Von Axis, Lugbe District for sale"
5bdrm Duplex in Lekki for sale,"Lagos State, Lekki",Lekki,Lagos State,"₦ 550,000,000",350.0,5,5,Unfurnished,enterprise,5bdrm Duplex in Lekki for sale
4bdrm Duplex in Ikeja for sale,"Lagos State, Ikeja",Ikeja,Lagos State,"₦ 450,000,000",250.0,4,4,Unfurnished,enterprise,4bdrm Duplex in Ikeja for sale
"4bdrm Duplex in Secured Area, Oko-Oba for sale","Agege, Oko-Oba",Oko-Oba,Agege,"₦ 299,000,000",280.0,4,4,Semi-Furnished,enterprise,"4bdrm Duplex in Secured Area, Oko-Oba for sale"
"5bdrm Duplex in Rroyal Gardens, Off Lekki-Epe Expressway for sale","Ajah, Off Lekki-Epe Expressway",Off Lekki-Epe Expressway,Ajah,"₦ 900,000,000",600.0,5,5,Semi-Furnished,enterprise,"5bdrm Duplex in Rroyal Gardens, Off Lekki-Epe Expressway for sale"
5bdrm Duplex in VGC / Ajah for sale,"Ajah, VGC / Ajah",VGC / Ajah,Ajah,"₦ 800,000,000",650.0,5,5,Semi-Furnished,enterprise,5bdrm Duplex in VGC / Ajah for sale
5bdrm Duplex in Sangotedo for sale,"Ajah, Sangotedo",Sangotedo,Ajah,"₦ 300,000,000",250.0,5,5,Semi-Furnished,enterprise,5bdrm Duplex in Sangotedo for sale
5bdrm Duplex in Zone B for sale,"Apo District, Zone B",Zone B,Apo District,"₦ 2,000,000,000",2300.0,5,6,Unfurnished,enterprise,5bdrm Duplex in Zone B for sale
5bdrm Duplex in Orchid Lekki for sale,"Lekki, Lekki Expressway",Lekki Expressway,Lekki,"₦ 480,000,000",1000.0,5,6,Semi-Furnished,enterprise,5bdrm Duplex in Orchid Lekki for sale
5bdrm House in Chevron for sale,"Lekki, Chevron",Chevron,Lekki,"₦ 550,000,000",1000.0,5,5,Unfurnished,enterprise,5bdrm House in Chevron for sale
5bdrm Duplex in Chevron for sale,"Lekki, Chevron",Chevron,Lekki,"₦ 450,000,000",1000.0,5,1,Unfurnished,enterprise,5bdrm Duplex in Chevron for sale
4bdrm House in Ikota for sale,"Lekki, Ikota",Ikota,Lekki,"₦ 180,000,000",1000.0,4,5,Unfurnished,enterprise,4bdrm House in Ikota for sale
2bdrm Penthouse in Lekki for sale,"Lagos State, Lekki",Lekki,Lagos State,"₦ 180,000,000",350.0,2,2,Semi-Furnished,enterprise,2bdrm Penthouse in Lekki for sale
3bdrm Apartment in Lekki for sale,"Lagos State, Lekki",Lekki,Lagos State,"₦ 290,000,000",350.0,3,3,Semi-Furnished,enterprise,3bdrm Apartment in Lekki for sale
"3bdrm Duplex in Behind Crawford, Agbara-Igbesan for sale","Lagos State, Agbara-Igbesan",Agbara-Igbesan,Lagos State,"₦ 50,000,000",250.0,3,3,Semi-Furnished,vip,"3bdrm Duplex in Behind Crawford, Agbara-Igbesan for sale"
6bdrm Duplex in Wuse Zone 7 for sale,"Abuja (FCT), Wuse",Wuse,Abuja (FCT),"₦ 850,000,000",450.0,6,7,Unfurnished,enterprise,6bdrm Duplex in Wuse Zone 7 for sale
5bdrm Duplex in Ajah for sale,"Lagos State, Ajah",Ajah,Lagos State,"₦ 220,000,000",350.0,5,5,Unfurnished,enterprise,5bdrm Duplex in Ajah for sale
"5bdrm Duplex in Secured Area, Lekki Phase 1 for sale","Lekki, Lekki Phase 1",Lekki Phase 1,Lekki,"₦ 1,300,000,000",350.0,5,5,Semi-Furnished,enterprise,"5bdrm Duplex in Secured Area, Lekki Phase 1 for sale"
5bdrm Duplex in Ado / Ajah for sale,"Ajah, Ado / Ajah",Ado / Ajah,Ajah,"₦ 300,000,000",350.0,5,5,Semi-Furnished,enterprise,5bdrm Duplex in Ado / Ajah for sale
4bdrm Duplex in Lekki Phase 2 for sale,"Lekki, Lekki Phase 2",Lekki Phase 2,Lekki,"₦ 400,000,000",450.0,4,4,Semi-Furnished,enterprise,4bdrm Duplex in Lekki Phase 2 for sale
4bdrm Duplex in Thomas Estate for sale,"Ajah, Thomas Estate",Thomas Estate,Ajah,"₦ 300,000,000",300.0,4,4,Semi-Furnished,enterprise,4bdrm Duplex in Thomas Estate for sale
5bdrm Duplex in Ikate for sale,"Lekki, Ikate",Ikate,Lekki,"₦ 1,300,000,000",400.0,5,5,Semi-Furnished,enterprise,5bdrm Duplex in Ikate for sale
5bdrm Duplex in Osapa london for sale,"Lekki, Osapa london",Osapa london,Lekki,"₦ 350,000,000",1000.0,5,1,Unfurnished,enterprise,5bdrm Duplex in Osapa london for sale
"4bdrm Duplex in Ikeja, Opebi for sale","Ikeja, Opebi",Opebi,Ikeja,"₦ 570,000,000",300.0,4,5,Semi-Furnished,enterprise,"4bdrm Duplex in Ikeja, Opebi for sale"
5bdrm Duplex in Chevron for sale,"Lekki, Chevron",Chevron,Lekki,"₦ 600,000,000",350.0,5,5,Unfurnished,enterprise,5bdrm Duplex in Chevron for sale
5bdrm Duplex in Jabi for sale,"Abuja (FCT), Jabi",Jabi,Abuja (FCT),"₦ 2,000,000,000",500.0,5,5,Unfurnished,enterprise,5bdrm Duplex in Jabi for sale
"Furnished 6bdrm Bungalow in Doland, Ojodu for sale","Lagos State, Ojodu",Ojodu,Lagos State,"₦ 150,000,000",500.0,6,5,Furnished,False,"Furnished 6bdrm Bungalow in Doland, Ojodu for sale"
"4bdrm Duplex in Secured Area, Fagba for sale","Agege, Fagba",Fagba,Agege,"₦ 280,000,000",270.0,4,4,Semi-Furnished,enterprise,"4bdrm Duplex in Secured Area, Fagba for sale"
4bdrm Duplex in Sangotedo for sale,"Ajah, Sangotedo",Sangotedo,Ajah,"₦ 200,000,000",300.0,4,4,Semi-Furnished,enterprise,4bdrm Duplex in Sangotedo for sale
5bdrm Duplex in Enugu for sale,"Enugu State, Enugu",Enugu,Enugu State,"₦ 600,000,000",500.0,5,5,Semi-Furnished,enterprise,5bdrm Duplex in Enugu for sale
"Mini Flat in Bricks & More Plaza, Gwarinpa for sale","Abuja (FCT), Gwarinpa",Gwarinpa,Abuja (FCT),"₦ 75,000,000",40.0,1,1,Unfurnished,enterprise,"Mini Flat in Bricks & More Plaza, Gwarinpa for sale"
12bdrm Block of Flats in Abule Egba for sale,"Lagos State, Abule Egba",Abule Egba,Lagos State,"₦ 110,000,000",60.0,12,8,Unfurnished,enterprise,12bdrm Block of Flats in Abule Egba for sale
3bdrm Penthouse in Happy Land Sangotedo for sale,"Ajah, Sangotedo",Sangotedo,Ajah,"₦ 120,000,000",252.0,3,3,Unfurnished,enterprise,3bdrm Penthouse in Happy Land Sangotedo for sale
6bdrm Duplex in Lekki for sale,"Lagos State, Lekki",Lekki,Lagos State,"₦ 2,300,000,000",800.0,6,6,Unfurnished,enterprise,6bdrm Duplex in Lekki for sale
2bdrm Apartment in Ogba for sale,"Lagos State, Ogba",Ogba,Lagos State,"₦ 95,000,000",100.0,2,2,Unfurnished,enterprise,2bdrm Apartment in Ogba for sale
"5bdrm Duplex in Lekki Palm City, Ajah for sale","Lagos State, Ajah",Ajah,Lagos State,"₦ 190,000,000",10.0,5,5,Unfurnished,enterprise,"5bdrm Duplex in Lekki Palm City, Ajah for sale"
5bdrm Duplex in Asokoro Main Abuja for sale,"Abuja (FCT), Asokoro",Asokoro,Abuja (FCT),"₦ 950,000,000",700.0,5,6,Semi-Furnished,enterprise,5bdrm Duplex in Asokoro Main Abuja for sale
5bdrm Duplex in Nta Road Behind Ait for sale,"Rivers State, Port-Harcourt",Port-Harcourt,Rivers State,"₦ 130,000,000",466.0,5,7,Semi-Furnished,enterprise,5bdrm Duplex in Nta Road Behind Ait for sale
"5bdrm Duplex in Secured Estate, Oko-Oba for sale","Agege, Oko-Oba",Oko-Oba,Agege,"₦ 380,000,000",300.0,5,5,Semi-Furnished,enterprise,"5bdrm Duplex in Secured Estate, Oko-Oba for sale"
4bdrm Duplex in Chevron for sale,"Lekki, Chevron",Chevron,Lekki,"₦ 230,000,000",350.0,4,4,Semi-Furnished,enterprise,4bdrm Duplex in Chevron for sale
"Furnished 4bdrm Block of Flats in Oke Aro Estate, Giwa for sale","Kaduna State, Giwa",Giwa,Kaduna State,"₦ 19,000,000",370.0,4,2,Furnished,enterprise,"Furnished 4bdrm Block of Flats in Oke Aro Estate, Giwa for sale"
4bdrm Duplex in Citec Mbora for sale,"Abuja (FCT), Mbora",Mbora,Abuja (FCT),"₦ 250,000,000",350.0,4,5,Unfurnished,enterprise,4bdrm Duplex in Citec Mbora for sale
"18bdrm Block of Flats in River Park Estate, Lugbe District for sale","Abuja (FCT), Lugbe District",Lugbe District,Abuja (FCT),"₦ 450,000,000",1200.0,18,18,Unfurnished,enterprise,"18bdrm Block of Flats in River Park Estate, Lugbe District for sale"
4bdrm Duplex in Ajah for sale,"Lagos State, Ajah",Ajah,Lagos State,"₦ 220,000,000",350.0,4,4,Unfurnished,enterprise,4bdrm Duplex in Ajah for sale
3bdrm Duplex in Ajah for sale,"Lagos State, Ajah",Ajah,Lagos State,"₦ 130,000,000",10.0,3,3,Unfurnished,enterprise,3bdrm Duplex in Ajah for sale
"4bdrm Duplex in Secured Area, Aguda / Ogba for sale","Ogba, Aguda / Ogba",Aguda / Ogba,Ogba,"₦ 285,000,000",280.0,4,4,Semi-Furnished,enterprise,"4bdrm Duplex in Secured Area, Aguda / Ogba for sale"
"3bdrm Block of Flats in Secured Area, Lekki Phase 1 for sale","Lekki, Lekki Phase 1",Lekki Phase 1,Lekki,"₦ 1,200,000,000",550.0,3,3,Semi-Furnished,enterprise,"3bdrm Block of Flats in Secured Area, Lekki Phase 1 for sale"
2bdrm Apartment in Iwaya for sale,"Yaba, Iwaya",Iwaya,Yaba,"₦ 100,000,000",400.0,2,2,Unfurnished,enterprise,2bdrm Apartment in Iwaya for sale
Furnished 2bdrm Apartment in Lekki Phase 1 for sale,"Lekki, Lekki Phase 1",Lekki Phase 1,Lekki,"₦ 250,000,000",500.0,2,3,Furnished,enterprise,Furnished 2bdrm Apartment in Lekki Phase 1 for sale
Furnished 2bdrm Apartment in Abraham Adesanya for sale,"Surulere, Abraham Adesanya",Abraham Adesanya,Surulere,"₦ 97,500,000",500.0,2,2,Furnished,enterprise,Furnished 2bdrm Apartment in Abraham Adesanya for sale
Furnished 3bdrm Apartment in Lekki Phase 2 for sale,"Lekki, Lekki Phase 2",Lekki Phase 2,Lekki,"₦ 130,000,000",500.0,3,4,Furnished,enterprise,Furnished 3bdrm Apartment in Lekki Phase 2 for sale
Furnished 5bdrm Duplex in Sangotedo for sale,"Ajah, Sangotedo",Sangotedo,Ajah,"₦ 150,000,000",500.0,5,6,Furnished,enterprise,Furnished 5bdrm Duplex in Sangotedo for sale
5bdrm House in Osapa london for sale,"Lekki, Osapa london",Osapa london,Lekki,"₦ 1,650,000,000",1000.0,5,1,Unfurnished,enterprise,5bdrm House in Osapa london for sale
4bdrm Duplex in Chevron for sale,"Lekki, Chevron",Chevron,Lekki,"₦ 320,000,000",350.0,4,4,Unfurnished,enterprise,4bdrm Duplex in Chevron for sale
Furnished 4bdrm Maisonette in Ikoyi for sale,"Lagos State, Ikoyi",Ikoyi,Lagos State,"₦ 4,500,000,000",450.0,4,4,Furnished,enterprise,Furnished 4bdrm Maisonette in Ikoyi for sale
3bdrm Apartment in Lekki for sale,"Lagos State, Lekki",Lekki,Lagos State,"₦ 300,000,000",400.0,3,3,Semi-Furnished,enterprise,3bdrm Apartment in Lekki for sale
"5bdrm Duplex in Centenary City, Enugu for sale","Enugu State, Enugu",Enugu,Enugu State,"₦ 210,000,000",500.0,5,6,Unfurnished,enterprise,"5bdrm Duplex in Centenary City, Enugu for sale"
4bdrm Duplex in Enugu for sale,"Enugu State, Enugu",Enugu,Enugu State,"₦ 140,000,000",300.0,4,5,Unfurnished,enterprise,4bdrm Duplex in Enugu for sale
3bdrm Apartment in Ikeja for sale,"Lagos State, Ikeja",Ikeja,Lagos State,"₦ 155,000,000",150.0,3,3,Unfurnished,enterprise,3bdrm Apartment in Ikeja for sale
"4bdrm Duplex in Sangotedo, Ajah for sale","Lagos State, Ajah",Ajah,Lagos State,"₦ 180,000,000",10.0,4,4,Unfurnished,enterprise,"4bdrm Duplex in Sangotedo, Ajah for sale"
4bdrm Duplex in Abraham Adesanya Estate for sale,"Ajah, Abraham Adesanya Estate",Abraham Adesanya Estate,Ajah,"₦ 180,000,000",250.0,4,4,Semi-Furnished,enterprise,4bdrm Duplex in Abraham Adesanya Estate for sale
4bdrm Duplex in Abijo for sale,"Ibeju, Abijo",Abijo,Ibeju,"₦ 221,000,000",3420.0,4,4,Semi-Furnished,enterprise,4bdrm Duplex in Abijo for sale
5bdrm Duplex in Parkview Estate for sale,"Ikoyi, Parkview Estate",Parkview Estate,Ikoyi,"₦ 5,100,000,000",550.0,5,5,Semi-Furnished,enterprise,5bdrm Duplex in Parkview Estate for sale
4bdrm Duplex in Enugu for sale,"Enugu State, Enugu",Enugu,Enugu State,"₦ 260,000,000",300.0,4,4,Semi-Furnished,enterprise,4bdrm Duplex in Enugu for sale
2bdrm Apartment in Ologolo Lekki Lagos for sale,"Lekki, Ologolo",Ologolo,Lekki,"₦ 95,000,000",650.0,2,3,Semi-Furnished,enterprise,2bdrm Apartment in Ologolo Lekki Lagos for sale
5bdrm Duplex in Lekki for sale,"Lagos State, Lekki",Lekki,Lagos State,"₦ 750,000,000",350.0,5,5,Semi-Furnished,enterprise,5bdrm Duplex in Lekki for sale
5bdrm Duplex in Gwarinpa for sale,"Abuja (FCT), Gwarinpa",Gwarinpa,Abuja (FCT),"₦ 800,000,000",900.0,5,5,Semi-Furnished,enterprise,5bdrm Duplex in Gwarinpa for sale
"4bdrm Duplex in River Park Estate, Lugbe District for sale","Abuja (FCT), Lugbe District",Lugbe District,Abuja (FCT),"₦ 200,000,000",300.0,4,5,Unfurnished,enterprise,"4bdrm Duplex in River Park Estate, Lugbe District for sale"
4bdrm Duplex in Ikota for sale,"Lekki, Ikota",Ikota,Lekki,"₦ 180,000,000",200.0,4,4,Semi-Furnished,enterprise,4bdrm Duplex in Ikota for sale
2bdrm Apartment in Lekki Expressway for sale,"Lekki, Lekki Expressway",Lekki Expressway,Lekki,"₦ 220,000,000",400.0,2,2,Unfurnished,enterprise,2bdrm Apartment in Lekki Expressway for sale
4bdrm Duplex in Off Admiralty Way for sale,"Lekki, Lekki Phase 1",Lekki Phase 1,Lekki,"₦ 780,000,000",377.0,4,5,Semi-Furnished,enterprise,4bdrm Duplex in Off Admiralty Way for sale
4bdrm Duplex in Lekki for sale,"Lagos State, Lekki",Lekki,Lagos State,"₦ 190,000,000",350.0,4,4,Semi-Furnished,enterprise,4bdrm Duplex in Lekki for sale
5bdrm Duplex in Lekki for sale,"Lagos State, Lekki",Lekki,Lagos State,"₦ 480,000,000",400.0,5,5,Semi-Furnished,enterprise,5bdrm Duplex in Lekki for sale
4bdrm Duplex in Lekki for sale,"Lagos State, Lekki",Lekki,Lagos State,"₦ 350,000,000",350.0,4,4,Semi-Furnished,enterprise,4bdrm Duplex in Lekki for sale
4bdrm Duplex in Lekki for sale,"Lagos State, Lekki",Lekki,Lagos State,"₦ 160,000,000",350.0,4,4,Unfurnished,enterprise,4bdrm Duplex in Lekki for sale
3bdrm Apartment in Lekki for sale,"Lagos State, Lekki",Lekki,Lagos State,"₦ 500,000,000",250.0,3,3,Unfurnished,enterprise,3bdrm Apartment in Lekki for sale
2bdrm Apartment in Victoria Island for sale,"Lagos State, Victoria Island",Victoria Island,Lagos State,"₦ 300,000,000",150.0,2,2,Unfurnished,enterprise,2bdrm Apartment in Victoria Island for sale
5bdrm Duplex in Osapa london for sale,"Lekki, Osapa london",Osapa london,Lekki,"₦ 1,500,000,000",400.0,5,5,Unfurnished,enterprise,5bdrm Duplex in Osapa london for sale
Furnished 4bdrm Duplex in Abuja (FCT) for sale,Abuja (FCT),Abuja (FCT),,"₦ 700,000,000",350.0,4,4,Furnished,enterprise,Furnished 4bdrm Duplex in Abuja (FCT) for sale
7bdrm Mansion in Zone 2 / Wuse for sale,"Wuse, Zone 2 / Wuse",Zone 2 / Wuse,Wuse,"₦ 3,000,000,000",1500.0,7,7,Unfurnished,enterprise,7bdrm Mansion in Zone 2 / Wuse for sale
6bdrm Duplex in Asokoro Main Abuja for sale,"Abuja (FCT), Asokoro",Asokoro,Abuja (FCT),"₦ 1,500,000,000",600.0,6,7,Semi-Furnished,enterprise,6bdrm Duplex in Asokoro Main Abuja for sale
8bdrm Mansion in Maitama Main Abuja for sale,"Abuja (FCT), Maitama",Maitama,Abuja (FCT),"₦ 7,800,000,000",2000.0,8,9,Semi-Furnished,enterprise,8bdrm Mansion in Maitama Main Abuja for sale
"4bdrm Duplex in Engr. Lere Adigun, Ibadan for sale","Oyo State, Ibadan",Ibadan,Oyo State,"₦ 370,000,000",450.0,4,4,Semi-Furnished,enterprise,"4bdrm Duplex in Engr. Lere Adigun, Ibadan for sale"
"5bdrm Duplex in Secured Estate, Omole Phase 2 for sale","Ikeja, Omole Phase 2",Omole Phase 2,Ikeja,"₦ 650,000,000",300.0,5,5,Semi-Furnished,enterprise,"5bdrm Duplex in Secured Estate, Omole Phase 2 for sale"
Furnished 4bdrm Duplex in Sangotedo for sale,"Ajah, Sangotedo",Sangotedo,Ajah,"₦ 220,000,000",500.0,4,5,Furnished,enterprise,Furnished 4bdrm Duplex in Sangotedo for sale
"Furnished 2bdrm Apartment in Mojisola Onikoyi, Lekki Phase 1 for sale","Lekki, Lekki Phase 1",Lekki Phase 1,Lekki,"₦ 650,000,000",600.0,2,3,Furnished,enterprise,"Furnished 2bdrm Apartment in Mojisola Onikoyi, Lekki Phase 1 for sale"
"4bdrm Apartment in Victoria Island, Kofo Abayomi for sale","Victoria Island, Kofo Abayomi",Kofo Abayomi,Victoria Island,"₦ 2,250,000,000",1000.0,4,5,Semi-Furnished,enterprise,"4bdrm Apartment in Victoria Island, Kofo Abayomi for sale"
5bdrm House in Osapa London Lekki for sale,"Lekki, Osapa london",Osapa london,Lekki,"₦ 1,720,000,000",1000.0,5,6,Semi-Furnished,enterprise,5bdrm House in Osapa London Lekki for sale
4bdrm Duplex in Labak Estate for sale,"Lagos State, Abule Egba",Abule Egba,Lagos State,"₦ 200,000,000",557.0,4,5,Unfurnished,enterprise,4bdrm Duplex in Labak Estate for sale
5bdrm Duplex in Lekki for sale,"Lagos State, Lekki",Lekki,Lagos State,"₦ 400,000,000",350.0,5,5,Semi-Furnished,enterprise,5bdrm Duplex in Lekki for sale
"2bdrm Bungalow in Valley View Estate, Iyana Ipaja for sale","Ipaja, Iyana Ipaja",Iyana Ipaja,Ipaja,"₦ 35,000,000",200.0,2,3,Unfurnished,enterprise,"2bdrm Bungalow in Valley View Estate, Iyana Ipaja for sale"
"4bdrm Duplex in Golf Annex, Enugu for sale","Enugu State, Enugu",Enugu,Enugu State,"₦ 130,000,000",400.0,4,5,Unfurnished,enterprise,"4bdrm Duplex in Golf Annex, Enugu for sale"
4bdrm Duplex in Ajah for sale,"Lagos State, Ajah",Ajah,Lagos State,"₦ 120,000,000",350.0,4,4,Unfurnished,enterprise,4bdrm Duplex in Ajah for sale
5bdrm Duplex in Osapa london for sale,"Lekki, Osapa london",Osapa london,Lekki,"₦ 1,750,000,000",350.0,5,5,Unfurnished,enterprise,5bdrm Duplex in Osapa london for sale
5bdrm Duplex in Lekki for sale,"Lagos State, Lekki",Lekki,Lagos State,"₦ 2,000,000,000",400.0,5,5,Semi-Furnished,enterprise,5bdrm Duplex in Lekki for sale
5bdrm Duplex in Lekki for sale,"Lagos State, Lekki",Lekki,Lagos State,"₦ 700,000,000",350.0,5,5,Unfurnished,enterprise,5bdrm Duplex in Lekki for sale
"4bdrm Duplex in Royal Garden Estate, Obio-Akpor for sale","Rivers State, Obio-Akpor",Obio-Akpor,Rivers State,"₦ 250,000,000",300.0,4,4,Semi-Furnished,enterprise,"4bdrm Duplex in Royal Garden Estate, Obio-Akpor for sale"
"3bdrm Townhouse/Terrace in Hall 7, Life Camp for sale","Gwarinpa, Life Camp",Life Camp,Gwarinpa,"₦ 150,000,000",350.0,3,3,Unfurnished,enterprise,"3bdrm Townhouse/Terrace in Hall 7, Life Camp for sale"
"5bdrm Duplex in Secured Estate, Omole Phase 2 for sale","Ikeja, Omole Phase 2",Omole Phase 2,Ikeja,"₦ 700,000,000",300.0,5,5,Semi-Furnished,enterprise,"5bdrm Duplex in Secured Estate, Omole Phase 2 for sale"
4bdrm Duplex in Sangotedo for sale,"Ajah, Sangotedo",Sangotedo,Ajah,"₦ 180,000,000",400.0,4,4,Unfurnished,enterprise,4bdrm Duplex in Sangotedo for sale
4bdrm Duplex in Sangotedo for sale,"Ajah, Sangotedo",Sangotedo,Ajah,"₦ 360,000,000",350.0,4,4,Semi-Furnished,enterprise,4bdrm Duplex in Sangotedo for sale
5bdrm Duplex in Megamond Estate for sale,"Lekki, Ikota",Ikota,Lekki,"₦ 650,000,000",500.0,5,6,Semi-Furnished,enterprise,5bdrm Duplex in Megamond Estate for sale
5bdrm House in Chevron Drive Lekki for sale,"Lekki, Chevron",Chevron,Lekki,"₦ 800,000,000",600.0,5,6,Semi-Furnished,enterprise,5bdrm House in Chevron Drive Lekki for sale
5bdrm Duplex in Chevron for sale,"Lekki, Chevron",Chevron,Lekki,"₦ 1,500,000,000",400.0,5,5,Semi-Furnished,enterprise,5bdrm Duplex in Chevron for sale
"5bdrm Duplex in River Park Estate, Lugbe District for sale","Abuja (FCT), Lugbe District",Lugbe District,Abuja (FCT),"₦ 280,000,000",550.0,5,6,Unfurnished,enterprise,"5bdrm Duplex in River Park Estate, Lugbe District for sale"
4bdrm Duplex in Banana Island for sale,"Ikoyi, Banana Island",Banana Island,Ikoyi,"₦ 2,700,000,000",350.0,4,4,Unfurnished,enterprise,4bdrm Duplex in Banana Island for sale
4bdrm Duplex in Guzape District for sale,"Abuja (FCT), Guzape District",Guzape District,Abuja (FCT),"₦ 400,000,000",300.0,4,4,Semi-Furnished,enterprise,4bdrm Duplex in Guzape District for sale
4bdrm Duplex in Lekki Phase 1 for sale,"Lekki, Lekki Phase 1",Lekki Phase 1,Lekki,"₦ 750,000,000",250.0,4,4,Unfurnished,enterprise,4bdrm Duplex in Lekki Phase 1 for sale
5bdrm Duplex in Lekki for sale,"Lagos State, Lekki",Lekki,Lagos State,"₦ 350,000,000",250.0,5,5,Unfurnished,enterprise,5bdrm Duplex in Lekki for sale
4bdrm Duplex in Gbalajam Woji for sale,"Port-Harcourt, Woji",Woji,Port-Harcourt,"₦ 330,000,000",330.0,4,4,Semi-Furnished,enterprise,4bdrm Duplex in Gbalajam Woji for sale
3bdrm Block of Flats in Gwarinpa for sale,"Abuja (FCT), Gwarinpa",Gwarinpa,Abuja (FCT),"₦ 200,000,000",300.0,3,3,Unfurnished,enterprise,3bdrm Block of Flats in Gwarinpa for sale
4bdrm Townhouse/Terrace in Lifecamp for sale,"Gwarinpa, Life Camp",Life Camp,Gwarinpa,"₦ 300,000,000",300.0,4,4,Unfurnished,enterprise,4bdrm Townhouse/Terrace in Lifecamp for sale
"3bdrm Duplex in Naf Harmony Estate, Port-Harcourt for sale","Rivers State, Port-Harcourt",Port-Harcourt,Rivers State,"₦ 300,000,000",465.0,3,4,Semi-Furnished,enterprise,"3bdrm Duplex in Naf Harmony Estate, Port-Harcourt for sale"
5bdrm Duplex in Ada George Port for sale,"Rivers State, Port-Harcourt",Port-Harcourt,Rivers State,"₦ 400,000,000",955.0,5,7,Semi-Furnished,enterprise,5bdrm Duplex in Ada George Port for sale
"4bdrm Duplex in Secured Estate, Omole Phase 1 for sale","Ikeja, Omole Phase 1",Omole Phase 1,Ikeja,"₦ 670,000,000",300.0,4,4,Semi-Furnished,enterprise,"4bdrm Duplex in Secured Estate, Omole Phase 1 for sale"
5bdrm Duplex in Osapa London Lekki for sale,"Lekki, Osapa london",Osapa london,Lekki,"₦ 1,650,000,000",1000.0,5,6,Semi-Furnished,enterprise,5bdrm Duplex in Osapa London Lekki for sale
Furnished 4bdrm Maisonette in Banana Island for sale,"Ikoyi, Banana Island",Banana Island,Ikoyi,"₦ 4,500,000,000",1000.0,4,1,Furnished,enterprise,Furnished 4bdrm Maisonette in Banana Island for sale
"5bdrm Duplex in Naf Valley Estate, Asokoro for sale","Abuja (FCT), Asokoro",Asokoro,Abuja (FCT),"₦ 650,000,000",820.0,5,5,Unfurnished,enterprise,"5bdrm Duplex in Naf Valley Estate, Asokoro for sale"
4bdrm Duplex in Agungi for sale,"Lekki, Agungi",Agungi,Lekki,"₦ 320,000,000",320.0,4,4,Unfurnished,False,4bdrm Duplex in Agungi for sale
5bdrm Duplex in Lekki for sale,"Lagos State, Lekki",Lekki,Lagos State,"₦ 1,300,000,000",500.0,5,5,Semi-Furnished,enterprise,5bdrm Duplex in Lekki for sale
5bdrm Duplex in Omole Phase 1 for sale,"Ikeja, Omole Phase 1",Omole Phase 1,Ikeja,"₦ 850,000,000",400.0,5,5,Unfurnished,enterprise,5bdrm Duplex in Omole Phase 1 for sale
4bdrm Duplex in Guzape District for sale,"Abuja (FCT), Guzape District",Guzape District,Abuja (FCT),"₦ 450,000,000",200.0,4,4,Semi-Furnished,enterprise,4bdrm Duplex in Guzape District for sale
5bdrm Duplex in Off Lekki-Epe Expressway for sale,"Ajah, Off Lekki-Epe Expressway",Off Lekki-Epe Expressway,Ajah,"₦ 700,000,000",450.0,5,5,Semi-Furnished,enterprise,5bdrm Duplex in Off Lekki-Epe Expressway for sale
5bdrm Duplex in Maitama for sale,"Abuja (FCT), Maitama",Maitama,Abuja (FCT),"₦ 2,000,000,000",700.0,5,6,Unfurnished,enterprise,5bdrm Duplex in Maitama for sale
3bdrm Duplex in Pen Cinema for sale,"Agege, Pen Cinema",Pen Cinema,Agege,"₦ 140,000,000",1000.0,3,1,Unfurnished,enterprise,3bdrm Duplex in Pen Cinema for sale
5bdrm Duplex in Lekki for sale,"Lagos State, Lekki",Lekki,Lagos State,"₦ 650,000,000",450.0,5,5,Semi-Furnished,enterprise,5bdrm Duplex in Lekki for sale
5bdrm Duplex in Lekki for sale,"Lagos State, Lekki",Lekki,Lagos State,"₦ 470,000,000",400.0,5,5,Semi-Furnished,enterprise,5bdrm Duplex in Lekki for sale
Furnished 4bdrm Duplex in Sangotedo Lagos for sale,"Ajah, Sangotedo",Sangotedo,Ajah,"₦ 240,000,000",767.0,4,3,Furnished,enterprise,Furnished 4bdrm Duplex in Sangotedo Lagos for sale
4bdrm Duplex in Ajah for sale,"Lagos State, Ajah",Ajah,Lagos State,"₦ 170,000,000",250.0,4,4,Unfurnished,enterprise,4bdrm Duplex in Ajah for sale
"3bdrm Bungalow in Ada George, Port-Harcourt for sale","Rivers State, Port-Harcourt",Port-Harcourt,Rivers State,"₦ 100,000,000",465.0,3,3,Semi-Furnished,enterprise,"3bdrm Bungalow in Ada George, Port-Harcourt for sale"
5bdrm Duplex in Lekki Palm City for sale,"Lagos State, Lekki",Lekki,Lagos State,"₦ 260,000,000",10.0,5,5,Unfurnished,enterprise,5bdrm Duplex in Lekki Palm City for sale
4bdrm Duplex in Jahi Abuja for sale,"Abuja (FCT), Jahi",Jahi,Abuja (FCT),"₦ 350,000,000",2000.0,4,5,Semi-Furnished,enterprise,4bdrm Duplex in Jahi Abuja for sale
4bdrm Townhouse/Terrace in Mabushi for sale,"Abuja (FCT), Mabushi",Mabushi,Abuja (FCT),"₦ 390,000,000",300.0,4,4,Unfurnished,enterprise,4bdrm Townhouse/Terrace in Mabushi for sale
4bdrm Duplex in Life Camp for sale,"Gwarinpa, Life Camp",Life Camp,Gwarinpa,"₦ 200,000,000",350.0,4,6,Unfurnished,enterprise,4bdrm Duplex in Life Camp for sale
4bdrm House in Ikeja GRA for sale,"Ikeja, Ikeja GRA",Ikeja GRA,Ikeja,"₦ 800,000,000",1000.0,4,1,Unfurnished,enterprise,4bdrm House in Ikeja GRA for sale
3bdrm Duplex in Ikota for sale,"Lekki, Ikota",Ikota,Lekki,"₦ 170,000,000",1000.0,3,1,Unfurnished,enterprise,3bdrm Duplex in Ikota for sale
4bdrm Duplex in Alaka Estate for sale,"Surulere, Alaka Estate",Alaka Estate,Surulere,"₦ 450,000,000",1000.0,4,1,Unfurnished,enterprise,4bdrm Duplex in Alaka Estate for sale
4bdrm Block of Flats in Ejigbo for sale,"Ejigbo, Ejigbo / Ejigbo",Ejigbo / Ejigbo,Ejigbo,"₦ 120,000,000",500.0,4,4,Unfurnished,enterprise,4bdrm Block of Flats in Ejigbo for sale
7bdrm Duplex in Galadimawa for sale,"Abuja (FCT), Galadimawa",Galadimawa,Abuja (FCT),"₦ 315,000,000",500.0,7,8,Unfurnished,enterprise,7bdrm Duplex in Galadimawa for sale
7bdrm Duplex in Lekki for sale,"Lagos State, Lekki",Lekki,Lagos State,"₦ 800,000,000",500.0,7,7,Unfurnished,enterprise,7bdrm Duplex in Lekki for sale
3bdrm Maisonette in Osborne Foreshore Estate for sale,"Ikoyi, Osborne Foreshore Estate",Osborne Foreshore Estate,Ikoyi,"₦ 540,000,000",150.0,3,3,Unfurnished,enterprise,3bdrm Maisonette in Osborne Foreshore Estate for sale
3bdrm Duplex in Ilupeju for sale,"Lagos State, Ilupeju",Ilupeju,Lagos State,"₦ 300,000,000",200.0,3,3,Unfurnished,enterprise,3bdrm Duplex in Ilupeju for sale
4bdrm Maisonette in Banana Island for sale,"Ikoyi, Banana Island",Banana Island,Ikoyi,"₦ 4,500,000,000",35.0,4,4,Unfurnished,enterprise,4bdrm Maisonette in Banana Island for sale
6bdrm Duplex in Apo Resettlement for sale,"Apo District, Apo Resettlement",Apo Resettlement,Apo District,"₦ 665,000,000",600.0,6,7,Semi-Furnished,enterprise,6bdrm Duplex in Apo Resettlement for sale
"4bdrm Duplex in Secured Estate, Alakuko for sale","Ifako-Ijaiye, Alakuko",Alakuko,Ifako-Ijaiye,"₦ 270,000,000",280.0,4,4,Semi-Furnished,enterprise,"4bdrm Duplex in Secured Estate, Alakuko for sale"
"5bdrm Duplex in Barnawa Gra Phase 1, Kaduna / Kaduna State for sale","Kaduna State, Kaduna / Kaduna State",Kaduna / Kaduna State,Kaduna State,"₦ 108,000,000",900.0,5,5,Semi-Furnished,enterprise,"5bdrm Duplex in Barnawa Gra Phase 1, Kaduna / Kaduna State for sale"
5bdrm Duplex in Lekki Phase 1 for sale,"Lekki, Lekki Phase 1",Lekki Phase 1,Lekki,"₦ 1,200,000,000",1000.0,5,1,Unfurnished,enterprise,5bdrm Duplex in Lekki Phase 1 for sale
5bdrm Duplex in Lekki Phase 1 for sale,"Lekki, Lekki Phase 1",Lekki Phase 1,Lekki,"₦ 1,100,000,000",1000.0,5,1,Unfurnished,enterprise,5bdrm Duplex in Lekki Phase 1 for sale
4bdrm Duplex in Lekki for sale,"Lagos State, Lekki",Lekki,Lagos State,"₦ 280,000,000",300.0,4,4,Semi-Furnished,enterprise,4bdrm Duplex in Lekki for sale
8bdrm Block of Flats in Igando / Ikotun/Igando for sale,"Ikotun/Igando, Igando / Ikotun/Igando",Igando / Ikotun/Igando,Ikotun/Igando,"₦ 55,000,000",300.0,8,8,Unfurnished,enterprise,8bdrm Block of Flats in Igando / Ikotun/Igando for sale
5bdrm Duplex in Ayobo for sale,"Ipaja, Ayobo",Ayobo,Ipaja,"₦ 70,000,000",167.0,5,6,Unfurnished,enterprise,5bdrm Duplex in Ayobo for sale
5bdrm Duplex in Sangotedo Ajah for sale,"Ajah, Sangotedo",Sangotedo,Ajah,"₦ 400,000,000",400.0,5,5,Semi-Furnished,enterprise,5bdrm Duplex in Sangotedo Ajah for sale
"4bdrm Duplex in Nuga Luxury, Lugbe District for sale","Abuja (FCT), Lugbe District",Lugbe District,Abuja (FCT),"₦ 75,000,000",350.0,4,5,Unfurnished,enterprise,"4bdrm Duplex in Nuga Luxury, Lugbe District for sale"
5bdrm Duplex in Abuja (FCT) for sale,Abuja (FCT),Abuja (FCT),,"₦ 390,000,000",400.0,5,5,Unfurnished,enterprise,5bdrm Duplex in Abuja (FCT) for sale
5bdrm House in Lekki for sale,"Lagos State, Lekki",Lekki,Lagos State,"₦ 650,000,000",500.0,5,5,Unfurnished,enterprise,5bdrm House in Lekki for sale
"3bdrm Duplex in Harmony Estate Off, Obio-Akpor for sale","Rivers State, Obio-Akpor",Obio-Akpor,Rivers State,"₦ 300,000,000",468.0,3,3,Semi-Furnished,enterprise,"3bdrm Duplex in Harmony Estate Off, Obio-Akpor for sale"
5bdrm Duplex in Guzape Main Abuja for sale,"Abuja (FCT), Guzape District",Guzape District,Abuja (FCT),"₦ 807,500,000",500.0,5,6,Semi-Furnished,enterprise,5bdrm Duplex in Guzape Main Abuja for sale
"5bdrm Duplex in Secured Estate, Magodo Isheri for sale","Ojodu, Magodo Isheri",Magodo Isheri,Ojodu,"₦ 400,000,000",300.0,5,5,Semi-Furnished,enterprise,"5bdrm Duplex in Secured Estate, Magodo Isheri for sale"
"Furnished 4bdrm Duplex in Centenary City, Enugu for sale","Enugu State, Enugu",Enugu,Enugu State,"₦ 200,000,000",500.0,4,5,Furnished,enterprise,"Furnished 4bdrm Duplex in Centenary City, Enugu for sale"
5bdrm Duplex in Adeniyi Jones Ikeja for sale,"Ikeja, Adeniyi Jones",Adeniyi Jones,Ikeja,"₦ 750,000,000",600.0,5,6,Semi-Furnished,enterprise,5bdrm Duplex in Adeniyi Jones Ikeja for sale
4bdrm Penthouse in Banana Island Ikoyi for sale,"Ikoyi, Banana Island",Banana Island,Ikoyi,"₦ 2,250,000,000",1000.0,4,5,Semi-Furnished,enterprise,4bdrm Penthouse in Banana Island Ikoyi for sale
5bdrm Duplex in Chevron for sale,"Lekki, Chevron",Chevron,Lekki,"₦ 600,000,000",1000.0,5,1,Unfurnished,enterprise,5bdrm Duplex in Chevron for sale
5bdrm House in Osapa london for sale,"Lekki, Osapa london",Osapa london,Lekki,"₦ 1,700,000,000",1000.0,5,1,Unfurnished,enterprise,5bdrm House in Osapa london for sale
5bdrm Duplex in Lekki for sale,"Lagos State, Lekki",Lekki,Lagos State,"₦ 480,000,000",400.0,5,5,Semi-Furnished,enterprise,5bdrm Duplex in Lekki for sale
"3bdrm Apartment in Private Property, Katampe (Main) for sale","Katampe, Katampe (Main)",Katampe (Main),Katampe,"₦ 120,000,000",2200.0,3,3,Unfurnished,enterprise,"3bdrm Apartment in Private Property, Katampe (Main) for sale"
"6bdrm Duplex in Private Property, Katampe Extension for sale","Katampe, Katampe Extension",Katampe Extension,Katampe,"₦ 1,500,000,000",4000.0,6,6,Semi-Furnished,enterprise,"6bdrm Duplex in Private Property, Katampe Extension for sale"
"4bdrm Duplex in Riverview (Tinubu), Berger for sale","Ojodu, Berger",Berger,Ojodu,"₦ 250,000,000",250.0,4,5,Unfurnished,enterprise,"4bdrm Duplex in Riverview (Tinubu), Berger for sale"
5bdrm Duplex in Ajah for sale,"Lagos State, Ajah",Ajah,Lagos State,"₦ 530,000,000",500.0,5,5,Unfurnished,enterprise,5bdrm Duplex in Ajah for sale
4bdrm Duplex in Lekki for sale,"Lagos State, Lekki",Lekki,Lagos State,"₦ 250,000,000",250.0,4,4,Unfurnished,enterprise,4bdrm Duplex in Lekki for sale
2bdrm Apartment in Yaba for sale,"Lagos State, Yaba",Yaba,Lagos State,"₦ 150,000,000",250.0,2,2,Unfurnished,enterprise,2bdrm Apartment in Yaba for sale
"3bdrm Bungalow in Rumuosi, Port-Harcourt for sale","Rivers State, Port-Harcourt",Port-Harcourt,Rivers State,"₦ 65,000,000",450.0,3,3,Semi-Furnished,enterprise,"3bdrm Bungalow in Rumuosi, Port-Harcourt for sale"
"Furnished 5bdrm Duplex in Ada George, Port-Harcourt for sale","Rivers State, Port-Harcourt",Port-Harcourt,Rivers State,"₦ 400,000,000",1860.0,5,5,Furnished,enterprise,"Furnished 5bdrm Duplex in Ada George, Port-Harcourt for sale"
4bdrm Duplex in Guzape Main Abuja for sale,"Abuja (FCT), Guzape District",Guzape District,Abuja (FCT),"₦ 850,000,000",500.0,4,5,Semi-Furnished,enterprise,4bdrm Duplex in Guzape Main Abuja for sale
4bdrm Duplex in Jahi Abuja for sale,"Abuja (FCT), Jahi",Jahi,Abuja (FCT),"₦ 400,000,000",1500.0,4,5,Semi-Furnished,enterprise,4bdrm Duplex in Jahi Abuja for sale
3bdrm Apartment in Wuye Main Abuja for sale,"Abuja (FCT), Wuye",Wuye,Abuja (FCT),"₦ 180,000,000",1500.0,3,4,Semi-Furnished,enterprise,3bdrm Apartment in Wuye Main Abuja for sale
4bdrm Duplex in Gbalajam-Woji Port for sale,"Port-Harcourt, Woji",Woji,Port-Harcourt,"₦ 330,000,000",400.0,4,5,Semi-Furnished,enterprise,4bdrm Duplex in Gbalajam-Woji Port for sale
5bdrm Duplex in Old Ikoyi for sale,"Ikoyi, Old Ikoyi",Old Ikoyi,Ikoyi,"₦ 6,000,000,000",500.0,5,5,Semi-Furnished,enterprise,5bdrm Duplex in Old Ikoyi for sale
5bdrm Duplex in Chevron for sale,"Lekki, Chevron",Chevron,Lekki,"₦ 600,000,000",350.0,5,5,Semi-Furnished,enterprise,5bdrm Duplex in Chevron for sale
3bdrm Apartment in Lekki Phase 1 for sale,"Lekki, Lekki Phase 1",Lekki Phase 1,Lekki,"₦ 160,000,000",500.0,3,3,Unfurnished,enterprise,3bdrm Apartment in Lekki Phase 1 for sale
5bdrm Duplex in Jakande for sale,"Lekki, Jakande",Jakande,Lekki,"₦ 600,000,000",1000.0,5,1,Unfurnished,enterprise,5bdrm Duplex in Jakande for sale
5bdrm Townhouse/Terrace in Jabi for sale,"Abuja (FCT), Jabi",Jabi,Abuja (FCT),"₦ 480,000,000",350.0,5,5,Unfurnished,enterprise,5bdrm Townhouse/Terrace in Jabi for sale
"5bdrm Duplex in Independence Layout, Enugu for sale","Enugu State, Enugu",Enugu,Enugu State,"₦ 700,000,000",1200.0,5,6,Unfurnished,enterprise,"5bdrm Duplex in Independence Layout, Enugu for sale"
"3bdrm Bungalow in Pyakasa Axis, Lugbe District for sale","Abuja (FCT), Lugbe District",Lugbe District,Abuja (FCT),"₦ 95,000,000",600.0,3,4,Unfurnished,enterprise,"3bdrm Bungalow in Pyakasa Axis, Lugbe District for sale"
Furnished 4bdrm Duplex in Katampe Extension for sale,"Katampe, Katampe Extension",Katampe Extension,Katampe,"₦ 650,000,000",500.0,4,5,Furnished,enterprise,Furnished 4bdrm Duplex in Katampe Extension for sale
"5bdrm Duplex in New Road Ada George, Port-Harcourt for sale","Rivers State, Port-Harcourt",Port-Harcourt,Rivers State,"₦ 135,000,000",465.0,5,6,Semi-Furnished,enterprise,"5bdrm Duplex in New Road Ada George, Port-Harcourt for sale"
4bdrm Duplex in Ikota for sale,"Lekki, Ikota",Ikota,Lekki,"₦ 200,000,000",250.0,4,4,Unfurnished,enterprise,4bdrm Duplex in Ikota for sale
Furnished 4bdrm Duplex in Sangotedo for sale,"Ajah, Sangotedo",Sangotedo,Ajah,"₦ 180,000,000",500.0,4,4,Furnished,enterprise,Furnished 4bdrm Duplex in Sangotedo for sale
5bdrm Duplex in Chevron Drive Lekki for sale,"Lekki, Chevron",Chevron,Lekki,"₦ 600,000,000",500.0,5,6,Semi-Furnished,enterprise,5bdrm Duplex in Chevron Drive Lekki for sale
2bdrm House in Bode Thomas for sale,"Surulere, Bode Thomas",Bode Thomas,Surulere,"₦ 95,000,000",1000.0,2,1,Unfurnished,enterprise,2bdrm House in Bode Thomas for sale
5bdrm Villa in Apo District for sale,"Abuja (FCT), Apo District",Apo District,Abuja (FCT),"₦ 650,000,000",600.0,5,7,Unfurnished,enterprise,5bdrm Villa in Apo District for sale
6bdrm Duplex in Katampe for sale,"Abuja (FCT), Katampe",Katampe,Abuja (FCT),"₦ 850,000,000",500.0,6,7,Unfurnished,enterprise,6bdrm Duplex in Katampe for sale
5bdrm Duplex in Akobo for sale,"Ibadan, Akobo",Akobo,Ibadan,"₦ 190,000,000",500.0,5,6,Unfurnished,enterprise,5bdrm Duplex in Akobo for sale
5bdrm Duplex in Asokoro for sale,"Abuja (FCT), Asokoro",Asokoro,Abuja (FCT),"₦ 1,000,000,000",800.0,5,5,Unfurnished,enterprise,5bdrm Duplex in Asokoro for sale
5bdrm Mansion in Osapa london for sale,"Lekki, Osapa london",Osapa london,Lekki,"₦ 1,720,000,000",500.0,5,5,Semi-Furnished,enterprise,5bdrm Mansion in Osapa london for sale
"4bdrm Duplex in Lekki Palm City, Ado / Ajah for sale","Ajah, Ado / Ajah",Ado / Ajah,Ajah,"₦ 230,000,000",200.0,4,4,Semi-Furnished,enterprise,"4bdrm Duplex in Lekki Palm City, Ado / Ajah for sale"
5bdrm Duplex in Ikota for sale,"Lekki, Ikota",Ikota,Lekki,"₦ 350,000,000",400.0,5,5,Semi-Furnished,enterprise,5bdrm Duplex in Ikota for sale
18bdrm Block of Flats in Wuse 2 Abuja Nigeria for sale,"Abuja (FCT), Wuse 2",Wuse 2,Abuja (FCT),"₦ 7,000,000,000",2700.0,18,2,Unfurnished,enterprise,18bdrm Block of Flats in Wuse 2 Abuja Nigeria for sale
5bdrm Duplex in Lekki for sale,"Lagos State, Lekki",Lekki,Lagos State,"₦ 500,000,000",450.0,5,5,Semi-Furnished,enterprise,5bdrm Duplex in Lekki for sale
5bdrm Duplex in Lekki for sale,"Lagos State, Lekki",Lekki,Lagos State,"₦ 480,000,000",450.0,5,5,Unfurnished,enterprise,5bdrm Duplex in Lekki for sale
Furnished 4bdrm Duplex in Lekki Phase 2 for sale,"Lekki, Lekki Phase 2",Lekki Phase 2,Lekki,"₦ 230,000,000",500.0,4,5,Furnished,enterprise,Furnished 4bdrm Duplex in Lekki Phase 2 for sale
4bdrm Duplex in Opebi for sale,"Ikeja, Opebi",Opebi,Ikeja,"₦ 520,000,000",1000.0,4,1,Unfurnished,enterprise,4bdrm Duplex in Opebi for sale
5bdrm Duplex in Lekki for sale,"Lagos State, Lekki",Lekki,Lagos State,"₦ 1,400,000,000",400.0,5,5,Semi-Furnished,enterprise,5bdrm Duplex in Lekki for sale
3bdrm Apartment in Idu By Nizamiye for sale,"Jiwa, Idu",Idu,Jiwa,"₦ 110,000,000",250.0,3,4,Unfurnished,enterprise,3bdrm Apartment in Idu By Nizamiye for sale
2bdrm Bungalow in Fha Lugbe for sale,"Abuja (FCT), Lugbe District",Lugbe District,Abuja (FCT),"₦ 50,000,000",300.0,2,3,Unfurnished,enterprise,2bdrm Bungalow in Fha Lugbe for sale
5bdrm Duplex in Omole Phase 1 for sale,"Ikeja, Omole Phase 1",Omole Phase 1,Ikeja,"₦ 700,000,000",450.0,5,5,Unfurnished,enterprise,5bdrm Duplex in Omole Phase 1 for sale
7bdrm Duplex in Lekki for sale,"Lagos State, Lekki",Lekki,Lagos State,"₦ 2,200,000,000",500.0,7,7,Unfurnished,enterprise,7bdrm Duplex in Lekki for sale
5bdrm Duplex in Abuja (FCT) for sale,Abuja (FCT),Abuja (FCT),,"₦ 2,000,000,000",160.0,5,5,Unfurnished,enterprise,5bdrm Duplex in Abuja (FCT) for sale
Furnished 2bdrm Penthouse in Lekki for sale,"Lagos State, Lekki",Lekki,Lagos State,"₦ 180,000,000",150.0,2,2,Furnished,enterprise,Furnished 2bdrm Penthouse in Lekki for sale
Furnished 2bdrm Apartment in Lekki Phase 1 for sale,"Lekki, Lekki Phase 1",Lekki Phase 1,Lekki,"₦ 270,000,000",150.0,2,2,Furnished,enterprise,Furnished 2bdrm Apartment in Lekki Phase 1 for sale
"3bdrm Bungalow in Ada George, Obio-Akpor for sale","Rivers State, Obio-Akpor",Obio-Akpor,Rivers State,"₦ 100,000,000",465.0,3,3,Semi-Furnished,enterprise,"3bdrm Bungalow in Ada George, Obio-Akpor for sale"
"4bdrm Duplex in Ikota Gra, Lekki for sale","Lagos State, Lekki",Lekki,Lagos State,"₦ 200,000,000",10.0,4,4,Unfurnished,enterprise,"4bdrm Duplex in Ikota Gra, Lekki for sale"
"4bdrm Duplex in General Paint, Ajah for sale","Lagos State, Ajah",Ajah,Lagos State,"₦ 160,000,000",10.0,4,4,Unfurnished,enterprise,"4bdrm Duplex in General Paint, Ajah for sale"
"4bdrm Duplex in Lekki Palm City, Ajah for sale","Lagos State, Ajah",Ajah,Lagos State,"₦ 250,000,000",10.0,4,4,Unfurnished,enterprise,"4bdrm Duplex in Lekki Palm City, Ajah for sale"
4bdrm Townhouse/Terrace in Lifecamp for sale,"Gwarinpa, Life Camp",Life Camp,Gwarinpa,"₦ 250,000,000",450.0,4,4,Unfurnished,enterprise,4bdrm Townhouse/Terrace in Lifecamp for sale
4bdrm Duplex in Lifecamp for sale,"Gwarinpa, Life Camp",Life Camp,Gwarinpa,"₦ 350,000,000",350.0,4,4,Unfurnished,enterprise,4bdrm Duplex in Lifecamp for sale
3bdrm Duplex in Galadimawa for sale,"Abuja (FCT), Galadimawa",Galadimawa,Abuja (FCT),"₦ 200,000,000",950.0,3,3,Unfurnished,enterprise,3bdrm Duplex in Galadimawa for sale
5bdrm Duplex in Ogudu Gra Lagos for sale,"Ogudu, Ogudu GRA",Ogudu GRA,Ogudu,"₦ 600,000,000",1000.0,5,6,Semi-Furnished,enterprise,5bdrm Duplex in Ogudu Gra Lagos for sale
6bdrm Duplex in Ijegun Ikotun Lagos for sale,"Ikotun/Igando, Ijegun",Ijegun,Ikotun/Igando,"₦ 180,000,000",678.0,6,7,Semi-Furnished,enterprise,6bdrm Duplex in Ijegun Ikotun Lagos for sale
Furnished 5bdrm House in Banana Island Ikoyi for sale,"Ikoyi, Banana Island",Banana Island,Ikoyi,"₦ 8,500,000,000",2000.0,5,6,Furnished,enterprise,Furnished 5bdrm House in Banana Island Ikoyi for sale
6bdrm House in Ikeja GRA for sale,"Ikeja, Ikeja GRA",Ikeja GRA,Ikeja,"₦ 3,500,000,000",1000.0,6,1,Unfurnished,enterprise,6bdrm House in Ikeja GRA for sale
5bdrm Duplex in Chevron for sale,"Lekki, Chevron",Chevron,Lekki,"₦ 849,000,000",1000.0,5,1,Unfurnished,enterprise,5bdrm Duplex in Chevron for sale
4bdrm Duplex in Adeniyi Jones for sale,"Ikeja, Adeniyi Jones",Adeniyi Jones,Ikeja,"₦ 550,000,000",1000.0,4,1,Unfurnished,enterprise,4bdrm Duplex in Adeniyi Jones for sale
4bdrm Duplex in Ajah for sale,"Lagos State, Ajah",Ajah,Lagos State,"₦ 175,000,000",350.0,4,4,Semi-Furnished,enterprise,4bdrm Duplex in Ajah for sale
"5bdrm Block of Flats in Blue Roof, Ajah for sale","Lagos State, Ajah",Ajah,Lagos State,"₦ 60,000,000",313.0,5,8,Unfurnished,enterprise,"5bdrm Block of Flats in Blue Roof, Ajah for sale"
"5bdrm Duplex in Light House Estate, Lugbe District for sale","Abuja (FCT), Lugbe District",Lugbe District,Abuja (FCT),"₦ 370,000,000",763.0,5,6,Semi-Furnished,enterprise,"5bdrm Duplex in Light House Estate, Lugbe District for sale"
"3bdrm Duplex in F01, Kubwa for sale","Abuja (FCT), Kubwa",Kubwa,Abuja (FCT),"₦ 90,000,000",250.0,3,4,Unfurnished,enterprise,"3bdrm Duplex in F01, Kubwa for sale"
5bdrm Duplex in Lekki for sale,"Lagos State, Lekki",Lekki,Lagos State,"₦ 350,000,000",350.0,5,5,Unfurnished,enterprise,5bdrm Duplex in Lekki for sale
5bdrm Duplex in Ikoyi for sale,"Lagos State, Ikoyi",Ikoyi,Lagos State,"₦ 6,000,000,000",350.0,5,5,Unfurnished,enterprise,5bdrm Duplex in Ikoyi for sale
3bdrm Apartment in Yaba for sale,"Lagos State, Yaba",Yaba,Lagos State,"₦ 220,000,000",250.0,3,3,Unfurnished,enterprise,3bdrm Apartment in Yaba for sale
4bdrm Bungalow in Akobo for sale,"Ibadan, Akobo",Akobo,Ibadan,"₦ 95,000,000",500.0,4,5,Unfurnished,enterprise,4bdrm Bungalow in Akobo for sale
"3bdrm Duplex in Rayfield ,, Ibadan for sale","Oyo State, Ibadan",Ibadan,Oyo State,"₦ 150,000,000",450.0,3,3,Unfurnished,enterprise,"3bdrm Duplex in Rayfield ,, Ibadan for sale"
4bdrm Duplex in Ibadan for sale,"Oyo State, Ibadan",Ibadan,Oyo State,"₦ 185,000,000",450.0,4,4,Unfurnished,enterprise,4bdrm Duplex in Ibadan for sale
3bdrm Bungalow in Majesty Estate Off for sale,"Rivers State, Port-Harcourt",Port-Harcourt,Rivers State,"₦ 125,000,000",300.0,3,4,Semi-Furnished,enterprise,3bdrm Bungalow in Majesty Estate Off for sale
"4bdrm Duplex in Secured Estate, Adeniyi Jones for sale","Ikeja, Adeniyi Jones",Adeniyi Jones,Ikeja,"₦ 370,000,000",250.0,4,4,Semi-Furnished,enterprise,"4bdrm Duplex in Secured Estate, Adeniyi Jones for sale"
2bdrm Bungalow in Ogombo for sale,"Ajah, Ogombo",Ogombo,Ajah,"₦ 67,000,000",200.0,2,2,Semi-Furnished,enterprise,2bdrm Bungalow in Ogombo for sale
5bdrm Duplex in Sangotedo for sale,"Ajah, Sangotedo",Sangotedo,Ajah,"₦ 300,000,000",320.0,5,5,Semi-Furnished,enterprise,5bdrm Duplex in Sangotedo for sale
3bdrm Block of Flats in Off Egbeda Iyana for sale,"Egbeda, Egbeda / Egbeda",Egbeda / Egbeda,Egbeda,"₦ 250,000,000",641.0,3,4,Semi-Furnished,enterprise,3bdrm Block of Flats in Off Egbeda Iyana for sale
3bdrm House in Omole Phase 1 for sale,"Ikeja, Omole Phase 1",Omole Phase 1,Ikeja,"₦ 320,000,000",1000.0,3,1,Unfurnished,enterprise,3bdrm House in Omole Phase 1 for sale
2bdrm Apartment in Lekki for sale,"Lagos State, Lekki",Lekki,Lagos State,"₦ 200,000,000",350.0,2,2,Semi-Furnished,enterprise,2bdrm Apartment in Lekki for sale
3bdrm Duplex in Giwa Oke Aro Clean for sale,"Kaduna State, Giwa",Giwa,Kaduna State,"₦ 45,000,000",235.0,3,4,Semi-Furnished,enterprise,3bdrm Duplex in Giwa Oke Aro Clean for sale
5bdrm Duplex in Osapa Lekki Lagos for sale,"Lekki, Osapa london",Osapa london,Lekki,"₦ 350,000,000",400.0,5,5,Semi-Furnished,enterprise,5bdrm Duplex in Osapa Lekki Lagos for sale
"4bdrm Duplex in Centenary City, Enugu for sale","Enugu State, Enugu",Enugu,Enugu State,"₦ 220,000,000",500.0,4,5,Unfurnished,enterprise,"4bdrm Duplex in Centenary City, Enugu for sale"
6bdrm Duplex in 3Rd Avenue Gwarinpa for sale,"Abuja (FCT), Gwarinpa",Gwarinpa,Abuja (FCT),"₦ 850,000,000",600.0,6,7,Unfurnished,enterprise,6bdrm Duplex in 3Rd Avenue Gwarinpa for sale
4bdrm Duplex in Ogudu for sale,"Lagos State, Ogudu",Ogudu,Lagos State,"₦ 550,000,000",250.0,4,4,Unfurnished,enterprise,4bdrm Duplex in Ogudu for sale
5bdrm Duplex in Banana Island for sale,"Ikoyi, Banana Island",Banana Island,Ikoyi,"₦ 5,500,000,000",400.0,5,5,Unfurnished,enterprise,5bdrm Duplex in Banana Island for sale
4bdrm Duplex in Lekki for sale,"Lagos State, Lekki",Lekki,Lagos State,"₦ 300,000,000",350.0,4,4,Unfurnished,enterprise,4bdrm Duplex in Lekki for sale
5bdrm Duplex in Ikate for sale,"Lekki, Ikate",Ikate,Lekki,"₦ 450,000,000",10.0,5,5,Unfurnished,enterprise,5bdrm Duplex in Ikate for sale
4bdrm Townhouse/Terrace in Mbora for sale,"Abuja (FCT), Mbora",Mbora,Abuja (FCT),"₦ 190,000,000",290.0,4,4,Unfurnished,enterprise,4bdrm Townhouse/Terrace in Mbora for sale
4bdrm Duplex in Ikota for sale,"Lekki, Ikota",Ikota,Lekki,"₦ 240,000,000",200.0,4,4,Semi-Furnished,enterprise,4bdrm Duplex in Ikota for sale
3bdrm Block of Flats in Igbo-Efun Lekki for sale,"Lekki, Igbo-efon",Igbo-efon,Lekki,"₦ 350,000,000",708.0,3,3,Semi-Furnished,enterprise,3bdrm Block of Flats in Igbo-Efun Lekki for sale
Furnished 5bdrm Duplex in Western Foreshore for sale,"Lekki, Lekki Phase 1",Lekki Phase 1,Lekki,"₦ 1,200,000,000",600.0,5,6,Furnished,enterprise,Furnished 5bdrm Duplex in Western Foreshore for sale
4bdrm Maisonette in Ikoyi S.W for sale,"Ikoyi, Ikoyi S.W",Ikoyi S.W,Ikoyi,"₦ 1,800,000,000",1000.0,4,1,Unfurnished,enterprise,4bdrm Maisonette in Ikoyi S.W for sale
5bdrm House in Alausa for sale,"Ikeja, Alausa",Alausa,Ikeja,"₦ 800,000,000",1000.0,5,1,Unfurnished,enterprise,5bdrm House in Alausa for sale
5bdrm Duplex in Chevron for sale,"Lekki, Chevron",Chevron,Lekki,"₦ 849,000,000",1000.0,5,1,Unfurnished,enterprise,5bdrm Duplex in Chevron for sale
"Furnished 4bdrm Duplex in Chime Estate, Enugu for sale","Enugu State, Enugu",Enugu,Enugu State,"₦ 260,000,000",600.0,4,6,Furnished,enterprise,"Furnished 4bdrm Duplex in Chime Estate, Enugu for sale"
3bdrm Apartment in Mabushi for sale,"Abuja (FCT), Mabushi",Mabushi,Abuja (FCT),"₦ 185,000,000",300.0,3,3,Unfurnished,enterprise,3bdrm Apartment in Mabushi for sale
3bdrm Duplex in Ajah for sale,"Lagos State, Ajah",Ajah,Lagos State,"₦ 95,000,000",300.0,3,3,Unfurnished,enterprise,3bdrm Duplex in Ajah for sale
5bdrm Duplex in Lekki for sale,"Lagos State, Lekki",Lekki,Lagos State,"₦ 550,000,000",350.0,5,5,Unfurnished,enterprise,5bdrm Duplex in Lekki for sale
4bdrm Duplex in Ogudu GRA for sale,"Ogudu, Ogudu GRA",Ogudu GRA,Ogudu,"₦ 550,000,000",350.0,4,4,Unfurnished,enterprise,4bdrm Duplex in Ogudu GRA for sale
5bdrm Duplex in Lekki for sale,"Lagos State, Lekki",Lekki,Lagos State,"₦ 1,400,000,000",400.0,5,5,Unfurnished,enterprise,5bdrm Duplex in Lekki for sale
5bdrm Duplex in Apo Resettlement for sale,"Apo District, Apo Resettlement",Apo Resettlement,Apo District,"₦ 665,000,000",600.0,5,6,Semi-Furnished,enterprise,5bdrm Duplex in Apo Resettlement for sale
4bdrm Townhouse/Terrace in Lifecamp for sale,"Gwarinpa, Life Camp",Life Camp,Gwarinpa,"₦ 350,000,000",300.0,4,4,Unfurnished,enterprise,4bdrm Townhouse/Terrace in Lifecamp for sale
3bdrm Block of Flats in Guzape District for sale,"Abuja (FCT), Guzape District",Guzape District,Abuja (FCT),"₦ 350,000,000",250.0,3,4,Unfurnished,enterprise,3bdrm Block of Flats in Guzape District for sale
Furnished 5bdrm Duplex in Jahi for sale,"Abuja (FCT), Jahi",Jahi,Abuja (FCT),"₦ 600,000,000",650.0,5,6,Furnished,enterprise,Furnished 5bdrm Duplex in Jahi for sale
5bdrm Duplex in Lekki Phase 1 Lagos for sale,"Lekki, Lekki Phase 1",Lekki Phase 1,Lekki,"₦ 1,600,000,000",500.0,5,6,Semi-Furnished,enterprise,5bdrm Duplex in Lekki Phase 1 Lagos for sale
"8bdrm Duplex in Victoria Island, Karimu Kotun for sale","Victoria Island, Karimu Kotun",Karimu Kotun,Victoria Island,"₦ 5,500,000,000",1757.0,8,8,Unfurnished,enterprise,"8bdrm Duplex in Victoria Island, Karimu Kotun for sale"
3bdrm Apartment in Gbagada Lagos for sale,"Gbagada, Ifako-Gbagada",Ifako-Gbagada,Gbagada,"₦ 200,000,000",1000.0,3,4,Semi-Furnished,enterprise,3bdrm Apartment in Gbagada Lagos for sale
5bdrm Duplex in Osapa london for sale,"Lekki, Osapa london",Osapa london,Lekki,"₦ 1,800,000,000",1000.0,5,1,Unfurnished,enterprise,5bdrm Duplex in Osapa london for sale
5bdrm House in Banana Island for sale,"Ikoyi, Banana Island",Banana Island,Ikoyi,"₦ 7,657,210,000",1000.0,5,1,Unfurnished,enterprise,5bdrm House in Banana Island for sale
2bdrm Apartment in Lekki for sale,"Lagos State, Lekki",Lekki,Lagos State,"₦ 370,000,000",350.0,2,2,Semi-Furnished,enterprise,2bdrm Apartment in Lekki for sale
4bdrm Duplex in Naf Valley Estate for sale,"Abuja (FCT), Asokoro",Asokoro,Abuja (FCT),"₦ 850,000,000",650.0,4,4,Unfurnished,enterprise,4bdrm Duplex in Naf Valley Estate for sale
4bdrm Duplex in Sangotedo Ajah for sale,"Ajah, Sangotedo",Sangotedo,Ajah,"₦ 161,000,000",342.0,4,4,Semi-Furnished,enterprise,4bdrm Duplex in Sangotedo Ajah for sale
4bdrm Duplex in Lekki for sale,"Lekki, Lekki Phase 1",Lekki Phase 1,Lekki,"₦ 600,000,000",300.0,4,5,Unfurnished,enterprise,4bdrm Duplex in Lekki for sale
"Furnished 6bdrm Duplex in Ochacho Estate, Life Camp for sale","Gwarinpa, Life Camp",Life Camp,Gwarinpa,"₦ 450,000,000",350.0,6,7,Furnished,enterprise,"Furnished 6bdrm Duplex in Ochacho Estate, Life Camp for sale"
4bdrm Duplex in Ajah for sale,"Lagos State, Ajah",Ajah,Lagos State,"₦ 230,000,000",500.0,4,4,Unfurnished,enterprise,4bdrm Duplex in Ajah for sale
Furnished 3bdrm Apartment in Ikoyi for sale,"Lagos State, Ikoyi",Ikoyi,Lagos State,"₦ 680,000,000",250.0,3,3,Furnished,enterprise,Furnished 3bdrm Apartment in Ikoyi for sale
5bdrm Duplex in Idado for sale,"Lekki, Idado",Idado,Lekki,"₦ 400,000,000",350.0,5,5,Unfurnished,enterprise,5bdrm Duplex in Idado for sale
2bdrm Apartment in Lekki for sale,"Lagos State, Lekki",Lekki,Lagos State,"₦ 280,000,000",150.0,2,2,Unfurnished,enterprise,2bdrm Apartment in Lekki for sale
"5bdrm Duplex in Gwarinpa Main Abuja, Life Camp for sale","Gwarinpa, Life Camp",Life Camp,Gwarinpa,"₦ 850,000,000",450.0,5,6,Semi-Furnished,enterprise,"5bdrm Duplex in Gwarinpa Main Abuja, Life Camp for sale"
5bdrm Duplex in Sangotedo for sale,"Ajah, Sangotedo",Sangotedo,Ajah,"₦ 380,000,000",600.0,5,5,Semi-Furnished,enterprise,5bdrm Duplex in Sangotedo for sale
"5bdrm Duplex in Discovery Park, Chevron for sale","Lekki, Chevron",Chevron,Lekki,"₦ 700,000,000",350.0,5,5,Semi-Furnished,enterprise,"5bdrm Duplex in Discovery Park, Chevron for sale"
Furnished 2bdrm Apartment in Iwaya for sale,"Yaba, Iwaya",Iwaya,Yaba,"₦ 100,000,000",600.0,2,2,Furnished,enterprise,Furnished 2bdrm Apartment in Iwaya for sale
5bdrm Bungalow in Lokogoma for sale,"Abuja (FCT), Lokogoma",Lokogoma,Abuja (FCT),"₦ 130,000,000",850.0,5,5,Unfurnished,enterprise,5bdrm Bungalow in Lokogoma for sale
3bdrm Block of Flats in Abulegba Lagos for sale,"Lagos State, Abule Egba",Abule Egba,Lagos State,"₦ 300,000,000",600.0,3,4,Semi-Furnished,enterprise,3bdrm Block of Flats in Abulegba Lagos for sale
4bdrm House in Alaka Estate for sale,"Surulere, Alaka Estate",Alaka Estate,Surulere,"₦ 450,000,000",1000.0,4,1,Unfurnished,enterprise,4bdrm House in Alaka Estate for sale
4bdrm Duplex in Lekki for sale,"Lagos State, Lekki",Lekki,Lagos State,"₦ 470,000,000",800.0,4,4,Unfurnished,enterprise,4bdrm Duplex in Lekki for sale
5bdrm Duplex in Lekki for sale,"Lagos State, Lekki",Lekki,Lagos State,"₦ 470,000,000",400.0,5,5,Semi-Furnished,enterprise,5bdrm Duplex in Lekki for sale
"3bdrm Block of Flats in Private Property, Dape for sale","Gwarinpa, Dape",Dape,Gwarinpa,"₦ 120,000,000",850.0,3,3,Unfurnished,enterprise,"3bdrm Block of Flats in Private Property, Dape for sale"
Furnished 2bdrm Apartment in Ikate Palm Spring for sale,"Lekki, Ikate",Ikate,Lekki,"₦ 200,000,000",200.0,2,3,Furnished,enterprise,Furnished 2bdrm Apartment in Ikate Palm Spring for sale
5bdrm Duplex in Utako for sale,"Abuja (FCT), Utako",Utako,Abuja (FCT),"₦ 800,000,000",500.0,5,6,Unfurnished,enterprise,5bdrm Duplex in Utako for sale
"4bdrm Duplex in Nuga Luxury Estate, Lugbe District for sale","Abuja (FCT), Lugbe District",Lugbe District,Abuja (FCT),"₦ 145,000,000",350.0,4,5,Unfurnished,enterprise,"4bdrm Duplex in Nuga Luxury Estate, Lugbe District for sale"
5bdrm Duplex in Jabi for sale,"Abuja (FCT), Jabi",Jabi,Abuja (FCT),"₦ 1,100,000,000",350.0,5,5,Unfurnished,enterprise,5bdrm Duplex in Jabi for sale
2bdrm Apartment in Chevron for sale,"Lekki, Chevron",Chevron,Lekki,"₦ 180,000,000",150.0,2,2,Unfurnished,enterprise,2bdrm Apartment in Chevron for sale
3bdrm Apartment in Surulere for sale,"Lagos State, Surulere",Surulere,Lagos State,"₦ 170,000,000",200.0,3,3,Semi-Furnished,enterprise,3bdrm Apartment in Surulere for sale
5bdrm Duplex in Lekki for sale,"Lagos State, Lekki",Lekki,Lagos State,"₦ 650,000,000",450.0,5,5,Unfurnished,enterprise,5bdrm Duplex in Lekki for sale
"4bdrm Duplex in Ikota Gra, Lekki for sale","Lagos State, Lekki",Lekki,Lagos State,"₦ 250,000,000",10.0,4,4,Unfurnished,enterprise,"4bdrm Duplex in Ikota Gra, Lekki for sale"
3bdrm Apartment in Jahi for sale,"Abuja (FCT), Jahi",Jahi,Abuja (FCT),"₦ 250,000,000",200.0,3,3,Unfurnished,enterprise,3bdrm Apartment in Jahi for sale
5bdrm Duplex in Wuye Abuja for sale,"Abuja (FCT), Wuye",Wuye,Abuja (FCT),"₦ 1,400,000,000",500.0,5,6,Semi-Furnished,enterprise,5bdrm Duplex in Wuye Abuja for sale
3bdrm Townhouse/Terrace in Kaura Opposite for sale,"Abuja (FCT), Kaura",Kaura,Abuja (FCT),"₦ 110,000,000",280.0,3,3,Unfurnished,enterprise,3bdrm Townhouse/Terrace in Kaura Opposite for sale
"5bdrm Duplex in Osapa London, Jakande for sale","Lekki, Jakande",Jakande,Lekki,"₦ 400,000,000",200.0,5,5,Unfurnished,enterprise,"5bdrm Duplex in Osapa London, Jakande for sale"
"4bdrm Duplex in Golden Park Estate, Sangotedo for sale","Ajah, Sangotedo",Sangotedo,Ajah,"₦ 275,000,000",300.0,4,4,Semi-Furnished,enterprise,"4bdrm Duplex in Golden Park Estate, Sangotedo for sale"
5bdrm Duplex in Osapa london for sale,"Lekki, Osapa london",Osapa london,Lekki,"₦ 1,720,000,000",450.0,5,5,Semi-Furnished,enterprise,5bdrm Duplex in Osapa london for sale
Furnished 5bdrm Duplex in VGC / Ajah for sale,"Ajah, VGC / Ajah",VGC / Ajah,Ajah,"₦ 470,000,000",500.0,5,6,Furnished,enterprise,Furnished 5bdrm Duplex in VGC / Ajah for sale
"3bdrm Bungalow in High Cost, Kaduna / Kaduna State for sale","Kaduna State, Kaduna / Kaduna State",Kaduna / Kaduna State,Kaduna State,"₦ 82,800,000",900.0,3,4,Unfurnished,enterprise,"3bdrm Bungalow in High Cost, Kaduna / Kaduna State for sale"
2bdrm Apartment in Lekki Phase 1 for sale,"Lekki, Lekki Phase 1",Lekki Phase 1,Lekki,"₦ 300,000,000",300.0,2,2,Semi-Furnished,enterprise,2bdrm Apartment in Lekki Phase 1 for sale
"6bdrm Duplex in Private Property, Guzape District for sale","Abuja (FCT), Guzape District",Guzape District,Abuja (FCT),"₦ 750,000,000",500.0,6,6,Unfurnished,enterprise,"6bdrm Duplex in Private Property, Guzape District for sale"
11bdrm Apartment in Aguda Surulere Lagos for sale,"Surulere, Aguda / Surulere",Aguda / Surulere,Surulere,"₦ 400,000,000",613.0,11,13,Unfurnished,enterprise,11bdrm Apartment in Aguda Surulere Lagos for sale
"3bdrm Bungalow in Jedo Estate, Lugbe District for sale","Abuja (FCT), Lugbe District",Lugbe District,Abuja (FCT),"₦ 130,000,000",500.0,3,4,Unfurnished,enterprise,"3bdrm Bungalow in Jedo Estate, Lugbe District for sale"
"4bdrm Duplex in Unity Estate Off, Obio-Akpor for sale","Rivers State, Obio-Akpor",Obio-Akpor,Rivers State,"₦ 130,000,000",465.0,4,4,Semi-Furnished,enterprise,"4bdrm Duplex in Unity Estate Off, Obio-Akpor for sale"
5bdrm Duplex in Apo Resettlement for sale,"Apo District, Apo Resettlement",Apo Resettlement,Apo District,"₦ 550,000,000",600.0,5,6,Semi-Furnished,enterprise,5bdrm Duplex in Apo Resettlement for sale
5bdrm Duplex in Asokoro for sale,"Abuja (FCT), Asokoro",Asokoro,Abuja (FCT),"₦ 750,000,000",450.0,5,5,Unfurnished,enterprise,5bdrm Duplex in Asokoro for sale
"3bdrm Duplex in Hall 7, Mbora for sale","Abuja (FCT), Mbora",Mbora,Abuja (FCT),"₦ 170,000,000",350.0,3,3,Unfurnished,enterprise,"3bdrm Duplex in Hall 7, Mbora for sale"
"6bdrm Duplex in Secured Area, Ikeja GRA for sale","Ikeja, Ikeja GRA",Ikeja GRA,Ikeja,"₦ 3,500,000,000",850.0,6,6,Semi-Furnished,enterprise,"6bdrm Duplex in Secured Area, Ikeja GRA for sale"
"Furnished 4bdrm Duplex in Valley Estate, Enugu for sale","Enugu State, Enugu",Enugu,Enugu State,"₦ 260,000,000",500.0,4,5,Furnished,enterprise,"Furnished 4bdrm Duplex in Valley Estate, Enugu for sale"
"4bdrm Bungalow in Cetenary City Estate, Enugu for sale","Enugu State, Enugu",Enugu,Enugu State,"₦ 160,000,000",300.0,4,4,Semi-Furnished,enterprise,"4bdrm Bungalow in Cetenary City Estate, Enugu for sale"
3bdrm Bungalow in Gwagwalada for sale,"Abuja (FCT), Gwagwalada",Gwagwalada,Abuja (FCT),"₦ 17,000,000",1200.0,3,3,Unfurnished,premium,3bdrm Bungalow in Gwagwalada for sale
5bdrm Duplex in Apo Resettlement for sale,"Apo District, Apo Resettlement",Apo Resettlement,Apo District,"₦ 750,000,000",466.0,5,1,Unfurnished,enterprise,5bdrm Duplex in Apo Resettlement for sale
5bdrm Duplex in Opebi for sale,"Ikeja, Opebi",Opebi,Ikeja,"₦ 650,000,000",1000.0,5,1,Unfurnished,enterprise,5bdrm Duplex in Opebi for sale
3bdrm Apartment in Lekki for sale,"Lagos State, Lekki",Lekki,Lagos State,"₦ 450,000,000",350.0,3,3,Semi-Furnished,enterprise,3bdrm Apartment in Lekki for sale
5bdrm Duplex in Osapa London for sale,"Lekki, Osapa london",Osapa london,Lekki,"₦ 460,000,000",450.0,5,5,Semi-Furnished,enterprise,5bdrm Duplex in Osapa London for sale
2bdrm Apartment in Wuye for sale,"Abuja (FCT), Wuye",Wuye,Abuja (FCT),"₦ 110,000,000",200.0,2,3,Unfurnished,enterprise,2bdrm Apartment in Wuye for sale
"7bdrm Duplex in Efab Global Estate, Idu Industrial for sale","Abuja (FCT), Idu Industrial",Idu Industrial,Abuja (FCT),"₦ 450,000,000",700.0,7,8,Unfurnished,enterprise,"7bdrm Duplex in Efab Global Estate, Idu Industrial for sale"
2bdrm Apartment in Ajah for sale,"Lagos State, Ajah",Ajah,Lagos State,"₦ 90,000,000",150.0,2,2,Unfurnished,enterprise,2bdrm Apartment in Ajah for sale
5bdrm Duplex in Gbagada for sale,"Lagos State, Gbagada",Gbagada,Lagos State,"₦ 600,000,000",350.0,5,5,Unfurnished,enterprise,5bdrm Duplex in Gbagada for sale
4bdrm Duplex in Lekki for sale,"Lagos State, Lekki",Lekki,Lagos State,"₦ 250,000,000",350.0,4,4,Unfurnished,enterprise,4bdrm Duplex in Lekki for sale
3bdrm Maisonette in Lekki Phase 1 for sale,"Lekki, Lekki Phase 1",Lekki Phase 1,Lekki,"₦ 320,000,000",150.0,3,3,Unfurnished,enterprise,3bdrm Maisonette in Lekki Phase 1 for sale
"4bdrm Duplex in Odani Estate Off, Port-Harcourt for sale","Rivers State, Port-Harcourt",Port-Harcourt,Rivers State,"₦ 220,000,000",500.0,4,4,Semi-Furnished,enterprise,"4bdrm Duplex in Odani Estate Off, Port-Harcourt for sale"
5bdrm Duplex in Asokoro for sale,"Abuja (FCT), Asokoro",Asokoro,Abuja (FCT),"₦ 850,000,000",800.0,5,5,Unfurnished,enterprise,5bdrm Duplex in Asokoro for sale
Furnished 3bdrm Duplex in Idu Industrial for sale,"Abuja (FCT), Idu Industrial",Idu Industrial,Abuja (FCT),"₦ 160,000,000",300.0,3,3,Furnished,enterprise,Furnished 3bdrm Duplex in Idu Industrial for sale
"4bdrm Duplex in Secured Estate, Wempco Road for sale","Ogba, Wempco Road",Wempco Road,Ogba,"₦ 340,000,000",270.0,4,4,Semi-Furnished,enterprise,"4bdrm Duplex in Secured Estate, Wempco Road for sale"
5bdrm Duplex in Sangotedo for sale,"Ajah, Sangotedo",Sangotedo,Ajah,"₦ 230,000,000",250.0,5,5,Semi-Furnished,enterprise,5bdrm Duplex in Sangotedo for sale
"5bdrm Duplex in Royal Pine Estate, Lekki Phase 2 for sale","Lekki, Lekki Phase 2",Lekki Phase 2,Lekki,"₦ 480,000,000",350.0,5,5,Semi-Furnished,enterprise,"5bdrm Duplex in Royal Pine Estate, Lekki Phase 2 for sale"
"5bdrm Duplex in Royal Pine Estate, Lekki Phase 2 for sale","Lekki, Lekki Phase 2",Lekki Phase 2,Lekki,"₦ 480,000,000",340.0,5,5,Semi-Furnished,enterprise,"5bdrm Duplex in Royal Pine Estate, Lekki Phase 2 for sale"
"4bdrm Duplex in Lekki Scheme Two, Abraham Adesanya Estate for sale","Ajah, Abraham Adesanya Estate",Abraham Adesanya Estate,Ajah,"₦ 200,000,000",250.0,4,4,Semi-Furnished,enterprise,"4bdrm Duplex in Lekki Scheme Two, Abraham Adesanya Estate for sale"
"5bdrm Mansion in River Park Estate,, FHA for sale","Lugbe District, FHA",FHA,Lugbe District,"₦ 350,000,000",450.0,5,8,Semi-Furnished,False,"5bdrm Mansion in River Park Estate,, FHA for sale"
Furnished 4bdrm Duplex in Sangotedo for sale,"Ajah, Sangotedo",Sangotedo,Ajah,"₦ 220,000,000",500.0,4,5,Furnished,enterprise,Furnished 4bdrm Duplex in Sangotedo for sale
4bdrm Duplex in Maitama for sale,"Abuja (FCT), Maitama",Maitama,Abuja (FCT),"₦ 1,500,000,000",700.0,4,5,Unfurnished,enterprise,4bdrm Duplex in Maitama for sale
5bdrm Duplex in Lekki for sale,"Lagos State, Lekki",Lekki,Lagos State,"₦ 870,000,000",400.0,5,5,Semi-Furnished,enterprise,5bdrm Duplex in Lekki for sale
5bdrm Duplex in Lekki for sale,"Lagos State, Lekki",Lekki,Lagos State,"₦ 700,000,000",400.0,5,5,Semi-Furnished,enterprise,5bdrm Duplex in Lekki for sale
5bdrm Duplex in Banana Island for sale,"Ikoyi, Banana Island",Banana Island,Ikoyi,"₦ 6,000,000,000",400.0,5,5,Semi-Furnished,enterprise,5bdrm Duplex in Banana Island for sale
"4bdrm Duplex in Area In Surulere, for sale","Surulere, Aguda / Surulere",Aguda / Surulere,Surulere,"₦ 300,000,000",301.0,4,5,Unfurnished,enterprise,"4bdrm Duplex in Area In Surulere, for sale"
3bdrm Apartment in Utako for sale,"Abuja (FCT), Utako",Utako,Abuja (FCT),"₦ 165,000,000",300.0,3,4,Unfurnished,enterprise,3bdrm Apartment in Utako for sale
"4bdrm Bungalow in Sunnyvale Estate, Lokogoma for sale","Abuja (FCT), Lokogoma",Lokogoma,Abuja (FCT),"₦ 300,000,000",600.0,4,5,Semi-Furnished,enterprise,"4bdrm Bungalow in Sunnyvale Estate, Lokogoma for sale"
2bdrm Apartment in Lekki for sale,"Lagos State, Lekki",Lekki,Lagos State,"₦ 245,000,000",220.0,2,2,Semi-Furnished,enterprise,2bdrm Apartment in Lekki for sale
4bdrm Duplex in Ikoyi for sale,"Lagos State, Ikoyi",Ikoyi,Lagos State,"₦ 1,400,000,000",350.0,4,4,Unfurnished,enterprise,4bdrm Duplex in Ikoyi for sale
4bdrm Duplex in Ikota for sale,"Lekki, Ikota",Ikota,Lekki,"₦ 170,000,000",300.0,4,4,Unfurnished,enterprise,4bdrm Duplex in Ikota for sale
5bdrm Duplex in Lekki for sale,"Lagos State, Lekki",Lekki,Lagos State,"₦ 580,000,000",500.0,5,5,Unfurnished,enterprise,5bdrm Duplex in Lekki for sale
"4bdrm Duplex in Harris Drive, Lekki for sale","Lagos State, Lekki",Lekki,Lagos State,"₦ 200,000,000",10.0,4,4,Unfurnished,enterprise,"4bdrm Duplex in Harris Drive, Lekki for sale"
4bdrm Duplex in Karsana Gwarinpa for sale,"Gwagwa, Karsana",Karsana,Gwagwa,"₦ 270,000,000",450.0,4,5,Semi-Furnished,enterprise,4bdrm Duplex in Karsana Gwarinpa for sale
4bdrm Duplex in Jahi Abuja for sale,"Abuja (FCT), Jahi",Jahi,Abuja (FCT),"₦ 400,000,000",1500.0,4,5,Semi-Furnished,enterprise,4bdrm Duplex in Jahi Abuja for sale
5bdrm Duplex in Orchid Lekki Lagos for sale,"Lekki, Lekki Expressway",Lekki Expressway,Lekki,"₦ 480,000,000",650.0,5,6,Semi-Furnished,enterprise,5bdrm Duplex in Orchid Lekki Lagos for sale
4bdrm Duplex in Lekki for sale,"Lagos State, Lekki",Lekki,Lagos State,"₦ 250,000,000",350.0,4,4,Semi-Furnished,enterprise,4bdrm Duplex in Lekki for sale
2bdrm Apartment in Lekki for sale,"Lagos State, Lekki",Lekki,Lagos State,"₦ 320,000,000",300.0,2,2,Semi-Furnished,enterprise,2bdrm Apartment in Lekki for sale
"4bdrm Penthouse in Nut, Lugbe District for sale","Abuja (FCT), Lugbe District",Lugbe District,Abuja (FCT),"₦ 150,000,000",450.0,4,5,Unfurnished,enterprise,"4bdrm Penthouse in Nut, Lugbe District for sale"
2bdrm Apartment in Victoria Island for sale,"Lagos State, Victoria Island",Victoria Island,Lagos State,"₦ 650,000,000",130.0,2,2,Unfurnished,enterprise,2bdrm Apartment in Victoria Island for sale
"6bdrm Duplex in Royal Gardens, Ajah for sale","Lagos State, Ajah",Ajah,Lagos State,"₦ 750,000,000",600.0,6,6,Unfurnished,enterprise,"6bdrm Duplex in Royal Gardens, Ajah for sale"
4bdrm Townhouse/Terrace in Kaura for sale,"Abuja (FCT), Kaura",Kaura,Abuja (FCT),"₦ 250,000,000",280.0,4,4,Unfurnished,enterprise,4bdrm Townhouse/Terrace in Kaura for sale
4bdrm Townhouse/Terrace in Guzape Main for sale,"Abuja (FCT), Guzape District",Guzape District,Abuja (FCT),"₦ 350,000,000",300.0,4,4,Unfurnished,enterprise,4bdrm Townhouse/Terrace in Guzape Main for sale
"3bdrm Bungalow in Secured Area, Ifo for sale","Ogun State, Ifo",Ifo,Ogun State,"₦ 35,000,000",600.0,3,3,Semi-Furnished,enterprise,"3bdrm Bungalow in Secured Area, Ifo for sale"
5bdrm Duplex in Guzape District for sale,"Abuja (FCT), Guzape District",Guzape District,Abuja (FCT),"₦ 1,500,000,000",600.0,5,6,Unfurnished,enterprise,5bdrm Duplex in Guzape District for sale
5bdrm Duplex in Vgc for sale,"Ajah, VGC / Ajah",VGC / Ajah,Ajah,"₦ 800,000,000",650.0,5,6,Semi-Furnished,enterprise,5bdrm Duplex in Vgc for sale
5bdrm Duplex in Old Ikoyi Lagos for sale,"Ikoyi, Old Ikoyi",Old Ikoyi,Ikoyi,"₦ 5,100,000,000",550.0,5,6,Semi-Furnished,enterprise,5bdrm Duplex in Old Ikoyi Lagos for sale
5bdrm Duplex in Lekki for sale,"Lagos State, Lekki",Lekki,Lagos State,"₦ 650,000,000",450.0,5,5,Semi-Furnished,enterprise,5bdrm Duplex in Lekki for sale
4bdrm Duplex in Lekki for sale,"Lagos State, Lekki",Lekki,Lagos State,"₦ 250,000,000",400.0,4,4,Semi-Furnished,enterprise,4bdrm Duplex in Lekki for sale
"5bdrm Duplex in Centenary City, Enugu for sale","Enugu State, Enugu",Enugu,Enugu State,"₦ 210,000,000",500.0,5,6,Unfurnished,enterprise,"5bdrm Duplex in Centenary City, Enugu for sale"
5bdrm Duplex in Lekki for sale,"Lagos State, Lekki",Lekki,Lagos State,"₦ 1,300,000,000",450.0,5,5,Unfurnished,enterprise,5bdrm Duplex in Lekki for sale
5bdrm Duplex in Ajah for sale,"Lagos State, Ajah",Ajah,Lagos State,"₦ 270,000,000",500.0,5,5,Unfurnished,enterprise,5bdrm Duplex in Ajah for sale
5bdrm House in Banana Island for sale,"Ikoyi, Banana Island",Banana Island,Ikoyi,"₦ 3,500,000,000",350.0,5,5,Unfurnished,enterprise,5bdrm House in Banana Island for sale
4bdrm Townhouse/Terrace in Asokoro for sale,"Abuja (FCT), Asokoro",Asokoro,Abuja (FCT),"₦ 500,000,000",250.0,4,4,Unfurnished,enterprise,4bdrm Townhouse/Terrace in Asokoro for sale
"4bdrm Duplex in Secured Area, Ifako-Ogba for sale","Ogba, Ifako-Ogba",Ifako-Ogba,Ogba,"₦ 220,000,000",250.0,4,4,Semi-Furnished,enterprise,"4bdrm Duplex in Secured Area, Ifako-Ogba for sale"
"4bdrm Duplex in Crown Estate, Sangotedo for sale","Ajah, Sangotedo",Sangotedo,Ajah,"₦ 450,000,000",350.0,4,4,Semi-Furnished,enterprise,"4bdrm Duplex in Crown Estate, Sangotedo for sale"
4bdrm Duplex in Chevron for sale,"Lekki, Chevron",Chevron,Lekki,"₦ 230,000,000",300.0,4,4,Semi-Furnished,enterprise,4bdrm Duplex in Chevron for sale
5bdrm Duplex in Osapa london for sale,"Lekki, Osapa london",Osapa london,Lekki,"₦ 1,300,000,000",400.0,5,5,Semi-Furnished,enterprise,5bdrm Duplex in Osapa london for sale
"5bdrm Duplex in White Oak Estate, Ologolo for sale","Lekki, Ologolo",Ologolo,Lekki,"₦ 600,000,000",300.0,5,5,Semi-Furnished,enterprise,"5bdrm Duplex in White Oak Estate, Ologolo for sale"
4bdrm Duplex in Guzape District for sale,"Abuja (FCT), Guzape District",Guzape District,Abuja (FCT),"₦ 800,000,000",430.0,4,5,Unfurnished,enterprise,4bdrm Duplex in Guzape District for sale
5bdrm House in Pinewood Estate for sale,"Lekki, Lekki Phase 1",Lekki Phase 1,Lekki,"₦ 750,000,000",650.0,5,6,Semi-Furnished,enterprise,5bdrm House in Pinewood Estate for sale
"3bdrm Block of Flats in Onipetese Estate, Osapa london for sale","Lekki, Osapa london",Osapa london,Lekki,"₦ 250,000,000",664.0,3,2,Unfurnished,enterprise,"3bdrm Block of Flats in Onipetese Estate, Osapa london for sale"
5bdrm Duplex in Adeniyi Jones for sale,"Ikeja, Adeniyi Jones",Adeniyi Jones,Ikeja,"₦ 700,000,000",1000.0,5,1,Unfurnished,enterprise,5bdrm Duplex in Adeniyi Jones for sale
5bdrm Duplex in Omole Phase 1 for sale,"Ikeja, Omole Phase 1",Omole Phase 1,Ikeja,"₦ 750,000,000",1000.0,5,1,Unfurnished,enterprise,5bdrm Duplex in Omole Phase 1 for sale
4bdrm Duplex in Lekki Phase 1 for sale,"Lekki, Lekki Phase 1",Lekki Phase 1,Lekki,"₦ 600,000,000",1000.0,4,1,Unfurnished,enterprise,4bdrm Duplex in Lekki Phase 1 for sale
4bdrm Duplex in Sangotedo Ajah for sale,"Ajah, Sangotedo",Sangotedo,Ajah,"₦ 160,000,000",350.0,4,4,Semi-Furnished,enterprise,4bdrm Duplex in Sangotedo Ajah for sale
"2bdrm Duplex in Fadeyi, Jibowu for sale","Yaba, Jibowu",Jibowu,Yaba,"₦ 90,000,000",250.0,2,3,Unfurnished,enterprise,"2bdrm Duplex in Fadeyi, Jibowu for sale"
4bdrm Duplex in Behind Blenco for sale,"Ajah, Sangotedo",Sangotedo,Ajah,"₦ 170,000,000",355.0,4,4,Semi-Furnished,enterprise,4bdrm Duplex in Behind Blenco for sale
5bdrm Duplex in Behind Blenco for sale,"Ajah, Sangotedo",Sangotedo,Ajah,"₦ 330,000,000",350.0,5,5,Semi-Furnished,enterprise,5bdrm Duplex in Behind Blenco for sale
5bdrm Maisonette in Victoria Island for sale,"Lagos State, Victoria Island",Victoria Island,Lagos State,"₦ 500,000,000",400.0,5,5,Unfurnished,enterprise,5bdrm Maisonette in Victoria Island for sale
4bdrm House in Maryland for sale,"Lagos State, Maryland",Maryland,Lagos State,"₦ 500,000,000",250.0,4,4,Unfurnished,enterprise,4bdrm House in Maryland for sale
6bdrm Duplex in Lekki for sale,"Lagos State, Lekki",Lekki,Lagos State,"₦ 850,000,000",500.0,6,6,Unfurnished,enterprise,6bdrm Duplex in Lekki for sale
12bdrm Block of Flats in Ojoo for sale,"Ibadan, Ojoo",Ojoo,Ibadan,"₦ 85,000,000",700.0,12,16,Unfurnished,enterprise,12bdrm Block of Flats in Ojoo for sale
4bdrm Duplex in VGC / Ajah for sale,"Ajah, VGC / Ajah",VGC / Ajah,Ajah,"₦ 210,000,000",10.0,4,4,Unfurnished,enterprise,4bdrm Duplex in VGC / Ajah for sale
"5bdrm Duplex in Lekki Palm City, Ado / Ajah for sale","Ajah, Ado / Ajah",Ado / Ajah,Ajah,"₦ 300,000,000",300.0,5,5,Semi-Furnished,enterprise,"5bdrm Duplex in Lekki Palm City, Ado / Ajah for sale"
5bdrm Duplex in Enugu for sale,"Enugu State, Enugu",Enugu,Enugu State,"₦ 310,000,000",300.0,5,5,Semi-Furnished,enterprise,5bdrm Duplex in Enugu for sale
5bdrm Duplex in Chevron for sale,"Lekki, Chevron",Chevron,Lekki,"₦ 550,000,000",300.0,5,5,Semi-Furnished,enterprise,5bdrm Duplex in Chevron for sale
5bdrm Duplex in Ologolo for sale,"Lekki, Ologolo",Ologolo,Lekki,"₦ 400,000,000",300.0,5,5,Semi-Furnished,enterprise,5bdrm Duplex in Ologolo for sale
4bdrm Duplex in Aboru Harmony Estate for sale,"Ipaja, Iyana Ipaja",Iyana Ipaja,Ipaja,"₦ 220,000,000",500.0,4,5,Semi-Furnished,enterprise,4bdrm Duplex in Aboru Harmony Estate for sale
5bdrm Duplex in Lekki for sale,"Lagos State, Lekki",Lekki,Lagos State,"₦ 350,000,000",300.0,5,5,Semi-Furnished,enterprise,5bdrm Duplex in Lekki for sale
"5bdrm Duplex in Pearl Garden, Sangotedo for sale","Ajah, Sangotedo",Sangotedo,Ajah,"₦ 300,000,000",450.0,5,5,Semi-Furnished,enterprise,"5bdrm Duplex in Pearl Garden, Sangotedo for sale"
4bdrm Duplex in Agege for sale,"Lagos State, Agege",Agege,Lagos State,"₦ 180,000,000",250.0,4,4,Unfurnished,enterprise,4bdrm Duplex in Agege for sale
"4bdrm Duplex in Ikota Gra, Lekki for sale","Lagos State, Lekki",Lekki,Lagos State,"₦ 160,000,000",10.0,4,4,Unfurnished,enterprise,"4bdrm Duplex in Ikota Gra, Lekki for sale"
4bdrm Townhouse/Terrace in Dakibiyu Jabi for sale,"Abuja (FCT), Dakibiyu",Dakibiyu,Abuja (FCT),"₦ 400,000,000",300.0,4,4,Unfurnished,enterprise,4bdrm Townhouse/Terrace in Dakibiyu Jabi for sale
5bdrm Duplex in VGC / Ajah for sale,"Ajah, VGC / Ajah",VGC / Ajah,Ajah,"₦ 470,000,000",300.0,5,5,Semi-Furnished,enterprise,5bdrm Duplex in VGC / Ajah for sale
2bdrm Apartment in Monastery Sangotedo for sale,"Ajah, Sangotedo",Sangotedo,Ajah,"₦ 90,000,000",500.0,2,3,Semi-Furnished,enterprise,2bdrm Apartment in Monastery Sangotedo for sale
5bdrm Duplex in Ikota for sale,"Lekki, Ikota",Ikota,Lekki,"₦ 480,000,000",1000.0,5,1,Unfurnished,enterprise,5bdrm Duplex in Ikota for sale
3bdrm House in Ketu-Ikosi for sale,"Kosofe, Ketu-Ikosi",Ketu-Ikosi,Kosofe,"₦ 160,000,000",1000.0,3,1,Unfurnished,enterprise,3bdrm House in Ketu-Ikosi for sale
3bdrm House in Opebi for sale,"Ikeja, Opebi",Opebi,Ikeja,"₦ 250,000,000",1000.0,3,1,Unfurnished,enterprise,3bdrm House in Opebi for sale
"4bdrm Duplex in Private Estate, Katampe Extension for sale","Katampe, Katampe Extension",Katampe Extension,Katampe,"₦ 750,000,000",400.0,4,4,Unfurnished,enterprise,"4bdrm Duplex in Private Estate, Katampe Extension for sale"
"2bdrm Duplex in Olorunfemi Estate, for sale","Ikotun/Igando, Igando / Ikotun/Igando",Igando / Ikotun/Igando,Ikotun/Igando,"₦ 700,000,000",300.0,2,18,Semi-Furnished,enterprise,"2bdrm Duplex in Olorunfemi Estate, for sale"
"6bdrm Duplex in Green Estate, Sangotedo for sale","Ajah, Sangotedo",Sangotedo,Ajah,"₦ 170,000,000",400.0,6,6,Unfurnished,enterprise,"6bdrm Duplex in Green Estate, Sangotedo for sale"
"4bdrm Duplex in Centenary City, Enugu for sale","Enugu State, Enugu",Enugu,Enugu State,"₦ 220,000,000",400.0,4,5,Unfurnished,enterprise,"4bdrm Duplex in Centenary City, Enugu for sale"
4bdrm House in Lekki for sale,"Lagos State, Lekki",Lekki,Lagos State,"₦ 450,000,000",350.0,4,4,Unfurnished,enterprise,4bdrm House in Lekki for sale
Furnished 2bdrm Penthouse in Lekki for sale,"Lagos State, Lekki",Lekki,Lagos State,"₦ 400,000,000",150.0,2,2,Furnished,enterprise,Furnished 2bdrm Penthouse in Lekki for sale
"4bdrm Duplex in Woji Port Harcourt, Obio-Akpor for sale","Rivers State, Obio-Akpor",Obio-Akpor,Rivers State,"₦ 300,000,000",460.0,4,4,Semi-Furnished,enterprise,"4bdrm Duplex in Woji Port Harcourt, Obio-Akpor for sale"
4bdrm Bungalow in Benin City for sale,"Edo State, Benin City",Benin City,Edo State,"₦ 18,000,000",455.0,4,2,Unfurnished,enterprise,4bdrm Bungalow in Benin City for sale
"5bdrm Duplex in Secured Area, Chevron for sale","Lekki, Chevron",Chevron,Lekki,"₦ 350,000,000",300.0,5,5,Semi-Furnished,enterprise,"5bdrm Duplex in Secured Area, Chevron for sale"
"4bdrm Duplex in Secured Estate, Magodo Isheri for sale","Ojodu, Magodo Isheri",Magodo Isheri,Ojodu,"₦ 380,000,000",250.0,4,4,Semi-Furnished,enterprise,"4bdrm Duplex in Secured Estate, Magodo Isheri for sale"
4bdrm Duplex in Abijo for sale,"Ibeju, Abijo",Abijo,Ibeju,"₦ 150,000,000",200.0,4,4,Semi-Furnished,enterprise,4bdrm Duplex in Abijo for sale
4bdrm Duplex in Sangotedo for sale,"Ajah, Sangotedo",Sangotedo,Ajah,"₦ 170,000,000",200.0,4,4,Semi-Furnished,enterprise,4bdrm Duplex in Sangotedo for sale
5bdrm Duplex in VGC / Ajah for sale,"Ajah, VGC / Ajah",VGC / Ajah,Ajah,"₦ 550,000,000",300.0,5,5,Semi-Furnished,enterprise,5bdrm Duplex in VGC / Ajah for sale
5bdrm Duplex in VGC / Ajah for sale,"Ajah, VGC / Ajah",VGC / Ajah,Ajah,"₦ 470,000,000",300.0,5,5,Semi-Furnished,enterprise,5bdrm Duplex in VGC / Ajah for sale
4bdrm Duplex in Ado / Ajah for sale,"Ajah, Ado / Ajah",Ado / Ajah,Ajah,"₦ 150,000,000",200.0,4,4,Unfurnished,enterprise,4bdrm Duplex in Ado / Ajah for sale
5bdrm Duplex in Ikota for sale,"Lekki, Ikota",Ikota,Lekki,"₦ 400,000,000",300.0,5,5,Semi-Furnished,enterprise,5bdrm Duplex in Ikota for sale
Furnished 5bdrm Duplex in Osapa london for sale,"Lekki, Osapa london",Osapa london,Lekki,"₦ 1,720,000,000",500.0,5,6,Furnished,enterprise,Furnished 5bdrm Duplex in Osapa london for sale
5bdrm Duplex in Ogudu Gra Lagos for sale,"Ogudu, Ogudu GRA",Ogudu GRA,Ogudu,"₦ 1,500,000,000",1000.0,5,6,Semi-Furnished,enterprise,5bdrm Duplex in Ogudu Gra Lagos for sale
6bdrm Duplex in Ikoyi for sale,"Lagos State, Ikoyi",Ikoyi,Lagos State,"₦ 2,600,000,000",400.0,6,6,Semi-Furnished,enterprise,6bdrm Duplex in Ikoyi for sale
2bdrm Apartment in Lekki Phase 1 for sale,"Lekki, Lekki Phase 1",Lekki Phase 1,Lekki,"₦ 300,000,000",350.0,2,2,Semi-Furnished,enterprise,2bdrm Apartment in Lekki Phase 1 for sale
5bdrm Duplex in Lekki for sale,"Lagos State, Lekki",Lekki,Lagos State,"₦ 480,000,000",300.0,5,5,Unfurnished,enterprise,5bdrm Duplex in Lekki for sale
2bdrm Apartment in Chevron for sale,"Lekki, Chevron",Chevron,Lekki,"₦ 150,000,000",100.0,2,2,Unfurnished,enterprise,2bdrm Apartment in Chevron for sale
"4bdrm Duplex in Carlton Gate Estate, Akobo for sale","Ibadan, Akobo",Akobo,Ibadan,"₦ 270,000,000",500.0,4,5,Unfurnished,enterprise,"4bdrm Duplex in Carlton Gate Estate, Akobo for sale"
5bdrm Duplex in Lekki for sale,"Lagos State, Lekki",Lekki,Lagos State,"₦ 850,000,000",200.0,5,5,Unfurnished,enterprise,5bdrm Duplex in Lekki for sale
"4bdrm Duplex in Riverpark, Sabon Lugbe for sale","Lugbe District, Sabon Lugbe",Sabon Lugbe,Lugbe District,"₦ 250,000,000",450.0,4,4,Unfurnished,enterprise,"4bdrm Duplex in Riverpark, Sabon Lugbe for sale"
"5bdrm Duplex in Secured Estate, Ogba GRA for sale","Ogba, Ogba GRA",Ogba GRA,Ogba,"₦ 560,000,000",600.0,5,5,Semi-Furnished,enterprise,"5bdrm Duplex in Secured Estate, Ogba GRA for sale"
4bdrm Duplex in Sangotedo for sale,"Ajah, Sangotedo",Sangotedo,Ajah,"₦ 260,000,000",320.0,4,4,Semi-Furnished,enterprise,4bdrm Duplex in Sangotedo for sale
5bdrm House in Osapa London Lekki for sale,"Lekki, Osapa london",Osapa london,Lekki,"₦ 1,700,000,000",1000.0,5,6,Semi-Furnished,enterprise,5bdrm House in Osapa London Lekki for sale
5bdrm Duplex in GRA Phase 1 for sale,"Magodo, GRA Phase 1",GRA Phase 1,Magodo,"₦ 750,000,000",1000.0,5,1,Unfurnished,enterprise,5bdrm Duplex in GRA Phase 1 for sale
6bdrm Duplex in Ikeja GRA for sale,"Ikeja, Ikeja GRA",Ikeja GRA,Ikeja,"₦ 1,300,000,000",1000.0,6,1,Unfurnished,enterprise,6bdrm Duplex in Ikeja GRA for sale
5bdrm Duplex in Ajah for sale,"Lagos State, Ajah",Ajah,Lagos State,"₦ 350,000,000",400.0,5,5,Semi-Furnished,enterprise,5bdrm Duplex in Ajah for sale
4bdrm Duplex in Durumi for sale,"Abuja (FCT), Durumi",Durumi,Abuja (FCT),"₦ 300,000,000",400.0,4,4,Unfurnished,enterprise,4bdrm Duplex in Durumi for sale
4bdrm Duplex in Sangotedo Behind for sale,"Ajah, Sangotedo",Sangotedo,Ajah,"₦ 200,000,000",350.0,4,4,Semi-Furnished,enterprise,4bdrm Duplex in Sangotedo Behind for sale
Furnished 4bdrm Duplex in Lekki for sale,"Lagos State, Lekki",Lekki,Lagos State,"₦ 350,000,000",350.0,4,4,Furnished,enterprise,Furnished 4bdrm Duplex in Lekki for sale
2bdrm Apartment in Victoria Island for sale,"Lagos State, Victoria Island",Victoria Island,Lagos State,"₦ 290,000,000",180.0,2,2,Unfurnished,enterprise,2bdrm Apartment in Victoria Island for sale
5bdrm Duplex in VGC / Ajah for sale,"Ajah, VGC / Ajah",VGC / Ajah,Ajah,"₦ 400,000,000",10.0,5,5,Unfurnished,enterprise,5bdrm Duplex in VGC / Ajah for sale
5bdrm Duplex in Katampe Extension for sale,"Katampe, Katampe Extension",Katampe Extension,Katampe,"₦ 550,000,000",500.0,5,5,Unfurnished,enterprise,5bdrm Duplex in Katampe Extension for sale
4bdrm Townhouse/Terrace in Mabushi for sale,"Abuja (FCT), Mabushi",Mabushi,Abuja (FCT),"₦ 270,000,000",300.0,4,4,Unfurnished,enterprise,4bdrm Townhouse/Terrace in Mabushi for sale
5bdrm Duplex in Ait Ray Power for sale,"Ifako-Ijaiye, Alagbado",Alagbado,Ifako-Ijaiye,"₦ 150,000,000",650.0,5,5,Semi-Furnished,enterprise,5bdrm Duplex in Ait Ray Power for sale
5bdrm Duplex in Oniru Victoria for sale,"Victoria Island, Victoria Island Extension",Victoria Island Extension,Victoria Island,"₦ 1,000,000,000",1000.0,5,6,Semi-Furnished,enterprise,5bdrm Duplex in Oniru Victoria for sale
4bdrm Duplex in Chevron Drive Lekki for sale,"Lekki, Chevron",Chevron,Lekki,"₦ 150,000,000",500.0,4,5,Semi-Furnished,enterprise,4bdrm Duplex in Chevron Drive Lekki for sale
3bdrm Block of Flats in Agbelekale Abulegba for sale,"Lagos State, Abule Egba",Abule Egba,Lagos State,"₦ 200,000,000",500.0,3,3,Unfurnished,enterprise,3bdrm Block of Flats in Agbelekale Abulegba for sale
"4bdrm Duplex in Lekki Garden Estate, Abraham Adesanya for sale","Surulere, Abraham Adesanya",Abraham Adesanya,Surulere,"₦ 115,000,000",500.0,4,4,Unfurnished,enterprise,"4bdrm Duplex in Lekki Garden Estate, Abraham Adesanya for sale"
5bdrm Duplex in Chevron for sale,"Lekki, Chevron",Chevron,Lekki,"₦ 600,000,000",500.0,5,6,Unfurnished,enterprise,5bdrm Duplex in Chevron for sale
3bdrm Bungalow in Citec Mbora for sale,"Abuja (FCT), Mbora",Mbora,Abuja (FCT),"₦ 185,000,000",300.0,3,4,Unfurnished,enterprise,3bdrm Bungalow in Citec Mbora for sale
"5bdrm Duplex in Vinehill Estate, Lugbe District for sale","Abuja (FCT), Lugbe District",Lugbe District,Abuja (FCT),"₦ 280,000,000",550.0,5,6,Unfurnished,enterprise,"5bdrm Duplex in Vinehill Estate, Lugbe District for sale"
5bdrm Duplex in Asokoro for sale,"Abuja (FCT), Asokoro",Asokoro,Abuja (FCT),"₦ 550,000,000",500.0,5,6,Unfurnished,enterprise,5bdrm Duplex in Asokoro for sale
3bdrm Duplex in Kubwa for sale,"Abuja (FCT), Kubwa",Kubwa,Abuja (FCT),"₦ 100,000,000",250.0,3,3,Unfurnished,enterprise,3bdrm Duplex in Kubwa for sale
2bdrm Apartment in Sangotedo for sale,"Ajah, Sangotedo",Sangotedo,Ajah,"₦ 150,000,000",600.0,2,2,Semi-Furnished,enterprise,2bdrm Apartment in Sangotedo for sale
5bdrm Duplex in Chevron Drive Lekki for sale,"Lekki, Chevron",Chevron,Lekki,"₦ 350,000,000",600.0,5,6,Semi-Furnished,enterprise,5bdrm Duplex in Chevron Drive Lekki for sale
6bdrm House in Old Ikoyi for sale,"Ikoyi, Old Ikoyi",Old Ikoyi,Ikoyi,"₦ 2,700,000,000",1000.0,6,1,Unfurnished,enterprise,6bdrm House in Old Ikoyi for sale
5bdrm House in Osapa london for sale,"Lekki, Osapa london",Osapa london,Lekki,"₦ 1,100,000,000",1000.0,5,1,Unfurnished,enterprise,5bdrm House in Osapa london for sale
5bdrm Duplex in Lekki for sale,"Lagos State, Lekki",Lekki,Lagos State,"₦ 1,300,000,000",400.0,5,5,Semi-Furnished,enterprise,5bdrm Duplex in Lekki for sale
3bdrm Maisonette in Lekki for sale,"Lagos State, Lekki",Lekki,Lagos State,"₦ 300,000,000",350.0,3,3,Semi-Furnished,enterprise,3bdrm Maisonette in Lekki for sale
"4bdrm Duplex in Wtc Estate, Enugu for sale","Enugu State, Enugu",Enugu,Enugu State,"₦ 350,000,000",500.0,4,5,Unfurnished,enterprise,"4bdrm Duplex in Wtc Estate, Enugu for sale"
3bdrm Bungalow in Lokogoma By Express for sale,"Abuja (FCT), Lokogoma",Lokogoma,Abuja (FCT),"₦ 145,000,000",541.0,3,4,Unfurnished,enterprise,3bdrm Bungalow in Lokogoma By Express for sale
5bdrm Duplex in Chevron for sale,"Lekki, Chevron",Chevron,Lekki,"₦ 1,300,000,000",400.0,5,5,Unfurnished,enterprise,5bdrm Duplex in Chevron for sale
4bdrm Duplex in Ajah for sale,"Lagos State, Ajah",Ajah,Lagos State,"₦ 210,000,000",300.0,4,4,Unfurnished,enterprise,4bdrm Duplex in Ajah for sale
4bdrm Duplex in Akobo for sale,"Ibadan, Akobo",Akobo,Ibadan,"₦ 210,000,000",500.0,4,5,Unfurnished,enterprise,4bdrm Duplex in Akobo for sale
Furnished 3bdrm Apartment in Abraham Adesanya for sale,"Surulere, Abraham Adesanya",Abraham Adesanya,Surulere,"₦ 107,500,000",600.0,3,3,Furnished,enterprise,Furnished 3bdrm Apartment in Abraham Adesanya for sale
3bdrm Apartment in Lekki Phase 1 Right for sale,"Lekki, Lekki Phase 1",Lekki Phase 1,Lekki,"₦ 230,000,000",1000.0,3,4,Semi-Furnished,enterprise,3bdrm Apartment in Lekki Phase 1 Right for sale
5bdrm Duplex in Chevron for sale,"Lekki, Chevron",Chevron,Lekki,"₦ 470,000,000",500.0,5,6,Unfurnished,enterprise,5bdrm Duplex in Chevron for sale
4bdrm Duplex in Lekki for sale,"Lagos State, Lekki",Lekki,Lagos State,"₦ 750,000,000",400.0,4,4,Semi-Furnished,enterprise,4bdrm Duplex in Lekki for sale
2bdrm Apartment in Olokonla Sangotedo for sale,"Ajah, Sangotedo",Sangotedo,Ajah,"₦ 75,000,000",111.0,2,2,Unfurnished,enterprise,2bdrm Apartment in Olokonla Sangotedo for sale
4bdrm Duplex in Osapa Lekki for sale,"Lekki, Osapa london",Osapa london,Lekki,"₦ 250,000,000",300.0,4,4,Semi-Furnished,enterprise,4bdrm Duplex in Osapa Lekki for sale
5bdrm Duplex in Osapa Lekki Lagos for sale,"Lekki, Osapa london",Osapa london,Lekki,"₦ 455,000,000",550.0,5,5,Semi-Furnished,enterprise,5bdrm Duplex in Osapa Lekki Lagos for sale
"Furnished 3bdrm Apartment in Behind Dunamis, Lugbe District for sale","Abuja (FCT), Lugbe District",Lugbe District,Abuja (FCT),"₦ 160,000,000",300.0,3,4,Furnished,enterprise,"Furnished 3bdrm Apartment in Behind Dunamis, Lugbe District for sale"
6bdrm Duplex in Lekki for sale,"Lagos State, Lekki",Lekki,Lagos State,"₦ 1,400,000,000",500.0,6,6,Unfurnished,enterprise,6bdrm Duplex in Lekki for sale
4bdrm Duplex in Lekki for sale,"Lagos State, Lekki",Lekki,Lagos State,"₦ 350,000,000",550.0,4,4,Unfurnished,enterprise,4bdrm Duplex in Lekki for sale
"4bdrm Duplex in Atlantic Layout, Ajah for sale","Lagos State, Ajah",Ajah,Lagos State,"₦ 170,000,000",10.0,4,4,Unfurnished,enterprise,"4bdrm Duplex in Atlantic Layout, Ajah for sale"
"5bdrm Duplex in Peter Odili, Port for sale","Rivers State, Port-Harcourt",Port-Harcourt,Rivers State,"₦ 550,000,000",470.0,5,6,Semi-Furnished,enterprise,"5bdrm Duplex in Peter Odili, Port for sale"
5bdrm Duplex in VGC / Ajah for sale,"Ajah, VGC / Ajah",VGC / Ajah,Ajah,"₦ 400,000,000",300.0,5,5,Semi-Furnished,enterprise,5bdrm Duplex in VGC / Ajah for sale
5bdrm Duplex in Chevron for sale,"Lekki, Chevron",Chevron,Lekki,"₦ 800,000,000",500.0,5,5,Semi-Furnished,enterprise,5bdrm Duplex in Chevron for sale
4bdrm Duplex in Ikota for sale,"Lekki, Ikota",Ikota,Lekki,"₦ 200,000,000",200.0,4,4,Semi-Furnished,enterprise,4bdrm Duplex in Ikota for sale
5bdrm House in Ikota for sale,"Lekki, Ikota",Ikota,Lekki,"₦ 330,000,000",1000.0,5,5,Unfurnished,enterprise,5bdrm House in Ikota for sale
4bdrm Duplex in Berger for sale,"Ojodu, Berger",Berger,Ojodu,"₦ 150,000,000",1000.0,4,1,Unfurnished,enterprise,4bdrm Duplex in Berger for sale
"4bdrm Duplex in Heliu Estate, Enugu for sale","Enugu State, Enugu",Enugu,Enugu State,"₦ 200,000,000",500.0,4,5,Unfurnished,enterprise,"4bdrm Duplex in Heliu Estate, Enugu for sale"
"2bdrm Block of Flats in Makogi Magboro, Obafemi-Owode for sale","Ogun State, Obafemi-Owode",Obafemi-Owode,Ogun State,"₦ 120,000,000",500.0,2,2,Unfurnished,enterprise,"2bdrm Block of Flats in Makogi Magboro, Obafemi-Owode for sale"
5bdrm Duplex in Lekki for sale,"Lagos State, Lekki",Lekki,Lagos State,"₦ 470,000,000",349.0,5,5,Unfurnished,enterprise,5bdrm Duplex in Lekki for sale
4bdrm Duplex in Ajah for sale,"Lagos State, Ajah",Ajah,Lagos State,"₦ 270,000,000",250.0,4,4,Unfurnished,enterprise,4bdrm Duplex in Ajah for sale
5bdrm House in Lekki for sale,"Lagos State, Lekki",Lekki,Lagos State,"₦ 1,800,000,000",350.0,5,5,Unfurnished,enterprise,5bdrm House in Lekki for sale
4bdrm Duplex in Lekki for sale,"Lagos State, Lekki",Lekki,Lagos State,"₦ 195,000,000",300.0,4,4,Unfurnished,enterprise,4bdrm Duplex in Lekki for sale
4bdrm Duplex in Ojodu for sale,"Lagos State, Ojodu",Ojodu,Lagos State,"₦ 450,000,000",300.0,4,4,Unfurnished,enterprise,4bdrm Duplex in Ojodu for sale
"5bdrm Duplex in General Paint, Ajah for sale","Lagos State, Ajah",Ajah,Lagos State,"₦ 260,000,000",10.0,5,5,Unfurnished,enterprise,"5bdrm Duplex in General Paint, Ajah for sale"
3bdrm Apartment in Wuye- Dakibiyu Abuja for sale,"Abuja (FCT), Wuye",Wuye,Abuja (FCT),"₦ 135,000,000",1500.0,3,4,Semi-Furnished,enterprise,3bdrm Apartment in Wuye- Dakibiyu Abuja for sale
"3bdrm Block of Flats in Secured Area, Magodo Isheri for sale","Ojodu, Magodo Isheri",Magodo Isheri,Ojodu,"₦ 720,000,000",600.0,3,3,Semi-Furnished,enterprise,"3bdrm Block of Flats in Secured Area, Magodo Isheri for sale"
3bdrm Bungalow in Awoyaya for sale,"Ibeju, Awoyaya",Awoyaya,Ibeju,"₦ 67,000,000",300.0,3,3,Semi-Furnished,enterprise,3bdrm Bungalow in Awoyaya for sale
"2bdrm Block of Flats in Gerald Estate, Lekki Phase 1 for sale","Lekki, Lekki Phase 1",Lekki Phase 1,Lekki,"₦ 100,000,000",600.0,2,3,Unfurnished,enterprise,"2bdrm Block of Flats in Gerald Estate, Lekki Phase 1 for sale"
Furnished 4bdrm Duplex in Galadimawa for sale,"Abuja (FCT), Galadimawa",Galadimawa,Abuja (FCT),"₦ 130,000,000",900.0,4,5,Furnished,enterprise,Furnished 4bdrm Duplex in Galadimawa for sale
5bdrm Duplex in Guzape District for sale,"Abuja (FCT), Guzape District",Guzape District,Abuja (FCT),"₦ 600,000,000",700.0,5,6,Unfurnished,enterprise,5bdrm Duplex in Guzape District for sale
6bdrm Duplex in Guzape District for sale,"Abuja (FCT), Guzape District",Guzape District,Abuja (FCT),"₦ 1,400,000,000",1300.0,6,7,Unfurnished,enterprise,6bdrm Duplex in Guzape District for sale
2bdrm House in Ikate for sale,"Lekki, Ikate",Ikate,Lekki,"₦ 250,000,000",1000.0,2,1,Unfurnished,enterprise,2bdrm House in Ikate for sale
5bdrm Duplex in Banana Island for sale,"Ikoyi, Banana Island",Banana Island,Ikoyi,"₦ 5,500,000,000",400.0,5,5,Semi-Furnished,enterprise,5bdrm Duplex in Banana Island for sale
6bdrm Duplex in Jabi Main for sale,"Abuja (FCT), Jabi",Jabi,Abuja (FCT),"₦ 2,500,000,000",600.0,6,7,Unfurnished,enterprise,6bdrm Duplex in Jabi Main for sale
"4bdrm Duplex in Makogi, Obafemi-Owode for sale","Ogun State, Obafemi-Owode",Obafemi-Owode,Ogun State,"₦ 55,000,000",324.0,4,4,Unfurnished,enterprise,"4bdrm Duplex in Makogi, Obafemi-Owode for sale"
4bdrm Duplex in Ogba for sale,"Lagos State, Ogba",Ogba,Lagos State,"₦ 220,000,000",250.0,4,4,Unfurnished,enterprise,4bdrm Duplex in Ogba for sale
"5bdrm Duplex in Secured Estate, Magodo Isheri for sale","Ojodu, Magodo Isheri",Magodo Isheri,Ojodu,"₦ 670,000,000",350.0,5,5,Semi-Furnished,enterprise,"5bdrm Duplex in Secured Estate, Magodo Isheri for sale"
5bdrm Duplex in Ikota for sale,"Lekki, Ikota",Ikota,Lekki,"₦ 450,000,000",400.0,5,5,Semi-Furnished,enterprise,5bdrm Duplex in Ikota for sale
7bdrm House in Zone 1 / Wuse for sale,"Wuse, Zone 1 / Wuse",Zone 1 / Wuse,Wuse,"₦ 870,000,000",610.0,7,10,Semi-Furnished,enterprise,7bdrm House in Zone 1 / Wuse for sale
5bdrm Duplex in Banana Island Ikoyi for sale,"Ikoyi, Banana Island",Banana Island,Ikoyi,"₦ 6,300,000,000",500.0,5,6,Semi-Furnished,enterprise,5bdrm Duplex in Banana Island Ikoyi for sale
"4bdrm Duplex in Centenary City, Enugu for sale","Enugu State, Enugu",Enugu,Enugu State,"₦ 210,000,000",500.0,4,5,Unfurnished,enterprise,"4bdrm Duplex in Centenary City, Enugu for sale"
5bdrm Duplex in Lekki for sale,"Lagos State, Lekki",Lekki,Lagos State,"₦ 875,000,000",600.0,5,5,Semi-Furnished,enterprise,5bdrm Duplex in Lekki for sale
2bdrm Apartment in Lekki for sale,"Lagos State, Lekki",Lekki,Lagos State,"₦ 170,000,000",300.0,2,2,Unfurnished,enterprise,2bdrm Apartment in Lekki for sale
4bdrm Duplex in Lekki for sale,"Lagos State, Lekki",Lekki,Lagos State,"₦ 150,000,000",350.0,4,4,Semi-Furnished,enterprise,4bdrm Duplex in Lekki for sale
4bdrm Duplex in Lekki for sale,"Lagos State, Lekki",Lekki,Lagos State,"₦ 230,000,000",350.0,4,4,Unfurnished,enterprise,4bdrm Duplex in Lekki for sale
"5bdrm Duplex in Ikota Gra, Lekki for sale","Lagos State, Lekki",Lekki,Lagos State,"₦ 270,000,000",10.0,5,5,Unfurnished,enterprise,"5bdrm Duplex in Ikota Gra, Lekki for sale"
4bdrm Duplex in Aco Estate Lifecamp for sale,"Gwarinpa, Life Camp",Life Camp,Gwarinpa,"₦ 280,000,000",450.0,4,4,Semi-Furnished,enterprise,4bdrm Duplex in Aco Estate Lifecamp for sale
"4bdrm Duplex in Secured Area, Ifako-Ogba for sale","Ogba, Ifako-Ogba",Ifako-Ogba,Ogba,"₦ 285,000,000",280.0,4,4,Semi-Furnished,enterprise,"4bdrm Duplex in Secured Area, Ifako-Ogba for sale"
"5bdrm Duplex in Secured Estate, Adeniyi Jones for sale","Ikeja, Adeniyi Jones",Adeniyi Jones,Ikeja,"₦ 700,000,000",300.0,5,5,Semi-Furnished,enterprise,"5bdrm Duplex in Secured Estate, Adeniyi Jones for sale"
"2bdrm Block of Flats in Secured Area, Abule Egba for sale","Lagos State, Abule Egba",Abule Egba,Lagos State,"₦ 1,300,000",600.0,2,2,Semi-Furnished,enterprise,"2bdrm Block of Flats in Secured Area, Abule Egba for sale"
Furnished 5bdrm House in Guzape District for sale,"Abuja (FCT), Guzape District",Guzape District,Abuja (FCT),"₦ 1,200,000,000",600.0,5,6,Furnished,enterprise,Furnished 5bdrm House in Guzape District for sale
6bdrm Duplex in Galadimawa for sale,"Abuja (FCT), Galadimawa",Galadimawa,Abuja (FCT),"₦ 200,000,000",750.0,6,6,Unfurnished,enterprise,6bdrm Duplex in Galadimawa for sale
2bdrm Block of Flats in Ogba Ikeja Lagos for sale,"Ogba, Oke-Ira / Ogba",Oke-Ira / Ogba,Ogba,"₦ 600,000,000",692.0,2,2,Unfurnished,enterprise,2bdrm Block of Flats in Ogba Ikeja Lagos for sale
5bdrm Duplex in Osapa london for sale,"Lekki, Osapa london",Osapa london,Lekki,"₦ 860,000,000",1000.0,5,1,Unfurnished,enterprise,5bdrm Duplex in Osapa london for sale
5bdrm Duplex in Lekki for sale,"Lagos State, Lekki",Lekki,Lagos State,"₦ 250,000,000",350.0,5,5,Semi-Furnished,enterprise,5bdrm Duplex in Lekki for sale
5bdrm Duplex in Lekki for sale,"Lagos State, Lekki",Lekki,Lagos State,"₦ 1,300,000,000",400.0,5,5,Semi-Furnished,enterprise,5bdrm Duplex in Lekki for sale
4bdrm Duplex in Lekki for sale,"Lagos State, Lekki",Lekki,Lagos State,"₦ 255,000,000",350.0,4,4,Semi-Furnished,enterprise,4bdrm Duplex in Lekki for sale
1bdrm Block of Flats in Sabo for sale,"Yaba, Sabo / Yaba",Sabo / Yaba,Yaba,"₦ 30,000,000",200.0,1,2,Unfurnished,enterprise,1bdrm Block of Flats in Sabo for sale
"5bdrm Duplex in Independence Layout, Enugu for sale","Enugu State, Enugu",Enugu,Enugu State,"₦ 400,000,000",600.0,5,6,Unfurnished,enterprise,"5bdrm Duplex in Independence Layout, Enugu for sale"
4bdrm Duplex in Lekki for sale,"Lagos State, Lekki",Lekki,Lagos State,"₦ 150,000,000",250.0,4,4,Unfurnished,enterprise,4bdrm Duplex in Lekki for sale
5bdrm Duplex in Ogudu GRA for sale,"Ogudu, Ogudu GRA",Ogudu GRA,Ogudu,"₦ 400,000,000",300.0,5,5,Unfurnished,enterprise,5bdrm Duplex in Ogudu GRA for sale
5bdrm Duplex in Lekki for sale,"Lagos State, Lekki",Lekki,Lagos State,"₦ 370,000,000",400.0,5,5,Unfurnished,enterprise,5bdrm Duplex in Lekki for sale
"4bdrm Duplex in Carlton Gate Estate, Akobo for sale","Ibadan, Akobo",Akobo,Ibadan,"₦ 210,000,000",600.0,4,4,Unfurnished,enterprise,"4bdrm Duplex in Carlton Gate Estate, Akobo for sale"
"5bdrm Duplex in Gwarinpa Main Abuja, Life Camp for sale","Gwarinpa, Life Camp",Life Camp,Gwarinpa,"₦ 850,000,000",500.0,5,6,Semi-Furnished,enterprise,"5bdrm Duplex in Gwarinpa Main Abuja, Life Camp for sale"
4bdrm Duplex in Sangotedo for sale,"Ajah, Sangotedo",Sangotedo,Ajah,"₦ 200,000,000",300.0,4,4,Semi-Furnished,enterprise,4bdrm Duplex in Sangotedo for sale
6bdrm Duplex in Osapa London Lekki for sale,"Lekki, Osapa london",Osapa london,Lekki,"₦ 1,400,000,000",1000.0,6,7,Semi-Furnished,enterprise,6bdrm Duplex in Osapa London Lekki for sale
1bdrm Apartment in Idado Estate Lekki for sale,"Lekki, Idado",Idado,Lekki,"₦ 100,000,000",1000.0,1,2,Semi-Furnished,enterprise,1bdrm Apartment in Idado Estate Lekki for sale
3bdrm House in Banana Island for sale,"Ikoyi, Banana Island",Banana Island,Ikoyi,"₦ 600,000,000",1000.0,3,1,Unfurnished,enterprise,3bdrm House in Banana Island for sale
5bdrm Duplex in Chevron for sale,"Lekki, Chevron",Chevron,Lekki,"₦ 849,000,000",600.0,5,6,Unfurnished,enterprise,5bdrm Duplex in Chevron for sale
2bdrm Apartment in Lekki for sale,"Lagos State, Lekki",Lekki,Lagos State,"₦ 370,000,000",400.0,2,2,Semi-Furnished,enterprise,2bdrm Apartment in Lekki for sale
5bdrm Duplex in Lekki for sale,"Lagos State, Lekki",Lekki,Lagos State,"₦ 450,000,000",350.0,5,5,Semi-Furnished,enterprise,5bdrm Duplex in Lekki for sale
"4bdrm Duplex in Pearl Garden Estate, Sangotedo for sale","Ajah, Sangotedo",Sangotedo,Ajah,"₦ 290,000,000",450.0,4,4,Semi-Furnished,enterprise,"4bdrm Duplex in Pearl Garden Estate, Sangotedo for sale"
Furnished 2bdrm Apartment in Lekki for sale,"Lagos State, Lekki",Lekki,Lagos State,"₦ 350,000,000",150.0,2,2,Furnished,enterprise,Furnished 2bdrm Apartment in Lekki for sale
2bdrm Apartment in Lekki Phase 1 for sale,"Lekki, Lekki Phase 1",Lekki Phase 1,Lekki,"₦ 300,000,000",150.0,2,2,Unfurnished,enterprise,2bdrm Apartment in Lekki Phase 1 for sale
4bdrm Duplex in Ajah for sale,"Lagos State, Ajah",Ajah,Lagos State,"₦ 220,000,000",400.0,4,4,Unfurnished,enterprise,4bdrm Duplex in Ajah for sale
Furnished 5bdrm House in Asokoro for sale,"Abuja (FCT), Asokoro",Asokoro,Abuja (FCT),"₦ 7,000,000,000",2216.0,5,8,Furnished,enterprise,Furnished 5bdrm House in Asokoro for sale
Furnished 2bdrm Apartment in Iwaya for sale,"Yaba, Iwaya",Iwaya,Yaba,"₦ 100,000,000",300.0,2,2,Furnished,enterprise,Furnished 2bdrm Apartment in Iwaya for sale
"10bdrm Block of Flats in Molipa, Ijebu Ode for sale","Ogun State, Ijebu Ode",Ijebu Ode,Ogun State,"₦ 75,000,000",600.0,10,5,Unfurnished,False,"10bdrm Block of Flats in Molipa, Ijebu Ode for sale"
5bdrm Duplex in Lekki for sale,"Lagos State, Lekki",Lekki,Lagos State,"₦ 840,000,000",400.0,5,5,Semi-Furnished,enterprise,5bdrm Duplex in Lekki for sale
5bdrm Duplex in Lekki for sale,"Lagos State, Lekki",Lekki,Lagos State,"₦ 650,000,000",400.0,5,5,Semi-Furnished,enterprise,5bdrm Duplex in Lekki for sale
5bdrm Duplex in Lekki for sale,"Lagos State, Lekki",Lekki,Lagos State,"₦ 370,000,000",350.0,5,5,Semi-Furnished,enterprise,5bdrm Duplex in Lekki for sale
"5bdrm Duplex in Private Property, Guzape District for sale","Abuja (FCT), Guzape District",Guzape District,Abuja (FCT),"₦ 1,500,000,000",1800.0,5,5,Semi-Furnished,enterprise,"5bdrm Duplex in Private Property, Guzape District for sale"
"7bdrm Duplex in Praise Hill Estate, Obafemi-Owode for sale","Ogun State, Obafemi-Owode",Obafemi-Owode,Ogun State,"₦ 140,000,000",600.0,7,9,Unfurnished,enterprise,"7bdrm Duplex in Praise Hill Estate, Obafemi-Owode for sale"
Furnished 4bdrm Apartment in Oko Oba Estate for sale,"Agege, New Oko Oba",New Oko Oba,Agege,"₦ 300,000,000",300.0,4,5,Furnished,enterprise,Furnished 4bdrm Apartment in Oko Oba Estate for sale
6bdrm Mansion in Lekki for sale,"Lagos State, Lekki",Lekki,Lagos State,"₦ 1,700,000,000",450.0,6,6,Unfurnished,enterprise,6bdrm Mansion in Lekki for sale
4bdrm Duplex in Lekki for sale,"Lagos State, Lekki",Lekki,Lagos State,"₦ 255,000,000",350.0,4,4,Unfurnished,enterprise,4bdrm Duplex in Lekki for sale
5bdrm Duplex in Maitama Main Abuja for sale,"Abuja (FCT), Maitama",Maitama,Abuja (FCT),"₦ 2,000,000,000",500.0,5,6,Semi-Furnished,enterprise,5bdrm Duplex in Maitama Main Abuja for sale
"6bdrm Duplex in Kukwab Abuja, Lokogoma for sale","Abuja (FCT), Lokogoma",Lokogoma,Abuja (FCT),"₦ 650,000,000",700.0,6,7,Semi-Furnished,enterprise,"6bdrm Duplex in Kukwab Abuja, Lokogoma for sale"
"3bdrm Duplex in Secured Are, Fagba for sale","Agege, Fagba",Fagba,Agege,"₦ 155,000,000",180.0,3,3,Semi-Furnished,enterprise,"3bdrm Duplex in Secured Are, Fagba for sale"
"4bdrm Duplex in Nizamiya Hospital, Karmo for sale","Abuja (FCT), Karmo",Karmo,Abuja (FCT),"₦ 150,000,000",300.0,4,5,Unfurnished,enterprise,"4bdrm Duplex in Nizamiya Hospital, Karmo for sale"
Furnished 9bdrm Duplex in Chevron Drive Lekki for sale,"Lekki, Chevron",Chevron,Lekki,"₦ 900,000,000",1000.0,9,9,Furnished,enterprise,Furnished 9bdrm Duplex in Chevron Drive Lekki for sale
"2bdrm Apartment in Victoria Island, Ligali Ayorinde for sale","Victoria Island, Ligali Ayorinde",Ligali Ayorinde,Victoria Island,"₦ 525,000,000",500.0,2,3,Semi-Furnished,enterprise,"2bdrm Apartment in Victoria Island, Ligali Ayorinde for sale"
5bdrm Duplex in Victory Park Estate for sale,"Lekki, Osapa london",Osapa london,Lekki,"₦ 875,000,000",1000.0,5,6,Semi-Furnished,enterprise,5bdrm Duplex in Victory Park Estate for sale
5bdrm Duplex in Chevron Drive Lekki for sale,"Lekki, Chevron",Chevron,Lekki,"₦ 500,000,000",500.0,5,6,Semi-Furnished,enterprise,5bdrm Duplex in Chevron Drive Lekki for sale
5bdrm Duplex in Lekki Phase 1 Lagos for sale,"Lekki, Lekki Phase 1",Lekki Phase 1,Lekki,"₦ 1,500,000,000",400.0,5,5,Semi-Furnished,enterprise,5bdrm Duplex in Lekki Phase 1 Lagos for sale
6bdrm Duplex in Old Ikoyi Lagos for sale,"Ikoyi, Old Ikoyi",Old Ikoyi,Ikoyi,"₦ 2,600,000,000",1000.0,6,7,Semi-Furnished,enterprise,6bdrm Duplex in Old Ikoyi Lagos for sale
5bdrm Duplex in Ajah for sale,"Lagos State, Ajah",Ajah,Lagos State,"₦ 300,000,000",300.0,5,5,Semi-Furnished,enterprise,5bdrm Duplex in Ajah for sale
5bdrm Duplex in Lekki for sale,"Lagos State, Lekki",Lekki,Lagos State,"₦ 1,500,000,000",450.0,5,5,Semi-Furnished,enterprise,5bdrm Duplex in Lekki for sale
Furnished 4bdrm Duplex in Osapa London Lekki for sale,"Lekki, Osapa london",Osapa london,Lekki,"₦ 700,000,000",500.0,4,4,Furnished,enterprise,Furnished 4bdrm Duplex in Osapa London Lekki for sale
"Furnished 5bdrm Duplex in Chevron Estate, Lekki for sale","Lagos State, Lekki",Lekki,Lagos State,"₦ 380,000,000",480.0,5,6,Furnished,enterprise,"Furnished 5bdrm Duplex in Chevron Estate, Lekki for sale"
"Furnished 4bdrm Duplex in Abijo Gra, Lagos. for sale","Ibeju, Abijo",Abijo,Ibeju,"₦ 150,000,000",200.0,4,3,Furnished,enterprise,"Furnished 4bdrm Duplex in Abijo Gra, Lagos. for sale"
5bdrm Duplex in Lekki for sale,"Lagos State, Lekki",Lekki,Lagos State,"₦ 550,000,000",400.0,5,5,Semi-Furnished,enterprise,5bdrm Duplex in Lekki for sale
5bdrm House in Lekki for sale,"Lagos State, Lekki",Lekki,Lagos State,"₦ 1,500,000,000",200.0,5,5,Unfurnished,enterprise,5bdrm House in Lekki for sale
3bdrm Apartment in Gbagada for sale,"Lagos State, Gbagada",Gbagada,Lagos State,"₦ 135,000,000",180.0,3,3,Unfurnished,enterprise,3bdrm Apartment in Gbagada for sale
5bdrm Duplex in Lekki for sale,"Lagos State, Lekki",Lekki,Lagos State,"₦ 500,000,000",450.0,5,5,Unfurnished,enterprise,5bdrm Duplex in Lekki for sale
4bdrm Duplex in Ipaja for sale,"Lagos State, Ipaja",Ipaja,Lagos State,"₦ 150,000,000",200.0,4,4,Unfurnished,enterprise,4bdrm Duplex in Ipaja for sale
4bdrm Duplex in Jahi for sale,"Abuja (FCT), Jahi",Jahi,Abuja (FCT),"₦ 400,000,000",300.0,4,4,Unfurnished,enterprise,4bdrm Duplex in Jahi for sale
Furnished 3bdrm Duplex in Idu for sale,"Abuja (FCT), Idu Industrial",Idu Industrial,Abuja (FCT),"₦ 110,000,000",500.0,3,3,Furnished,enterprise,Furnished 3bdrm Duplex in Idu for sale
"3bdrm Bungalow in Atali New Layout, Port-Harcourt for sale","Rivers State, Port-Harcourt",Port-Harcourt,Rivers State,"₦ 55,000,000",465.0,3,4,Unfurnished,basic,"3bdrm Bungalow in Atali New Layout, Port-Harcourt for sale"
"4bdrm Duplex in Dana Estate, for sale","Rivers State, Port-Harcourt",Port-Harcourt,Rivers State,"₦ 195,000,000",350.0,4,5,Semi-Furnished,enterprise,"4bdrm Duplex in Dana Estate, for sale"
5bdrm Duplex in Lekki Phase 1 for sale,"Lekki, Lekki Phase 1",Lekki Phase 1,Lekki,"₦ 700,000,000",300.0,5,5,Semi-Furnished,enterprise,5bdrm Duplex in Lekki Phase 1 for sale
Furnished 5bdrm Duplex in Victoria Island Extension for sale,"Victoria Island, Victoria Island Extension",Victoria Island Extension,Victoria Island,"₦ 950,000,000",500.0,5,6,Furnished,enterprise,Furnished 5bdrm Duplex in Victoria Island Extension for sale
5bdrm Duplex in Vgc Lekki Lagos for sale,"Ajah, VGC / Ajah",VGC / Ajah,Ajah,"₦ 470,000,000",500.0,5,6,Semi-Furnished,enterprise,5bdrm Duplex in Vgc Lekki Lagos for sale
5bdrm House in Old Ikoyi for sale,"Ikoyi, Old Ikoyi",Old Ikoyi,Ikoyi,"₦ 5,500,000,000",1000.0,5,1,Unfurnished,enterprise,5bdrm House in Old Ikoyi for sale
10bdrm House in Lekki Phase 1 for sale,"Lekki, Lekki Phase 1",Lekki Phase 1,Lekki,"₦ 2,000,000,000",100.0,10,1,Unfurnished,enterprise,10bdrm House in Lekki Phase 1 for sale
7bdrm Duplex in Lekki for sale,"Lagos State, Lekki",Lekki,Lagos State,"₦ 2,200,000,000",450.0,7,7,Semi-Furnished,enterprise,7bdrm Duplex in Lekki for sale
"4bdrm Duplex in Private Property, Kado for sale","Abuja (FCT), Kado",Kado,Abuja (FCT),"₦ 300,000,000",2400.0,4,4,Unfurnished,enterprise,"4bdrm Duplex in Private Property, Kado for sale"
"3bdrm Apartment in Beaufort Court, Lugbe District for sale","Abuja (FCT), Lugbe District",Lugbe District,Abuja (FCT),"₦ 67,000,000",250.0,3,4,Unfurnished,enterprise,"3bdrm Apartment in Beaufort Court, Lugbe District for sale"
"5bdrm Bungalow in Centenary City, Enugu for sale","Enugu State, Enugu",Enugu,Enugu State,"₦ 135,000,000",500.0,5,5,Unfurnished,enterprise,"5bdrm Bungalow in Centenary City, Enugu for sale"
4bdrm Duplex in Ikeja for sale,"Lagos State, Ikeja",Ikeja,Lagos State,"₦ 550,000,000",250.0,4,4,Unfurnished,enterprise,4bdrm Duplex in Ikeja for sale
4bdrm Duplex in Ikoyi for sale,"Lagos State, Ikoyi",Ikoyi,Lagos State,"₦ 1,100,000,000",500.0,4,4,Unfurnished,enterprise,4bdrm Duplex in Ikoyi for sale
5bdrm Duplex in Lekki for sale,"Lagos State, Lekki",Lekki,Lagos State,"₦ 950,000,000",350.0,5,5,Unfurnished,enterprise,5bdrm Duplex in Lekki for sale
"4bdrm Duplex in Ikota Gra, Lekki for sale","Lagos State, Lekki",Lekki,Lagos State,"₦ 150,000,000",10.0,4,4,Unfurnished,enterprise,"4bdrm Duplex in Ikota Gra, Lekki for sale"
"4bdrm Duplex in Engineer Lere Adigun, Basorun for sale","Ibadan, Basorun",Basorun,Ibadan,"₦ 280,000,000",450.0,4,4,Unfurnished,enterprise,"4bdrm Duplex in Engineer Lere Adigun, Basorun for sale"
"3bdrm Apartment in Off Admiralty Way, Lekki Phase 1 for sale","Lekki, Lekki Phase 1",Lekki Phase 1,Lekki,"₦ 250,000,000",2400.0,3,3,Unfurnished,enterprise,"3bdrm Apartment in Off Admiralty Way, Lekki Phase 1 for sale"
"Furnished 2bdrm Block of Flats in Secured Estate, Cement for sale","Agege, Cement",Cement,Agege,"₦ 110,000,000",700.0,2,2,Furnished,enterprise,"Furnished 2bdrm Block of Flats in Secured Estate, Cement for sale"
"4bdrm Duplex in Secured Area, Ifako-Ogba for sale","Ogba, Ifako-Ogba",Ifako-Ogba,Ogba,"₦ 230,000,000",260.0,4,4,Semi-Furnished,enterprise,"4bdrm Duplex in Secured Area, Ifako-Ogba for sale"
5bdrm Duplex in Ikota for sale,"Lekki, Ikota",Ikota,Lekki,"₦ 550,000,000",350.0,5,5,Semi-Furnished,enterprise,5bdrm Duplex in Ikota for sale
"Furnished 2bdrm Apartment in Cello 3, Lekki Phase 1 for sale","Lekki, Lekki Phase 1",Lekki Phase 1,Lekki,"₦ 260,000,000",300.0,2,2,Furnished,enterprise,"Furnished 2bdrm Apartment in Cello 3, Lekki Phase 1 for sale"
3bdrm Apartment in Banana Island Ikoyi for sale,"Ikoyi, Banana Island",Banana Island,Ikoyi,"₦ 1,100,000,000",1000.0,3,4,Semi-Furnished,enterprise,3bdrm Apartment in Banana Island Ikoyi for sale
5bdrm Duplex in Alaka Estate for sale,"Surulere, Alaka Estate",Alaka Estate,Surulere,"₦ 430,000,000",1000.0,5,1,Unfurnished,enterprise,5bdrm Duplex in Alaka Estate for sale
5bdrm Duplex in Sangotedo for sale,"Ajah, Sangotedo",Sangotedo,Ajah,"₦ 350,000,000",1000.0,5,1,Unfurnished,enterprise,5bdrm Duplex in Sangotedo for sale
5bdrm House in Ikota for sale,"Lekki, Ikota",Ikota,Lekki,"₦ 370,000,000",1000.0,5,5,Unfurnished,enterprise,5bdrm House in Ikota for sale
4bdrm Duplex in Lekki for sale,"Lagos State, Lekki",Lekki,Lagos State,"₦ 330,000,000",350.0,4,4,Semi-Furnished,enterprise,4bdrm Duplex in Lekki for sale
5bdrm Duplex in Ikeja for sale,"Lagos State, Ikeja",Ikeja,Lagos State,"₦ 650,000,000",350.0,5,5,Unfurnished,enterprise,5bdrm Duplex in Ikeja for sale
4bdrm Duplex in Maryland for sale,"Lagos State, Maryland",Maryland,Lagos State,"₦ 450,000,000",300.0,4,4,Unfurnished,enterprise,4bdrm Duplex in Maryland for sale
5bdrm Duplex in Lekki for sale,"Lagos State, Lekki",Lekki,Lagos State,"₦ 600,000,000",450.0,5,5,Unfurnished,enterprise,5bdrm Duplex in Lekki for sale
6bdrm Duplex in Ajah for sale,"Lagos State, Ajah",Ajah,Lagos State,"₦ 400,000,000",400.0,6,6,Unfurnished,enterprise,6bdrm Duplex in Ajah for sale
5bdrm Duplex in Lekki Phase 1 for sale,"Lekki, Lekki Phase 1",Lekki Phase 1,Lekki,"₦ 1,200,000,000",350.0,5,5,Semi-Furnished,enterprise,5bdrm Duplex in Lekki Phase 1 for sale
5bdrm Duplex in Sangotedo for sale,"Ajah, Sangotedo",Sangotedo,Ajah,"₦ 380,000,000",450.0,5,6,Semi-Furnished,enterprise,5bdrm Duplex in Sangotedo for sale
"5bdrm Duplex in Narayi High Cost, Kaduna / Kaduna State for sale","Kaduna State, Kaduna / Kaduna State",Kaduna / Kaduna State,Kaduna State,"₦ 80,000,000",652.0,5,5,Unfurnished,enterprise,"5bdrm Duplex in Narayi High Cost, Kaduna / Kaduna State for sale"
4bdrm House in Silver Spring Agungi for sale,"Lekki, Agungi",Agungi,Lekki,"₦ 300,000,000",500.0,4,5,Unfurnished,enterprise,4bdrm House in Silver Spring Agungi for sale
4bdrm Duplex in Seagate Estate Ikate for sale,"Lekki, Ikate",Ikate,Lekki,"₦ 500,000,000",1000.0,4,5,Semi-Furnished,enterprise,4bdrm Duplex in Seagate Estate Ikate for sale
"4bdrm Duplex in Maryland Ikeja Lagos, Mende for sale","Maryland, Mende",Mende,Maryland,"₦ 750,000,000",500.0,4,5,Semi-Furnished,enterprise,"4bdrm Duplex in Maryland Ikeja Lagos, Mende for sale"
4bdrm Duplex in Abule Egba for sale,"Lagos State, Abule Egba",Abule Egba,Lagos State,"₦ 180,000,000",1000.0,4,1,Unfurnished,enterprise,4bdrm Duplex in Abule Egba for sale
4bdrm Duplex in Opebi for sale,"Ikeja, Opebi",Opebi,Ikeja,"₦ 570,000,000",1000.0,4,1,Unfurnished,enterprise,4bdrm Duplex in Opebi for sale
5bdrm Duplex in Lekki for sale,"Lagos State, Lekki",Lekki,Lagos State,"₦ 600,000,000",350.0,5,5,Semi-Furnished,enterprise,5bdrm Duplex in Lekki for sale
"Furnished 4bdrm Duplex in Akute, Ojodu for sale","Lagos State, Ojodu",Ojodu,Lagos State,"₦ 150,000,000",600.0,4,4,Furnished,vip_gold,"Furnished 4bdrm Duplex in Akute, Ojodu for sale"
5bdrm House in Lekki for sale,"Lagos State, Lekki",Lekki,Lagos State,"₦ 1,100,000,000",400.0,5,5,Unfurnished,enterprise,5bdrm House in Lekki for sale
4bdrm Duplex in Magodo for sale,"Lagos State, Magodo",Magodo,Lagos State,"₦ 500,000,000",250.0,4,4,Semi-Furnished,enterprise,4bdrm Duplex in Magodo for sale
5bdrm Duplex in Lekki for sale,"Lagos State, Lekki",Lekki,Lagos State,"₦ 320,000,000",450.0,5,5,Unfurnished,enterprise,5bdrm Duplex in Lekki for sale
4bdrm Duplex in Lekki for sale,"Lagos State, Lekki",Lekki,Lagos State,"₦ 330,000,000",250.0,4,4,Unfurnished,enterprise,4bdrm Duplex in Lekki for sale
5bdrm Townhouse/Terrace in Lifecamp for sale,"Gwarinpa, Life Camp",Life Camp,Gwarinpa,"₦ 190,000,000",450.0,5,5,Unfurnished,enterprise,5bdrm Townhouse/Terrace in Lifecamp for sale
5bdrm Duplex in Ogombo for sale,"Ajah, Ogombo",Ogombo,Ajah,"₦ 350,000,000",300.0,5,5,Semi-Furnished,enterprise,5bdrm Duplex in Ogombo for sale
"5bdrm Duplex in Royal Gardens Estate, Off Lekki-Epe Expressway for sale","Ajah, Off Lekki-Epe Expressway",Off Lekki-Epe Expressway,Ajah,"₦ 650,000,000",400.0,5,5,Semi-Furnished,enterprise,"5bdrm Duplex in Royal Gardens Estate, Off Lekki-Epe Expressway for sale"
4bdrm Bungalow in Eleko Junction Ibeju for sale,"Ibeju, Eleko",Eleko,Ibeju,"₦ 70,000,000",600.0,4,5,Semi-Furnished,enterprise,4bdrm Bungalow in Eleko Junction Ibeju for sale
5bdrm Duplex in Orchid Lekki Lagos for sale,"Lekki, Lekki Expressway",Lekki Expressway,Lekki,"₦ 750,000,000",603.0,5,6,Semi-Furnished,enterprise,5bdrm Duplex in Orchid Lekki Lagos for sale
3bdrm Apartment in Opebi for sale,"Ikeja, Opebi",Opebi,Ikeja,"₦ 175,000,000",1000.0,3,1,Unfurnished,enterprise,3bdrm Apartment in Opebi for sale
5bdrm Duplex in Chevron for sale,"Lekki, Chevron",Chevron,Lekki,"₦ 600,000,000",500.0,5,6,Unfurnished,enterprise,5bdrm Duplex in Chevron for sale
Furnished 2bdrm Apartment in Ikate for sale,"Lekki, Ikate",Ikate,Lekki,"₦ 165,000,000",120.0,2,2,Furnished,enterprise,Furnished 2bdrm Apartment in Ikate for sale
"4bdrm Duplex in General Paint, Ajah for sale","Lagos State, Ajah",Ajah,Lagos State,"₦ 145,000,000",10.0,4,4,Unfurnished,enterprise,"4bdrm Duplex in General Paint, Ajah for sale"
4bdrm Duplex in Jahi Abuja for sale,"Abuja (FCT), Jahi",Jahi,Abuja (FCT),"₦ 400,000,000",1500.0,4,5,Semi-Furnished,enterprise,4bdrm Duplex in Jahi Abuja for sale
Furnished 3bdrm Townhouse/Terrace in Lugbe Opposite for sale,"Lugbe District, Sabon Lugbe",Sabon Lugbe,Lugbe District,"₦ 160,000,000",450.0,3,4,Furnished,enterprise,Furnished 3bdrm Townhouse/Terrace in Lugbe Opposite for sale
"4bdrm Duplex in Peter Odili Road, for sale","Rivers State, Port-Harcourt",Port-Harcourt,Rivers State,"₦ 320,000,000",400.0,4,5,Semi-Furnished,enterprise,"4bdrm Duplex in Peter Odili Road, for sale"
"Furnished 4bdrm Bungalow in Almond Garden, Enugu for sale","Enugu State, Enugu",Enugu,Enugu State,"₦ 150,000,000",500.0,4,5,Furnished,enterprise,"Furnished 4bdrm Bungalow in Almond Garden, Enugu for sale"
3bdrm Duplex in Lafiaji for sale,"Lekki, Lafiaji",Lafiaji,Lekki,"₦ 140,000,000",300.0,3,3,Semi-Furnished,enterprise,3bdrm Duplex in Lafiaji for sale
3bdrm Apartment in Ikeja Gra Lagos for sale,"Ikeja, Ikeja GRA",Ikeja GRA,Ikeja,"₦ 800,000,000",1000.0,3,4,Semi-Furnished,enterprise,3bdrm Apartment in Ikeja Gra Lagos for sale
3bdrm Block of Flats in Lekki Phase 1 Right for sale,"Lekki, Lekki Phase 1",Lekki Phase 1,Lekki,"₦ 1,200,000,000",550.0,3,4,Semi-Furnished,enterprise,3bdrm Block of Flats in Lekki Phase 1 Right for sale
4bdrm House in Omole Phase 2 Lagos for sale,"Ikeja, Omole Phase 2",Omole Phase 2,Ikeja,"₦ 280,000,000",500.0,4,5,Semi-Furnished,enterprise,4bdrm House in Omole Phase 2 Lagos for sale
7bdrm Duplex in Osapa london for sale,"Lekki, Osapa london",Osapa london,Lekki,"₦ 2,200,000,000",1000.0,7,1,Unfurnished,enterprise,7bdrm Duplex in Osapa london for sale
4bdrm Duplex in Magodo for sale,"Lagos State, Magodo",Magodo,Lagos State,"₦ 650,000,000",300.0,4,4,Unfurnished,enterprise,4bdrm Duplex in Magodo for sale
4bdrm Townhouse/Terrace in Lifecamp for sale,"Gwarinpa, Life Camp",Life Camp,Gwarinpa,"₦ 230,000,000",200.0,4,4,Unfurnished,enterprise,4bdrm Townhouse/Terrace in Lifecamp for sale
"4bdrm Duplex in New Layout Estate, for sale","Rivers State, Port-Harcourt",Port-Harcourt,Rivers State,"₦ 200,000,000",500.0,4,6,Semi-Furnished,enterprise,"4bdrm Duplex in New Layout Estate, for sale"
5bdrm Duplex in Sangotedo for sale,"Ajah, Sangotedo",Sangotedo,Ajah,"₦ 480,000,000",400.0,5,5,Semi-Furnished,enterprise,5bdrm Duplex in Sangotedo for sale
"4bdrm Duplex in Citadel Views Estate, Ogombo for sale","Ajah, Ogombo",Ogombo,Ajah,"₦ 230,000,000",250.0,4,4,Semi-Furnished,enterprise,"4bdrm Duplex in Citadel Views Estate, Ogombo for sale"
"3bdrm House in Mojisola Onikoyi, Banana Island for sale","Ikoyi, Banana Island",Banana Island,Ikoyi,"₦ 720,000,000",1000.0,3,1,Unfurnished,enterprise,"3bdrm House in Mojisola Onikoyi, Banana Island for sale"
"2bdrm Duplex in Makogi Estate, Lekki Expressway for sale","Lekki, Lekki Expressway",Lekki Expressway,Lekki,"₦ 85,000,000",400.0,2,2,Unfurnished,enterprise,"2bdrm Duplex in Makogi Estate, Lekki Expressway for sale"
4bdrm Duplex in Lekki for sale,"Lagos State, Lekki",Lekki,Lagos State,"₦ 940,000,000",500.0,4,4,Semi-Furnished,enterprise,4bdrm Duplex in Lekki for sale
4bdrm Duplex in Lekki for sale,"Lagos State, Lekki",Lekki,Lagos State,"₦ 200,000,000",350.0,4,4,Unfurnished,enterprise,4bdrm Duplex in Lekki for sale
5bdrm Duplex in Lekki for sale,"Lagos State, Lekki",Lekki,Lagos State,"₦ 480,000,000",400.0,5,5,Unfurnished,enterprise,5bdrm Duplex in Lekki for sale
"4bdrm Duplex in Shell Co-Operative, Obio-Akpor for sale","Rivers State, Obio-Akpor",Obio-Akpor,Rivers State,"₦ 260,000,000",320.0,4,4,Semi-Furnished,enterprise,"4bdrm Duplex in Shell Co-Operative, Obio-Akpor for sale"
4bdrm Townhouse/Terrace in Jahi for sale,"Abuja (FCT), Jahi",Jahi,Abuja (FCT),"₦ 350,000,000",250.0,4,4,Unfurnished,enterprise,4bdrm Townhouse/Terrace in Jahi for sale
4bdrm Duplex in Ikota for sale,"Lekki, Ikota",Ikota,Lekki,"₦ 220,000,000",250.0,4,4,Semi-Furnished,enterprise,4bdrm Duplex in Ikota for sale
5bdrm Duplex in Lekki Phase 2 for sale,"Lekki, Lekki Phase 2",Lekki Phase 2,Lekki,"₦ 600,000,000",350.0,5,6,Semi-Furnished,enterprise,5bdrm Duplex in Lekki Phase 2 for sale
5bdrm Duplex in Chevron for sale,"Lekki, Chevron",Chevron,Lekki,"₦ 550,000,000",350.0,5,5,Semi-Furnished,enterprise,5bdrm Duplex in Chevron for sale
3bdrm Duplex in Sangotedo for sale,"Ajah, Sangotedo",Sangotedo,Ajah,"₦ 135,000,000",300.0,3,3,Semi-Furnished,enterprise,3bdrm Duplex in Sangotedo for sale
3bdrm Bungalow in Graceland Estate for sale,"Ajah, Oke Ira / Ajah",Oke Ira / Ajah,Ajah,"₦ 95,000,000",600.0,3,4,Semi-Furnished,enterprise,3bdrm Bungalow in Graceland Estate for sale
3bdrm Apartment in Lekki Phase 1 Lagos for sale,"Lekki, Lekki Phase 1",Lekki Phase 1,Lekki,"₦ 370,000,000",1000.0,3,4,Semi-Furnished,enterprise,3bdrm Apartment in Lekki Phase 1 Lagos for sale
"2bdrm Apartment in Ikoyi Lagos, Gerard Road for sale","Ikoyi, Gerard Road",Gerard Road,Ikoyi,"₦ 450,000,000",1000.0,2,3,Semi-Furnished,enterprise,"2bdrm Apartment in Ikoyi Lagos, Gerard Road for sale"
"5bdrm Duplex in Cowrie Creek, Ikate for sale","Lekki, Ikate",Ikate,Lekki,"₦ 1,200,000,000",1000.0,5,1,Unfurnished,enterprise,"5bdrm Duplex in Cowrie Creek, Ikate for sale"
5bdrm Duplex in Old Ikoyi for sale,"Ikoyi, Old Ikoyi",Old Ikoyi,Ikoyi,"₦ 6,918,100,000",1000.0,5,1,Unfurnished,enterprise,5bdrm Duplex in Old Ikoyi for sale
7bdrm Block of Flats in Egbeda for sale,"Alimosho, Egbeda",Egbeda,Alimosho,"₦ 300,000,000",1000.0,7,1,Unfurnished,enterprise,7bdrm Block of Flats in Egbeda for sale
5bdrm Duplex in Lekki for sale,"Lagos State, Lekki",Lekki,Lagos State,"₦ 350,000,000",400.0,5,5,Semi-Furnished,enterprise,5bdrm Duplex in Lekki for sale
"6bdrm Duplex in Kukwaba, Around, Kaura for sale","Abuja (FCT), Kaura",Kaura,Abuja (FCT),"₦ 450,000,000",500.0,6,7,Unfurnished,enterprise,"6bdrm Duplex in Kukwaba, Around, Kaura for sale"
6bdrm Duplex in Abuja (FCT) for sale,Abuja (FCT),Abuja (FCT),,"₦ 750,000,000",500.0,6,6,Unfurnished,enterprise,6bdrm Duplex in Abuja (FCT) for sale
"3bdrm Block of Flats in Eagle Estate, Off, Port-Harcourt for sale","Rivers State, Port-Harcourt",Port-Harcourt,Rivers State,"₦ 72,750,000",300.0,3,4,Unfurnished,enterprise,"3bdrm Block of Flats in Eagle Estate, Off, Port-Harcourt for sale"
"2bdrm Block of Flats in Rumuibekwe Estate, for sale","Rivers State, Port-Harcourt",Port-Harcourt,Rivers State,"₦ 290,000,000",752.0,2,3,Semi-Furnished,enterprise,"2bdrm Block of Flats in Rumuibekwe Estate, for sale"
"Furnished 4bdrm Duplex in Secured Area, Aguda / Ogba for sale","Ogba, Aguda / Ogba",Aguda / Ogba,Ogba,"₦ 400,000,000",280.0,4,4,Furnished,enterprise,"Furnished 4bdrm Duplex in Secured Area, Aguda / Ogba for sale"
5bdrm Duplex in VGC / Ajah for sale,"Ajah, VGC / Ajah",VGC / Ajah,Ajah,"₦ 550,000,000",400.0,5,5,Semi-Furnished,enterprise,5bdrm Duplex in VGC / Ajah for sale
5bdrm Duplex in Lekki Phase 1 for sale,"Lekki, Lekki Phase 1",Lekki Phase 1,Lekki,"₦ 800,000,000",350.0,5,5,Semi-Furnished,enterprise,5bdrm Duplex in Lekki Phase 1 for sale
4bdrm Duplex in Jahi for sale,"Abuja (FCT), Jahi",Jahi,Abuja (FCT),"₦ 550,000,000",350.0,4,5,Unfurnished,enterprise,4bdrm Duplex in Jahi for sale
"2bdrm Apartment in Yaba Lagos, Alagomeji for sale","Yaba, Alagomeji",Alagomeji,Yaba,"₦ 170,000,000",550.0,2,3,Semi-Furnished,enterprise,"2bdrm Apartment in Yaba Lagos, Alagomeji for sale"
4bdrm House in Northern Foreshore for sale,"Lekki, Chevron",Chevron,Lekki,"₦ 700,000,000",600.0,4,4,Semi-Furnished,enterprise,4bdrm House in Northern Foreshore for sale
5bdrm Duplex in Lekki for sale,"Lagos State, Lekki",Lekki,Lagos State,"₦ 849,000,000",420.0,5,5,Semi-Furnished,enterprise,5bdrm Duplex in Lekki for sale
4bdrm Duplex in Lekki for sale,"Lagos State, Lekki",Lekki,Lagos State,"₦ 250,000,000",350.0,4,4,Semi-Furnished,enterprise,4bdrm Duplex in Lekki for sale
5bdrm Duplex in Lekki for sale,"Lagos State, Lekki",Lekki,Lagos State,"₦ 320,000,000",400.0,5,5,Semi-Furnished,enterprise,5bdrm Duplex in Lekki for sale
2bdrm Bungalow in Ogombo for sale,"Ajah, Ogombo",Ogombo,Ajah,"₦ 40,000,000",250.0,2,3,Unfurnished,enterprise,2bdrm Bungalow in Ogombo for sale
7bdrm Duplex in Guzape District for sale,"Abuja (FCT), Guzape District",Guzape District,Abuja (FCT),"₦ 1,500,000,000",700.0,7,8,Unfurnished,enterprise,7bdrm Duplex in Guzape District for sale
6bdrm Mansion in Wuye Main for sale,"Abuja (FCT), Wuye",Wuye,Abuja (FCT),"₦ 1,600,000,000",600.0,6,7,Unfurnished,enterprise,6bdrm Mansion in Wuye Main for sale
6bdrm Duplex in Apo Resettlement for sale,"Abuja (FCT), Apo District",Apo District,Abuja (FCT),"₦ 680,000,000",500.0,6,7,Unfurnished,enterprise,6bdrm Duplex in Apo Resettlement for sale
5bdrm Duplex in Jabi for sale,"Abuja (FCT), Jabi",Jabi,Abuja (FCT),"₦ 1,100,000,000",800.0,5,5,Unfurnished,enterprise,5bdrm Duplex in Jabi for sale
"3bdrm Townhouse/Terrace in Kagini, Kubwa for sale","Abuja (FCT), Kubwa",Kubwa,Abuja (FCT),"₦ 95,000,000",220.0,3,4,Unfurnished,enterprise,"3bdrm Townhouse/Terrace in Kagini, Kubwa for sale"
"4bdrm Duplex in 79Th Estate Akwaka, for sale","Rivers State, Port-Harcourt",Port-Harcourt,Rivers State,"₦ 191,400,000",300.0,4,5,Semi-Furnished,enterprise,"4bdrm Duplex in 79Th Estate Akwaka, for sale"
"2bdrm Block of Flats in Secured Area, Iju-Ishaga for sale","Agege, Iju-Ishaga",Iju-Ishaga,Agege,"₦ 130,000,000",650.0,2,2,Semi-Furnished,enterprise,"2bdrm Block of Flats in Secured Area, Iju-Ishaga for sale"
4bdrm Duplex in Abijo for sale,"Ibeju, Abijo",Abijo,Ibeju,"₦ 150,000,000",200.0,4,4,Unfurnished,enterprise,4bdrm Duplex in Abijo for sale
Furnished 4bdrm Duplex in Victoria Island Extension for sale,"Victoria Island, Victoria Island Extension",Victoria Island Extension,Victoria Island,"₦ 800,000,000",500.0,4,5,Furnished,enterprise,Furnished 4bdrm Duplex in Victoria Island Extension for sale
5bdrm Duplex in Chevron Drive Lekki for sale,"Lekki, Chevron",Chevron,Lekki,"₦ 450,000,000",1000.0,5,6,Semi-Furnished,enterprise,5bdrm Duplex in Chevron Drive Lekki for sale
6bdrm Block of Flats in New Oko Oba for sale,"Agege, New Oko Oba",New Oko Oba,Agege,"₦ 300,000,000",1000.0,6,1,Unfurnished,enterprise,6bdrm Block of Flats in New Oko Oba for sale
4bdrm Duplex in Ifako-Gbagada for sale,"Gbagada, Ifako-Gbagada",Ifako-Gbagada,Gbagada,"₦ 350,000,000",1000.0,4,1,Unfurnished,enterprise,4bdrm Duplex in Ifako-Gbagada for sale
5bdrm Duplex in Lekki for sale,"Lagos State, Lekki",Lekki,Lagos State,"₦ 650,000,000",400.0,5,5,Semi-Furnished,enterprise,5bdrm Duplex in Lekki for sale
3bdrm Apartment in Lekki for sale,"Lagos State, Lekki",Lekki,Lagos State,"₦ 370,000,000",350.0,3,3,Semi-Furnished,enterprise,3bdrm Apartment in Lekki for sale
5bdrm Duplex in Lekki for sale,"Lagos State, Lekki",Lekki,Lagos State,"₦ 650,000,000",400.0,5,5,Semi-Furnished,enterprise,5bdrm Duplex in Lekki for sale
"4bdrm Duplex in St Martin Estate, Pyakasa for sale","Abuja (FCT), Pyakasa",Pyakasa,Abuja (FCT),"₦ 200,000,000",700.0,4,4,Semi-Furnished,enterprise,"4bdrm Duplex in St Martin Estate, Pyakasa for sale"
2bdrm Duplex in Sangotedo for sale,"Ajah, Sangotedo",Sangotedo,Ajah,"₦ 110,000,000",214.0,2,2,Semi-Furnished,enterprise,2bdrm Duplex in Sangotedo for sale
"4bdrm Bungalow in Centenary City, Enugu for sale","Enugu State, Enugu",Enugu,Enugu State,"₦ 160,000,000",500.0,4,5,Unfurnished,enterprise,"4bdrm Bungalow in Centenary City, Enugu for sale"
4bdrm Duplex in Lekki for sale,"Lagos State, Lekki",Lekki,Lagos State,"₦ 210,000,000",300.0,4,4,Unfurnished,enterprise,4bdrm Duplex in Lekki for sale
3bdrm Bungalow in Karsana for sale,"Gwagwa, Karsana",Karsana,Gwagwa,"₦ 170,000,000",500.0,3,3,Unfurnished,enterprise,3bdrm Bungalow in Karsana for sale
4bdrm Townhouse/Terrace in Guzape for sale,"Abuja (FCT), Guzape District",Guzape District,Abuja (FCT),"₦ 270,000,000",250.0,4,4,Unfurnished,enterprise,4bdrm Townhouse/Terrace in Guzape for sale
2bdrm Apartment in Gbagada for sale,"Lagos State, Gbagada",Gbagada,Lagos State,"₦ 90,000,000",250.0,2,2,Unfurnished,enterprise,2bdrm Apartment in Gbagada for sale
4bdrm House in Omole Phase 2 for sale,"Ikeja, Omole Phase 2",Omole Phase 2,Ikeja,"₦ 200,000,000",250.0,4,4,Unfurnished,enterprise,4bdrm House in Omole Phase 2 for sale
5bdrm Duplex in Banana Island for sale,"Ikoyi, Banana Island",Banana Island,Ikoyi,"₦ 3,250,000,000",400.0,5,5,Unfurnished,enterprise,5bdrm Duplex in Banana Island for sale
Furnished 4bdrm Duplex in Lekki for sale,"Lagos State, Lekki",Lekki,Lagos State,"₦ 420,000,000",250.0,4,4,Furnished,enterprise,Furnished 4bdrm Duplex in Lekki for sale
4bdrm Duplex in Guzape District for sale,"Abuja (FCT), Guzape District",Guzape District,Abuja (FCT),"₦ 450,000,000",200.0,4,4,Unfurnished,enterprise,4bdrm Duplex in Guzape District for sale
4bdrm Duplex in Wuse 2 Abuja for sale,"Abuja (FCT), Wuse 2",Wuse 2,Abuja (FCT),"₦ 750,000,000",2000.0,4,5,Semi-Furnished,enterprise,4bdrm Duplex in Wuse 2 Abuja for sale
4bdrm Duplex in Jahi Abuja for sale,"Abuja (FCT), Jahi",Jahi,Abuja (FCT),"₦ 570,000,000",500.0,4,5,Semi-Furnished,enterprise,4bdrm Duplex in Jahi Abuja for sale
4bdrm Duplex in GRA Phase 3 / Port-Harcourt for sale,"Port-Harcourt, GRA Phase 3 / Port-Harcourt",GRA Phase 3 / Port-Harcourt,Port-Harcourt,"₦ 400,000,000",465.0,4,5,Semi-Furnished,enterprise,4bdrm Duplex in GRA Phase 3 / Port-Harcourt for sale
"5bdrm Duplex in Newheaven, Enugu for sale","Enugu State, Enugu",Enugu,Enugu State,"₦ 350,000,000",600.0,5,5,Semi-Furnished,diamond,"5bdrm Duplex in Newheaven, Enugu for sale"
5bdrm House in Off Lekki-Epe Expressway for sale,"Ajah, Off Lekki-Epe Expressway",Off Lekki-Epe Expressway,Ajah,"₦ 350,000,000",500.0,5,5,Semi-Furnished,diamond,5bdrm House in Off Lekki-Epe Expressway for sale
5bdrm Duplex in Lekki Phase 1 for sale,"Lekki, Lekki Phase 1",Lekki Phase 1,Lekki,"₦ 1,100,000,000",500.0,5,5,Unfurnished,diamond,5bdrm Duplex in Lekki Phase 1 for sale
5bdrm House in VGC / Ajah for sale,"Ajah, VGC / Ajah",VGC / Ajah,Ajah,"₦ 470,000,000",500.0,5,5,Semi-Furnished,diamond,5bdrm House in VGC / Ajah for sale
"2bdrm House in Rockvale Manors, Apo Resettlement for sale","Apo District, Apo Resettlement",Apo Resettlement,Apo District,"₦ 110,000,000",500.0,2,2,Unfurnished,diamond,"2bdrm House in Rockvale Manors, Apo Resettlement for sale"
"4bdrm Duplex in Ikolaba Estate, Agodi for sale","Ibadan, Agodi",Agodi,Ibadan,"₦ 220,000,000",400.0,4,4,Semi-Furnished,diamond,"4bdrm Duplex in Ikolaba Estate, Agodi for sale"
5bdrm Duplex in Ikota Lekki Lagos for sale,"Lekki, Ikota",Ikota,Lekki,"₦ 650,000,000",650.0,5,6,Semi-Furnished,enterprise,5bdrm Duplex in Ikota Lekki Lagos for sale
5bdrm Duplex in Orchid Lekki Lagos for sale,"Lekki, Lekki Expressway",Lekki Expressway,Lekki,"₦ 480,000,000",600.0,5,6,Semi-Furnished,enterprise,5bdrm Duplex in Orchid Lekki Lagos for sale
5bdrm Duplex in Ologolo Lekki Lagos for sale,"Lekki, Ologolo",Ologolo,Lekki,"₦ 600,000,000",600.0,5,6,Semi-Furnished,enterprise,5bdrm Duplex in Ologolo Lekki Lagos for sale
2bdrm Apartment in Lekki for sale,"Lagos State, Lekki",Lekki,Lagos State,"₦ 350,000,000",350.0,2,2,Semi-Furnished,enterprise,2bdrm Apartment in Lekki for sale
"4bdrm Apartment in Jahi, Abuja for sale","Abuja (FCT), Jahi",Jahi,Abuja (FCT),"₦ 165,000,000",250.0,4,4,Unfurnished,diamond,"4bdrm Apartment in Jahi, Abuja for sale"
4bdrm Duplex in Ajah for sale,"Lagos State, Ajah",Ajah,Lagos State,"₦ 155,000,000",350.0,4,4,Unfurnished,enterprise,4bdrm Duplex in Ajah for sale
5bdrm Duplex in Lekki for sale,"Lagos State, Lekki",Lekki,Lagos State,"₦ 600,000,000",350.0,5,5,Unfurnished,enterprise,5bdrm Duplex in Lekki for sale
4bdrm Duplex in Ogudu Gra for sale,"Ogudu, Ogudu GRA",Ogudu GRA,Ogudu,"₦ 260,000,000",250.0,4,5,Semi-Furnished,enterprise,4bdrm Duplex in Ogudu Gra for sale
5bdrm Duplex in Ajah Lekki for sale,"Lagos State, Ajah",Ajah,Lagos State,"₦ 300,000,000",100.0,5,5,Unfurnished,enterprise,5bdrm Duplex in Ajah Lekki for sale
5bdrm Duplex in VGC / Ajah for sale,"Ajah, VGC / Ajah",VGC / Ajah,Ajah,"₦ 1,500,000,000",100.0,5,5,Unfurnished,enterprise,5bdrm Duplex in VGC / Ajah for sale
4bdrm Duplex in Ikota Villa for sale,"Lekki, Ikota",Ikota,Lekki,"₦ 150,000,000",100.0,4,4,Unfurnished,enterprise,4bdrm Duplex in Ikota Villa for sale
"4bdrm Duplex in Orchid, Lekki for sale","Lagos State, Lekki",Lekki,Lagos State,"₦ 230,000,000",100.0,4,4,Unfurnished,enterprise,"4bdrm Duplex in Orchid, Lekki for sale"
Furnished 4bdrm House in Adeniyi Jones for sale,"Ikeja, Adeniyi Jones",Adeniyi Jones,Ikeja,"₦ 380,000,000",500.0,4,4,Furnished,diamond,Furnished 4bdrm House in Adeniyi Jones for sale
4bdrm Duplex in Ikota for sale,"Lekki, Ikota",Ikota,Lekki,"₦ 170,000,000",100.0,4,4,Unfurnished,enterprise,4bdrm Duplex in Ikota for sale
"Furnished 2bdrm Penthouse in Oniru, Victoria Island for sale","Lagos State, Victoria Island",Victoria Island,Lagos State,"₦ 250,000,000",100.0,2,2,Furnished,enterprise,"Furnished 2bdrm Penthouse in Oniru, Victoria Island for sale"
4bdrm Duplex in Ikota for sale,"Lekki, Ikota",Ikota,Lekki,"₦ 180,000,000",100.0,4,4,Unfurnished,enterprise,4bdrm Duplex in Ikota for sale
2bdrm Apartment in Ikate for sale,"Lekki, Ikate",Ikate,Lekki,"₦ 140,000,000",100.0,2,2,Unfurnished,enterprise,2bdrm Apartment in Ikate for sale
"4bdrm Duplex in Ikota Villa Estate, Lekki for sale","Lagos State, Lekki",Lekki,Lagos State,"₦ 200,000,000",100.0,4,4,Unfurnished,enterprise,"4bdrm Duplex in Ikota Villa Estate, Lekki for sale"
Furnished 4bdrm House in Magodo for sale,"Lagos State, Magodo",Magodo,Lagos State,"₦ 550,000,000",500.0,4,4,Furnished,diamond,Furnished 4bdrm House in Magodo for sale
Furnished 3bdrm House in Olokonla for sale,"Ajah, Olokonla",Olokonla,Ajah,"₦ 150,000,000",500.0,3,3,Furnished,diamond,Furnished 3bdrm House in Olokonla for sale
Furnished 4bdrm House in Ikeja GRA for sale,"Ikeja, Ikeja GRA",Ikeja GRA,Ikeja,"₦ 750,000,000",500.0,4,4,Furnished,diamond,Furnished 4bdrm House in Ikeja GRA for sale
6bdrm Block of Flats in Benin City for sale,"Edo State, Benin City",Benin City,Edo State,"₦ 72,000,000",470.0,6,6,Semi-Furnished,diamond,6bdrm Block of Flats in Benin City for sale
"6bdrm Duplex in Iwofe By Ada George, Port-Harcourt for sale","Rivers State, Port-Harcourt",Port-Harcourt,Rivers State,"₦ 230,000,000",539.0,6,7,Semi-Furnished,enterprise,"6bdrm Duplex in Iwofe By Ada George, Port-Harcourt for sale"
"5bdrm Duplex in Magodo Phase2, Lagos State for sale",Lagos State,Lagos State,,"₦ 750,000,000",500.0,5,6,Semi-Furnished,diamond,"5bdrm Duplex in Magodo Phase2, Lagos State for sale"
2bdrm Apartment in Lekki Phase 1 for sale,"Lekki, Lekki Phase 1",Lekki Phase 1,Lekki,"₦ 200,000,000",500.0,2,2,Semi-Furnished,diamond,2bdrm Apartment in Lekki Phase 1 for sale
"5bdrm Duplex in It Owns Compound, Apo Resettlement for sale","Apo District, Apo Resettlement",Apo Resettlement,Apo District,"₦ 800,000,000",700.0,5,7,Unfurnished,diamond,"5bdrm Duplex in It Owns Compound, Apo Resettlement for sale"
"4bdrm Duplex in Serenen Environment, Ifako-Gbagada for sale","Gbagada, Ifako-Gbagada",Ifako-Gbagada,Gbagada,"₦ 300,000,000",275.0,4,4,Unfurnished,diamond,"4bdrm Duplex in Serenen Environment, Ifako-Gbagada for sale"
5bdrm Duplex in Asokoro for sale,"Abuja (FCT), Asokoro",Asokoro,Abuja (FCT),"₦ 1,500,000,000",600.0,5,5,Unfurnished,diamond,5bdrm Duplex in Asokoro for sale
5bdrm Duplex in Jahi for sale,"Abuja (FCT), Jahi",Jahi,Abuja (FCT),"₦ 600,000,000",400.0,5,5,Semi-Furnished,enterprise,5bdrm Duplex in Jahi for sale
3bdrm House in Lagos State for sale,Lagos State,Lagos State,,"₦ 170,000,000",150.0,3,3,Unfurnished,enterprise,3bdrm House in Lagos State for sale
5bdrm Duplex in Jabi Waterfront for sale,"Abuja (FCT), Jabi",Jabi,Abuja (FCT),"₦ 1,100,000,000",600.0,5,6,Semi-Furnished,enterprise,5bdrm Duplex in Jabi Waterfront for sale
Furnished 5bdrm Duplex in Apo Resettlement for sale,"Apo District, Apo Resettlement",Apo Resettlement,Apo District,"₦ 380,000,000",700.0,5,6,Furnished,enterprise,Furnished 5bdrm Duplex in Apo Resettlement for sale
1bdrm Apartment in Ologolo for sale,"Lekki, Ologolo",Ologolo,Lekki,"₦ 110,000,000",100.0,1,1,Unfurnished,enterprise,1bdrm Apartment in Ologolo for sale
"4bdrm Duplex in Lekki Palm City, Ado / Ajah for sale","Ajah, Ado / Ajah",Ado / Ajah,Ajah,"₦ 140,000,000",100.0,4,4,Unfurnished,enterprise,"4bdrm Duplex in Lekki Palm City, Ado / Ajah for sale"
Furnished 3bdrm House in Abijo for sale,"Ibeju, Abijo",Abijo,Ibeju,"₦ 100,000,000",500.0,3,3,Furnished,diamond,Furnished 3bdrm House in Abijo for sale
Furnished 3bdrm House in Magodo for sale,"Lagos State, Magodo",Magodo,Lagos State,"₦ 280,000,000",500.0,3,3,Furnished,diamond,Furnished 3bdrm House in Magodo for sale
Furnished 2bdrm Apartment in Lekki Conservation for sale,"Lekki, Lekki Expressway",Lekki Expressway,Lekki,"₦ 135,000,000",100.0,2,2,Furnished,enterprise,Furnished 2bdrm Apartment in Lekki Conservation for sale
Furnished 5bdrm House in Omole Phase 1 for sale,"Ikeja, Omole Phase 1",Omole Phase 1,Ikeja,"₦ 700,000,000",500.0,5,5,Furnished,diamond,Furnished 5bdrm House in Omole Phase 1 for sale
4bdrm Duplex in Ikate for sale,"Lekki, Ikate",Ikate,Lekki,"₦ 400,000,000",100.0,4,4,Unfurnished,enterprise,4bdrm Duplex in Ikate for sale
4bdrm House in Ikeja for sale,"Lagos State, Ikeja",Ikeja,Lagos State,"₦ 350,000,000",500.0,4,4,Semi-Furnished,diamond,4bdrm House in Ikeja for sale
2bdrm Apartment in Lekki Phase1 for sale,"Lekki, Lekki Phase 1",Lekki Phase 1,Lekki,"₦ 380,000,000",100.0,2,2,Unfurnished,enterprise,2bdrm Apartment in Lekki Phase1 for sale
4bdrm Duplex in Lekki for sale,"Lagos State, Lekki",Lekki,Lagos State,"₦ 205,000,000",200.0,4,5,Semi-Furnished,diamond,4bdrm Duplex in Lekki for sale
3bdrm Duplex in Ado / Ajah for sale,"Ajah, Ado / Ajah",Ado / Ajah,Ajah,"₦ 125,000,000",500.0,3,3,Semi-Furnished,diamond,3bdrm Duplex in Ado / Ajah for sale
4bdrm Duplex in Osapa london for sale,"Lekki, Osapa london",Osapa london,Lekki,"₦ 350,000,000",600.0,4,4,Unfurnished,enterprise,4bdrm Duplex in Osapa london for sale
4bdrm Duplex in Port-Harcourt for sale,"Rivers State, Port-Harcourt",Port-Harcourt,Rivers State,"₦ 250,000,000",400.0,4,5,Semi-Furnished,enterprise,4bdrm Duplex in Port-Harcourt for sale
"13bdrm House in Uwagboe, Benin City for sale","Edo State, Benin City",Benin City,Edo State,"₦ 60,000,000",800.0,13,13,Unfurnished,diamond,"13bdrm House in Uwagboe, Benin City for sale"
6bdrm House in Benin City for sale,"Edo State, Benin City",Benin City,Edo State,"₦ 22,000,000",460.0,6,6,Unfurnished,diamond,6bdrm House in Benin City for sale
6bdrm Duplex in Magodo Gra Phase 2 for sale,"Lagos State, Magodo",Magodo,Lagos State,"₦ 850,000,000",500.0,6,6,Semi-Furnished,diamond,6bdrm Duplex in Magodo Gra Phase 2 for sale
"2bdrm Apartment in Lakeview Estate, Amuwo-Odofin for sale","Lagos State, Amuwo-Odofin",Amuwo-Odofin,Lagos State,"₦ 100,000,000",300.0,2,2,Unfurnished,diamond,"2bdrm Apartment in Lakeview Estate, Amuwo-Odofin for sale"
"3bdrm Bungalow in T. A Garden, Isheri North for sale","Ojodu, Isheri North",Isheri North,Ojodu,"₦ 170,000,000",150.0,3,4,Semi-Furnished,enterprise,"3bdrm Bungalow in T. A Garden, Isheri North for sale"
4bdrm Duplex in Ogudu Gra for sale,"Ogudu, Ogudu GRA",Ogudu GRA,Ogudu,"₦ 1,200,000,000",400.0,4,5,Semi-Furnished,enterprise,4bdrm Duplex in Ogudu Gra for sale
"Furnished 4bdrm Duplex in Oniru, Victoria Island Extension for sale","Victoria Island, Victoria Island Extension",Victoria Island Extension,Victoria Island,"₦ 750,000,000",300.0,4,5,Furnished,enterprise,"Furnished 4bdrm Duplex in Oniru, Victoria Island Extension for sale"
5bdrm Duplex in Lekki Expressway for sale,"Lekki, Lekki Expressway",Lekki Expressway,Lekki,"₦ 250,000,000",500.0,5,5,Unfurnished,diamond,5bdrm Duplex in Lekki Expressway for sale
5bdrm House in Off Lekki-Epe Expressway for sale,"Ajah, Off Lekki-Epe Expressway",Off Lekki-Epe Expressway,Ajah,"₦ 400,000,000",500.0,5,5,Semi-Furnished,diamond,5bdrm House in Off Lekki-Epe Expressway for sale
4bdrm House in Lekki Phase 1 for sale,"Lekki, Lekki Phase 1",Lekki Phase 1,Lekki,"₦ 300,000,000",500.0,4,4,Semi-Furnished,diamond,4bdrm House in Lekki Phase 1 for sale
5bdrm House in Chevron for sale,"Lekki, Chevron",Chevron,Lekki,"₦ 800,000,000",500.0,5,5,Semi-Furnished,diamond,5bdrm House in Chevron for sale
4bdrm Duplex in Apo Wumba for sale,"Apo District, Apo Resettlement",Apo Resettlement,Apo District,"₦ 350,000,000",600.0,4,5,Unfurnished,enterprise,4bdrm Duplex in Apo Wumba for sale
5bdrm Duplex in Nnpc Estate Life for sale,"Gwarinpa, Life Camp",Life Camp,Gwarinpa,"₦ 350,000,000",750.0,5,6,Unfurnished,enterprise,5bdrm Duplex in Nnpc Estate Life for sale
16bdrm House in Agbowo for sale,"Ibadan, Agbowo",Agbowo,Ibadan,"₦ 75,000,000",800.0,16,4,Unfurnished,diamond,16bdrm House in Agbowo for sale
"4bdrm Duplex in Irewole, Jericho for sale","Ibadan, Jericho",Jericho,Ibadan,"₦ 100,000,000",400.0,4,4,Unfurnished,diamond,"4bdrm Duplex in Irewole, Jericho for sale"
"4bdrm Bungalow in City Park And, Egbeda / Egbeda for sale","Egbeda, Egbeda / Egbeda",Egbeda / Egbeda,Egbeda,"₦ 95,000,000",450.0,4,4,Semi-Furnished,diamond,"4bdrm Bungalow in City Park And, Egbeda / Egbeda for sale"
4bdrm Duplex in Agodi Gra for sale,"Ibadan, Agodi",Agodi,Ibadan,"₦ 500,000,000",410.0,4,4,Unfurnished,diamond,4bdrm Duplex in Agodi Gra for sale
5bdrm Duplex in Ajah for sale,"Lagos State, Ajah",Ajah,Lagos State,"₦ 550,000,000",700.0,5,5,Semi-Furnished,diamond,5bdrm Duplex in Ajah for sale
4bdrm Apartment in Ikate for sale,"Lekki, Ikate",Ikate,Lekki,"₦ 320,000,000",500.0,4,4,Semi-Furnished,diamond,4bdrm Apartment in Ikate for sale
5bdrm Duplex in Ajah for sale,"Lagos State, Ajah",Ajah,Lagos State,"₦ 300,000,000",450.0,5,5,Semi-Furnished,diamond,5bdrm Duplex in Ajah for sale
"5bdrm Duplex in Planet Hills, Sabon Lugbe for sale","Lugbe District, Sabon Lugbe",Sabon Lugbe,Lugbe District,"₦ 255,000,000",450.0,5,5,Unfurnished,diamond,"5bdrm Duplex in Planet Hills, Sabon Lugbe for sale"
5bdrm Duplex in Ikate for sale,"Lekki, Ikate",Ikate,Lekki,"₦ 700,000,000",123.0,5,5,Unfurnished,diamond,5bdrm Duplex in Ikate for sale
"4bdrm Duplex in A Serene Estate, Lekki Phase 1 for sale","Lekki, Lekki Phase 1",Lekki Phase 1,Lekki,"₦ 370,000,000",300.0,4,4,Unfurnished,diamond,"4bdrm Duplex in A Serene Estate, Lekki Phase 1 for sale"
3bdrm Block of Flats in Wuye for sale,"Abuja (FCT), Wuye",Wuye,Abuja (FCT),"₦ 130,000,000",250.0,3,3,Unfurnished,diamond,3bdrm Block of Flats in Wuye for sale
4bdrm Duplex in Festac for sale,"Amuwo-Odofin, Festac",Festac,Amuwo-Odofin,"₦ 220,000,000",600.0,4,4,Unfurnished,enterprise,4bdrm Duplex in Festac for sale
2bdrm Apartment in Festac for sale,"Amuwo-Odofin, Festac",Festac,Amuwo-Odofin,"₦ 100,000,000",600.0,2,2,Unfurnished,enterprise,2bdrm Apartment in Festac for sale
4bdrm Duplex in Maryland for sale,"Lagos State, Maryland",Maryland,Lagos State,"₦ 500,000,000",300.0,4,4,Unfurnished,enterprise,4bdrm Duplex in Maryland for sale
5bdrm Duplex in Lekki for sale,"Lagos State, Lekki",Lekki,Lagos State,"₦ 1,300,000,000",500.0,5,5,Unfurnished,enterprise,5bdrm Duplex in Lekki for sale
5bdrm Duplex in Sangotedo for sale,"Ajah, Sangotedo",Sangotedo,Ajah,"₦ 430,000,000",420.0,5,5,Semi-Furnished,diamond,5bdrm Duplex in Sangotedo for sale
5bdrm Duplex in Sangotedo for sale,"Ajah, Sangotedo",Sangotedo,Ajah,"₦ 550,000,000",300.0,5,5,Semi-Furnished,diamond,5bdrm Duplex in Sangotedo for sale
2bdrm Block of Flats in Rukpokwu for sale,"Port-Harcourt, Rukpokwu",Rukpokwu,Port-Harcourt,"₦ 180,000,000",780.0,2,2,Semi-Furnished,enterprise,2bdrm Block of Flats in Rukpokwu for sale
"6bdrm House in Briansbrain, Benin City for sale","Edo State, Benin City",Benin City,Edo State,"₦ 35,000,000",1500.0,6,6,Unfurnished,diamond,"6bdrm House in Briansbrain, Benin City for sale"
Furnished 5bdrm House in Magodo for sale,"Lagos State, Magodo",Magodo,Lagos State,"₦ 950,000,000",500.0,5,5,Furnished,diamond,Furnished 5bdrm House in Magodo for sale
3bdrm Duplex in Ikoyi for sale,"Lagos State, Ikoyi",Ikoyi,Lagos State,"₦ 650,000,000",100.0,3,3,Unfurnished,enterprise,3bdrm Duplex in Ikoyi for sale
"5bdrm Duplex in Orchid, Lekki Expressway for sale","Lekki, Lekki Expressway",Lekki Expressway,Lekki,"₦ 470,000,000",100.0,5,5,Unfurnished,enterprise,"5bdrm Duplex in Orchid, Lekki Expressway for sale"
4bdrm Duplex in Ikate for sale,"Lekki, Ikate",Ikate,Lekki,"₦ 320,000,000",100.0,4,4,Unfurnished,enterprise,4bdrm Duplex in Ikate for sale
1bdrm Apartment in Lekki Scheme 2 for sale,"Lekki, Lekki Expressway",Lekki Expressway,Lekki,"₦ 80,000,000",1000.0,1,1,Unfurnished,enterprise,1bdrm Apartment in Lekki Scheme 2 for sale
4bdrm Duplex in Ado / Ajah for sale,"Ajah, Ado / Ajah",Ado / Ajah,Ajah,"₦ 170,000,000",500.0,4,4,Semi-Furnished,diamond,4bdrm Duplex in Ado / Ajah for sale
Furnished 4bdrm Duplex in Ikate for sale,"Lekki, Ikate",Ikate,Lekki,"₦ 300,000,000",500.0,4,4,Furnished,diamond,Furnished 4bdrm Duplex in Ikate for sale
5bdrm Duplex in Off Lekki-Epe Expressway for sale,"Ajah, Off Lekki-Epe Expressway",Off Lekki-Epe Expressway,Ajah,"₦ 550,000,000",500.0,5,5,Semi-Furnished,diamond,5bdrm Duplex in Off Lekki-Epe Expressway for sale
3bdrm Duplex in Lekki Phase 1 for sale,"Lekki, Lekki Phase 1",Lekki Phase 1,Lekki,"₦ 300,000,000",500.0,3,3,Semi-Furnished,diamond,3bdrm Duplex in Lekki Phase 1 for sale
4bdrm Duplex in Lekki Phase 1 for sale,"Lekki, Lekki Phase 1",Lekki Phase 1,Lekki,"₦ 650,000,000",500.0,4,4,Unfurnished,diamond,4bdrm Duplex in Lekki Phase 1 for sale
4bdrm Duplex in Ado / Ajah for sale,"Ajah, Ado / Ajah",Ado / Ajah,Ajah,"₦ 290,000,000",500.0,4,4,Semi-Furnished,diamond,4bdrm Duplex in Ado / Ajah for sale
5bdrm Duplex in Lekki Phase 1 for sale,"Lekki, Lekki Phase 1",Lekki Phase 1,Lekki,"₦ 1,200,000,000",500.0,5,5,Semi-Furnished,diamond,5bdrm Duplex in Lekki Phase 1 for sale
4bdrm Duplex in Osapa london for sale,"Lekki, Osapa london",Osapa london,Lekki,"₦ 850,000,000",500.0,4,4,Semi-Furnished,diamond,4bdrm Duplex in Osapa london for sale
2bdrm Apartment in Lekki Phase 1 for sale,"Lekki, Lekki Phase 1",Lekki Phase 1,Lekki,"₦ 230,000,000",500.0,2,2,Semi-Furnished,diamond,2bdrm Apartment in Lekki Phase 1 for sale
3bdrm Apartment in Lekki Phase 1 for sale,"Lekki, Lekki Phase 1",Lekki Phase 1,Lekki,"₦ 300,000,000",500.0,3,3,Semi-Furnished,diamond,3bdrm Apartment in Lekki Phase 1 for sale
"5bdrm Duplex in Oakland Estate, Sangotedo for sale","Ajah, Sangotedo",Sangotedo,Ajah,"₦ 320,000,000",300.0,5,5,Unfurnished,enterprise,"5bdrm Duplex in Oakland Estate, Sangotedo for sale"
4bdrm Duplex in Lokogoma for sale,"Abuja (FCT), Lokogoma",Lokogoma,Abuja (FCT),"₦ 200,000,000",750.0,4,5,Unfurnished,diamond,4bdrm Duplex in Lokogoma for sale
Furnished 4bdrm Apartment in Katampe (Main) for sale,"Katampe, Katampe (Main)",Katampe (Main),Katampe,"₦ 300,000,000",250.0,4,3,Furnished,diamond,Furnished 4bdrm Apartment in Katampe (Main) for sale
4bdrm Duplex in Wuye for sale,"Abuja (FCT), Wuye",Wuye,Abuja (FCT),"₦ 550,000,000",450.0,4,5,Semi-Furnished,diamond,4bdrm Duplex in Wuye for sale
4bdrm Duplex in VGC / Ajah for sale,"Ajah, VGC / Ajah",VGC / Ajah,Ajah,"₦ 150,000,000",950.0,4,4,Unfurnished,enterprise,4bdrm Duplex in VGC / Ajah for sale
"6bdrm Duplex in Estate, Lugbe District for sale","Abuja (FCT), Lugbe District",Lugbe District,Abuja (FCT),"₦ 300,000,000",450.0,6,6,Unfurnished,diamond,"6bdrm Duplex in Estate, Lugbe District for sale"
5bdrm Duplex in Ikota for sale,"Lekki, Ikota",Ikota,Lekki,"₦ 600,000,000",700.0,5,5,Semi-Furnished,diamond,5bdrm Duplex in Ikota for sale
"3bdrm Block of Flats in Market Square, Ago Palace for sale","Isolo, Ago Palace",Ago Palace,Isolo,"₦ 90,000,000",500.0,3,3,Unfurnished,diamond,"3bdrm Block of Flats in Market Square, Ago Palace for sale"
"5bdrm Duplex in Magodo Phase2, Kosofe for sale","Lagos State, Kosofe",Kosofe,Lagos State,"₦ 800,000,000",450.0,5,6,Semi-Furnished,diamond,"5bdrm Duplex in Magodo Phase2, Kosofe for sale"
"6bdrm House in Lead City, Felele, CHallenge / Ibadan for sale","Ibadan, CHallenge / Ibadan",CHallenge / Ibadan,Ibadan,"₦ 80,000,000",450.0,6,6,Unfurnished,diamond,"6bdrm House in Lead City, Felele, CHallenge / Ibadan for sale"
6bdrm Duplex in Lokogoma for sale,"Abuja (FCT), Lokogoma",Lokogoma,Abuja (FCT),"₦ 500,000,000",800.0,6,7,Semi-Furnished,diamond,6bdrm Duplex in Lokogoma for sale
"4bdrm Duplex in 08 Garden City, Ikwerre for sale","Rivers State, Ikwerre",Ikwerre,Rivers State,"₦ 145,000,000",465.0,4,5,Unfurnished,enterprise,"4bdrm Duplex in 08 Garden City, Ikwerre for sale"
5bdrm Duplex in Omole for sale,"Ikeja, Omole Phase 2",Omole Phase 2,Ikeja,"₦ 600,000,000",400.0,5,6,Semi-Furnished,enterprise,5bdrm Duplex in Omole for sale
5bdrm Duplex in Ikeja Gra for sale,"Ikeja, Ikeja GRA",Ikeja GRA,Ikeja,"₦ 1,300,000,000",750.0,5,6,Semi-Furnished,enterprise,5bdrm Duplex in Ikeja Gra for sale
4bdrm Maisonette in Ikoyi S.W for sale,"Ikoyi, Ikoyi S.W",Ikoyi S.W,Ikoyi,"₦ 750,000,000",500.0,4,4,Semi-Furnished,diamond,4bdrm Maisonette in Ikoyi S.W for sale
2bdrm Apartment in Lekki Expressway for sale,"Lekki, Lekki Expressway",Lekki Expressway,Lekki,"₦ 122,000,000",500.0,2,2,Semi-Furnished,diamond,2bdrm Apartment in Lekki Expressway for sale
3bdrm Apartment in Ikate for sale,"Lekki, Ikate",Ikate,Lekki,"₦ 380,000,000",500.0,3,3,Unfurnished,diamond,3bdrm Apartment in Ikate for sale
"5bdrm Duplex in Estate, Galadimawa for sale","Abuja (FCT), Galadimawa",Galadimawa,Abuja (FCT),"₦ 500,000,000",750.0,5,6,Unfurnished,diamond,"5bdrm Duplex in Estate, Galadimawa for sale"
2bdrm Apartment in Lekki Phase 1 for sale,"Lekki, Lekki Phase 1",Lekki Phase 1,Lekki,"₦ 300,000,000",1200.0,2,2,Semi-Furnished,diamond,2bdrm Apartment in Lekki Phase 1 for sale
5bdrm Duplex in Ikota for sale,"Lekki, Ikota",Ikota,Lekki,"₦ 400,000,000",350.0,5,5,Semi-Furnished,diamond,5bdrm Duplex in Ikota for sale
"5bdrm Duplex in On Its Own Compound, Apo Resettlement for sale","Apo District, Apo Resettlement",Apo Resettlement,Apo District,"₦ 650,000,000",1000.0,5,7,Unfurnished,diamond,"5bdrm Duplex in On Its Own Compound, Apo Resettlement for sale"
"5bdrm Duplex in Estate, Apo Resettlement for sale","Apo District, Apo Resettlement",Apo Resettlement,Apo District,"₦ 750,000,000",750.0,5,7,Unfurnished,diamond,"5bdrm Duplex in Estate, Apo Resettlement for sale"
5bdrm House in Lekki for sale,"Lekki, Lekki Phase 1",Lekki Phase 1,Lekki,"₦ 850,000,000",300.0,5,5,Unfurnished,enterprise,5bdrm House in Lekki for sale
5bdrm Duplex in Enugu for sale,"Enugu State, Enugu",Enugu,Enugu State,"₦ 350,000,000",350.0,5,6,Semi-Furnished,diamond,5bdrm Duplex in Enugu for sale
6bdrm Duplex in Benin City for sale,"Edo State, Benin City",Benin City,Edo State,"₦ 400,000,000",817.0,6,6,Unfurnished,diamond,6bdrm Duplex in Benin City for sale
5bdrm Duplex in Ikota for sale,"Lekki, Ikota",Ikota,Lekki,"₦ 300,000,000",300.0,5,5,Semi-Furnished,diamond,5bdrm Duplex in Ikota for sale
"Furnished 4bdrm Penthouse in New Road Extension,, Obio-Akpor for sale","Rivers State, Obio-Akpor",Obio-Akpor,Rivers State,"₦ 95,000,000",465.0,4,4,Furnished,enterprise,"Furnished 4bdrm Penthouse in New Road Extension,, Obio-Akpor for sale"
"Furnished 3bdrm Duplex in Shell Cooperative, Eneka for sale","Port-Harcourt, Eneka",Eneka,Port-Harcourt,"₦ 260,000,000",400.0,3,3,Furnished,enterprise,"Furnished 3bdrm Duplex in Shell Cooperative, Eneka for sale"
"Furnished 3bdrm Block of Flats in Pacific Estste, Kubwa for sale","Abuja (FCT), Kubwa",Kubwa,Abuja (FCT),"₦ 63,000,000",500.0,3,4,Furnished,diamond,"Furnished 3bdrm Block of Flats in Pacific Estste, Kubwa for sale"
"5bdrm House in Briansbrain, Benin City for sale","Edo State, Benin City",Benin City,Edo State,"₦ 20,000,000",2000.0,5,5,Unfurnished,diamond,"5bdrm House in Briansbrain, Benin City for sale"
4bdrm Duplex in Ikate for sale,"Lekki, Ikate",Ikate,Lekki,"₦ 370,000,000",100.0,4,4,Unfurnished,enterprise,4bdrm Duplex in Ikate for sale
5bdrm Duplex in Orchi Lekki for sale,"Lagos State, Lekki",Lekki,Lagos State,"₦ 400,000,000",100.0,5,5,Unfurnished,enterprise,5bdrm Duplex in Orchi Lekki for sale
5bdrm Duplex in Ajah for sale,"Lagos State, Ajah",Ajah,Lagos State,"₦ 350,000,000",100.0,5,5,Unfurnished,enterprise,5bdrm Duplex in Ajah for sale
5bdrm Duplex in Ikoyi for sale,"Ikoyi, Old Ikoyi",Old Ikoyi,Ikoyi,"₦ 7,400,000,000",100.0,5,5,Unfurnished,enterprise,5bdrm Duplex in Ikoyi for sale
4bdrm Duplex in Victoria Island for sale,"Victoria Island, Victoria Island Extension",Victoria Island Extension,Victoria Island,"₦ 700,000,000",100.0,4,4,Unfurnished,enterprise,4bdrm Duplex in Victoria Island for sale
"5bdrm Duplex in Orchid, Lekki for sale","Lagos State, Lekki",Lekki,Lagos State,"₦ 330,000,000",100.0,5,5,Unfurnished,enterprise,"5bdrm Duplex in Orchid, Lekki for sale"
3bdrm Duplex in Ajah for sale,"Lagos State, Ajah",Ajah,Lagos State,"₦ 90,000,000",100.0,3,3,Unfurnished,enterprise,3bdrm Duplex in Ajah for sale
3bdrm Duplex in Lekki Phase 1 for sale,"Lekki, Lekki Phase 1",Lekki Phase 1,Lekki,"₦ 400,000,000",100.0,3,3,Unfurnished,enterprise,3bdrm Duplex in Lekki Phase 1 for sale
"7bdrm Duplex in Pinnock Beach Estate, Osapa london for sale","Lekki, Osapa london",Osapa london,Lekki,"₦ 2,100,000,000",100.0,7,7,Unfurnished,enterprise,"7bdrm Duplex in Pinnock Beach Estate, Osapa london for sale"
3bdrm Apartment in Chevron for sale,"Lekki, Chevron",Chevron,Lekki,"₦ 100,000,000",100.0,3,3,Unfurnished,enterprise,3bdrm Apartment in Chevron for sale
4bdrm Duplex in Ikoyi for sale,"Lagos State, Ikoyi",Ikoyi,Lagos State,"₦ 1,550,000,000",100.0,4,4,Unfurnished,enterprise,4bdrm Duplex in Ikoyi for sale
6bdrm Duplex in Chevron for sale,"Lekki, Chevron",Chevron,Lekki,"₦ 720,000,000",500.0,6,6,Semi-Furnished,diamond,6bdrm Duplex in Chevron for sale
5bdrm Duplex in Lekki Expressway for sale,"Lekki, Lekki Expressway",Lekki Expressway,Lekki,"₦ 320,000,000",500.0,5,5,Semi-Furnished,diamond,5bdrm Duplex in Lekki Expressway for sale
Furnished 3bdrm Apartment in Ikeja GRA for sale,"Ikeja, Ikeja GRA",Ikeja GRA,Ikeja,"₦ 680,000,000",500.0,3,3,Furnished,diamond,Furnished 3bdrm Apartment in Ikeja GRA for sale
"5bdrm Duplex in Megamound Estate, Ikota for sale","Lekki, Ikota",Ikota,Lekki,"₦ 450,000,000",500.0,5,6,Unfurnished,diamond,"5bdrm Duplex in Megamound Estate, Ikota for sale"
"2bdrm Block of Flats in Victory Estate, Ibeshe / Amuwo-Odofin for sale","Amuwo-Odofin, Ibeshe / Amuwo-Odofin",Ibeshe / Amuwo-Odofin,Amuwo-Odofin,"₦ 680,000,000",1800.0,2,2,Semi-Furnished,diamond,"2bdrm Block of Flats in Victory Estate, Ibeshe / Amuwo-Odofin for sale"
5bdrm Duplex in Chevron for sale,"Lekki, Chevron",Chevron,Lekki,"₦ 450,000,000",400.0,5,6,Unfurnished,diamond,5bdrm Duplex in Chevron for sale
17bdrm Block of Flats in Osolo Way for sale,"Isolo, Osolo Way",Osolo Way,Isolo,"₦ 150,000,000",600.0,17,17,Semi-Furnished,diamond,17bdrm Block of Flats in Osolo Way for sale
4bdrm Duplex in Ikota for sale,"Lekki, Ikota",Ikota,Lekki,"₦ 135,000,000",250.0,4,5,Unfurnished,diamond,4bdrm Duplex in Ikota for sale
3bdrm Apartment in Surulere for sale,"Lagos State, Surulere",Surulere,Lagos State,"₦ 180,000,000",500.0,3,3,Unfurnished,enterprise,3bdrm Apartment in Surulere for sale
4bdrm Duplex in Ikota for sale,"Lekki, Ikota",Ikota,Lekki,"₦ 140,000,000",500.0,4,4,Unfurnished,enterprise,4bdrm Duplex in Ikota for sale
3bdrm Apartment in GRA Phase 1 for sale,"Magodo, GRA Phase 1",GRA Phase 1,Magodo,"₦ 280,000,000",620.0,3,3,Semi-Furnished,enterprise,3bdrm Apartment in GRA Phase 1 for sale
"5bdrm Duplex in Shola F. Adedui, Idishin for sale","Ibadan, Idishin",Idishin,Ibadan,"₦ 150,000,000",500.0,5,5,Semi-Furnished,diamond,"5bdrm Duplex in Shola F. Adedui, Idishin for sale"
2bdrm Block of Flats in Chevron for sale,"Lekki, Chevron",Chevron,Lekki,"₦ 4,500,000",500.0,2,2,Unfurnished,enterprise,2bdrm Block of Flats in Chevron for sale
4bdrm Duplex in Lagos Island / Lagos Island for sale,"Lagos Island (Eko), Lagos Island / Lagos Island",Lagos Island / Lagos Island,Lagos Island (Eko),"₦ 135,000,000",450.0,4,4,Unfurnished,diamond,4bdrm Duplex in Lagos Island / Lagos Island for sale
"3bdrm Duplex in Magodo, GRA Phase 1 for sale","Magodo, GRA Phase 1",GRA Phase 1,Magodo,"₦ 200,000,000",250.0,3,4,Semi-Furnished,enterprise,"3bdrm Duplex in Magodo, GRA Phase 1 for sale"
"5bdrm Duplex in Ikoyi, Parkview Estate for sale","Ikoyi, Parkview Estate",Parkview Estate,Ikoyi,"₦ 1,500,000,000",300.0,5,6,Semi-Furnished,enterprise,"5bdrm Duplex in Ikoyi, Parkview Estate for sale"
5bdrm Duplex in New Oko Oba for sale,"Agege, New Oko Oba",New Oko Oba,Agege,"₦ 300,000,000",400.0,5,6,Semi-Furnished,enterprise,5bdrm Duplex in New Oko Oba for sale
5bdrm Duplex in Chevron for sale,"Lekki, Chevron",Chevron,Lekki,"₦ 530,000,000",400.0,5,6,Semi-Furnished,enterprise,5bdrm Duplex in Chevron for sale
5bdrm Duplex in Wuye for sale,"Abuja (FCT), Wuye",Wuye,Abuja (FCT),"₦ 1,300,000,000",850.0,5,6,Semi-Furnished,diamond,5bdrm Duplex in Wuye for sale
5bdrm Duplex in Ikota for sale,"Lekki, Ikota",Ikota,Lekki,"₦ 420,000,000",500.0,5,5,Semi-Furnished,diamond,5bdrm Duplex in Ikota for sale
4bdrm Duplex in Off Lekki-Epe Expressway for sale,"Ajah, Off Lekki-Epe Expressway",Off Lekki-Epe Expressway,Ajah,"₦ 230,000,000",500.0,4,4,Semi-Furnished,diamond,4bdrm Duplex in Off Lekki-Epe Expressway for sale
4bdrm Duplex in Lekki Expressway for sale,"Lekki, Lekki Expressway",Lekki Expressway,Lekki,"₦ 190,000,000",500.0,4,4,Unfurnished,diamond,4bdrm Duplex in Lekki Expressway for sale
3bdrm Block of Flats in Oshimili North for sale,"Delta State, Oshimili North",Oshimili North,Delta State,"₦ 2,200,000,000",5000.0,3,3,Unfurnished,diamond,3bdrm Block of Flats in Oshimili North for sale
"5bdrm Duplex in Ikolaba Estate, Agodi for sale","Ibadan, Agodi",Agodi,Ibadan,"₦ 220,000,000",500.0,5,5,Semi-Furnished,diamond,"5bdrm Duplex in Ikolaba Estate, Agodi for sale"
"5bdrm Duplex in Heritage, Oluyole Estate for sale","Ibadan, Oluyole Estate",Oluyole Estate,Ibadan,"₦ 300,000,000",600.0,5,5,Semi-Furnished,diamond,"5bdrm Duplex in Heritage, Oluyole Estate for sale"
3bdrm Duplex in Guzape District for sale,"Abuja (FCT), Guzape District",Guzape District,Abuja (FCT),"₦ 250,000,000",300.0,3,3,Unfurnished,diamond,3bdrm Duplex in Guzape District for sale
2bdrm Block of Flats in Lekki Right for sale,"Lekki, Lekki Phase 1",Lekki Phase 1,Lekki,"₦ 300,000,000",1200.0,2,2,Unfurnished,diamond,2bdrm Block of Flats in Lekki Right for sale
"Furnished 5bdrm Duplex in Chevron, Lekki for sale","Lagos State, Lekki",Lekki,Lagos State,"₦ 650,000,000",1200.0,5,5,Furnished,diamond,"Furnished 5bdrm Duplex in Chevron, Lekki for sale"
6bdrm Duplex in Ajah for sale,"Lagos State, Ajah",Ajah,Lagos State,"₦ 1,000,000,000",800.0,6,6,Semi-Furnished,diamond,6bdrm Duplex in Ajah for sale
4bdrm Duplex in Jahi for sale,"Abuja (FCT), Jahi",Jahi,Abuja (FCT),"₦ 1,600,000,000",800.0,4,5,Semi-Furnished,diamond,4bdrm Duplex in Jahi for sale
"5bdrm Duplex in Prince And Princess, Kaura for sale","Abuja (FCT), Kaura",Kaura,Abuja (FCT),"₦ 700,000,000",670.0,5,6,Unfurnished,diamond,"5bdrm Duplex in Prince And Princess, Kaura for sale"
4bdrm Duplex in Lekki Expressway for sale,"Lekki, Lekki Expressway",Lekki Expressway,Lekki,"₦ 175,000,000",300.0,4,4,Semi-Furnished,diamond,4bdrm Duplex in Lekki Expressway for sale
4bdrm Duplex in Ilaje / Lekki for sale,"Lekki, Ilaje / Lekki",Ilaje / Lekki,Lekki,"₦ 140,000,000",350.0,4,4,Unfurnished,diamond,4bdrm Duplex in Ilaje / Lekki for sale
4bdrm Duplex in Ajah for sale,"Lagos State, Ajah",Ajah,Lagos State,"₦ 140,000,000",400.0,4,4,Unfurnished,diamond,4bdrm Duplex in Ajah for sale
Furnished 2bdrm Duplex in Sangotedo for sale,"Ajah, Sangotedo",Sangotedo,Ajah,"₦ 70,000,000",300.0,2,2,Furnished,diamond,Furnished 2bdrm Duplex in Sangotedo for sale
4bdrm Duplex in Ikota for sale,"Lekki, Ikota",Ikota,Lekki,"₦ 180,000,000",450.0,4,4,Unfurnished,diamond,4bdrm Duplex in Ikota for sale
4bdrm Duplex in Lekki Phase 1 for sale,"Lekki, Lekki Phase 1",Lekki Phase 1,Lekki,"₦ 650,000,000",123.0,4,4,Unfurnished,diamond,4bdrm Duplex in Lekki Phase 1 for sale
"10bdrm Room & Parlour in Abak Road, Uyo for sale","Akwa Ibom State, Uyo",Uyo,Akwa Ibom State,"₦ 130,000,000",1800.0,10,2,Semi-Furnished,diamond,"10bdrm Room & Parlour in Abak Road, Uyo for sale"
"2bdrm Bungalow in Gudu, Abuja for sale","Abuja (FCT), Gudu",Gudu,Abuja (FCT),"₦ 155,000,000",200.0,2,2,Semi-Furnished,diamond,"2bdrm Bungalow in Gudu, Abuja for sale"
4bdrm House in Ikota Villa Estate for sale,"Lekki, Ikota",Ikota,Lekki,"₦ 140,000,000",300.0,4,4,Unfurnished,enterprise,4bdrm House in Ikota Villa Estate for sale
Furnished 3bdrm Apartment in Lekki Proper for sale,"Lekki, Lekki Phase 1",Lekki Phase 1,Lekki,"₦ 200,000,000",300.0,3,3,Furnished,enterprise,Furnished 3bdrm Apartment in Lekki Proper for sale
5bdrm Duplex in Orchid Lekki Lagos for sale,"Lekki, Lekki Phase 1",Lekki Phase 1,Lekki,"₦ 450,000,000",300.0,5,5,Unfurnished,enterprise,5bdrm Duplex in Orchid Lekki Lagos for sale
"Furnished 5bdrm Duplex in Lekki Lagos, Osapa london for sale","Lekki, Osapa london",Osapa london,Lekki,"₦ 900,000,000",300.0,5,5,Furnished,diamond,"Furnished 5bdrm Duplex in Lekki Lagos, Osapa london for sale"
Furnished 4bdrm Duplex in Ikate Lekki Lagos for sale,"Lekki, Ikate",Ikate,Lekki,"₦ 370,000,000",250.0,4,4,Furnished,diamond,Furnished 4bdrm Duplex in Ikate Lekki Lagos for sale
"Furnished 5bdrm Duplex in Megamond Estate, Ikota for sale","Lekki, Ikota",Ikota,Lekki,"₦ 450,000,000",650.0,5,5,Furnished,enterprise,"Furnished 5bdrm Duplex in Megamond Estate, Ikota for sale"
"5bdrm Duplex in Lakeview, Amuwo-Odofin for sale","Lagos State, Amuwo-Odofin",Amuwo-Odofin,Lagos State,"₦ 220,000,000",707.0,5,6,Unfurnished,enterprise,"5bdrm Duplex in Lakeview, Amuwo-Odofin for sale"
6bdrm Duplex in Benin City for sale,"Edo State, Benin City",Benin City,Edo State,"₦ 150,000,000",464.0,6,6,Unfurnished,diamond,6bdrm Duplex in Benin City for sale
"Furnished 5bdrm Duplex in Golden Spring Estate, Dakwo District for sale","Abuja (FCT), Dakwo District",Dakwo District,Abuja (FCT),"₦ 450,000,000",912.0,5,6,Furnished,diamond,"Furnished 5bdrm Duplex in Golden Spring Estate, Dakwo District for sale"
5bdrm Duplex in Banana Island for sale,"Ikoyi, Banana Island",Banana Island,Ikoyi,"₦ 7,000,000,000",100.0,5,5,Unfurnished,enterprise,5bdrm Duplex in Banana Island for sale
"2bdrm Apartment in Oniru, Victoria Island for sale","Lagos State, Victoria Island",Victoria Island,Lagos State,"₦ 290,000,000",100.0,2,2,Unfurnished,enterprise,"2bdrm Apartment in Oniru, Victoria Island for sale"
Furnished 5bdrm House in Olokonla for sale,"Ajah, Olokonla",Olokonla,Ajah,"₦ 270,000,000",500.0,5,5,Furnished,diamond,Furnished 5bdrm House in Olokonla for sale
5bdrm Duplex in Ikoyi for sale,"Lagos State, Ikoyi",Ikoyi,Lagos State,"₦ 2,670,000,000",100.0,5,5,Unfurnished,enterprise,5bdrm Duplex in Ikoyi for sale
"4bdrm Duplex in Harris Drive, VGC / Ajah for sale","Ajah, VGC / Ajah",VGC / Ajah,Ajah,"₦ 130,000,000",100.0,4,4,Unfurnished,enterprise,"4bdrm Duplex in Harris Drive, VGC / Ajah for sale"
Furnished 2bdrm Apartment in Abijo for sale,"Ibeju, Abijo",Abijo,Ibeju,"₦ 85,000,000",500.0,2,2,Furnished,diamond,Furnished 2bdrm Apartment in Abijo for sale
Furnished 4bdrm House in Ikeja for sale,"Lagos State, Ikeja",Ikeja,Lagos State,"₦ 330,000,000",500.0,4,4,Furnished,diamond,Furnished 4bdrm House in Ikeja for sale
Furnished 3bdrm House in Opebi for sale,"Ikeja, Opebi",Opebi,Ikeja,"₦ 200,000,000",500.0,3,3,Furnished,diamond,Furnished 3bdrm House in Opebi for sale
2bdrm Apartment in Lekki Phase 1 for sale,"Lekki, Lekki Phase 1",Lekki Phase 1,Lekki,"₦ 280,000,000",100.0,2,2,Unfurnished,enterprise,2bdrm Apartment in Lekki Phase 1 for sale
3bdrm Apartment in Lekki Phase for sale,"Lekki, Lekki Phase 1",Lekki Phase 1,Lekki,"₦ 430,000,000",100.0,3,3,Unfurnished,enterprise,3bdrm Apartment in Lekki Phase for sale
2bdrm Apartment in Ologolo for sale,"Lekki, Ologolo",Ologolo,Lekki,"₦ 150,000,000",100.0,2,2,Unfurnished,enterprise,2bdrm Apartment in Ologolo for sale
4bdrm Duplex in Ikate Lekki for sale,"Lekki, Ikate",Ikate,Lekki,"₦ 300,000,000",100.0,4,4,Unfurnished,enterprise,4bdrm Duplex in Ikate Lekki for sale
2bdrm Apartment in Lekki Phase 1 for sale,"Lekki, Lekki Phase 1",Lekki Phase 1,Lekki,"₦ 250,000,000",100.0,2,2,Unfurnished,enterprise,2bdrm Apartment in Lekki Phase 1 for sale
Furnished 4bdrm House in Allen Avenue for sale,"Ikeja, Allen Avenue",Allen Avenue,Ikeja,"₦ 565,000,000",500.0,4,4,Furnished,diamond,Furnished 4bdrm House in Allen Avenue for sale
5bdrm Duplex in Lekki Phase 1 for sale,"Lekki, Lekki Phase 1",Lekki Phase 1,Lekki,"₦ 1,300,000,000",100.0,5,5,Unfurnished,enterprise,5bdrm Duplex in Lekki Phase 1 for sale
"4bdrm Duplex in Orchid, Lekki Expressway for sale","Lekki, Lekki Expressway",Lekki Expressway,Lekki,"₦ 330,000,000",100.0,4,4,Unfurnished,enterprise,"4bdrm Duplex in Orchid, Lekki Expressway for sale"
4bdrm Duplex in Lekki Phase 1 for sale,"Lekki, Lekki Phase 1",Lekki Phase 1,Lekki,"₦ 1,200,000,000",500.0,4,4,Semi-Furnished,diamond,4bdrm Duplex in Lekki Phase 1 for sale
2bdrm Duplex in Ajah for sale,"Lagos State, Ajah",Ajah,Lagos State,"₦ 110,000,000",500.0,2,2,Unfurnished,diamond,2bdrm Duplex in Ajah for sale
5bdrm Duplex in Ikate for sale,"Lekki, Ikate",Ikate,Lekki,"₦ 900,000,000",500.0,5,5,Semi-Furnished,diamond,5bdrm Duplex in Ikate for sale
3bdrm Penthouse in Lekki Phase 1 for sale,"Lekki, Lekki Phase 1",Lekki Phase 1,Lekki,"₦ 400,000,000",500.0,3,3,Semi-Furnished,diamond,3bdrm Penthouse in Lekki Phase 1 for sale
5bdrm Duplex in Ikota for sale,"Lekki, Ikota",Ikota,Lekki,"₦ 400,000,000",200.0,5,5,Semi-Furnished,diamond,5bdrm Duplex in Ikota for sale
4bdrm Duplex in Osapa london for sale,"Lekki, Osapa london",Osapa london,Lekki,"₦ 350,000,000",500.0,4,4,Semi-Furnished,diamond,4bdrm Duplex in Osapa london for sale
4bdrm Duplex in Chevron for sale,"Lekki, Chevron",Chevron,Lekki,"₦ 270,000,000",200.0,4,5,Unfurnished,diamond,4bdrm Duplex in Chevron for sale
"5bdrm Duplex in Lekki Palm City, Ado / Ajah for sale","Ajah, Ado / Ajah",Ado / Ajah,Ajah,"₦ 260,000,000",350.0,5,6,Unfurnished,diamond,"5bdrm Duplex in Lekki Palm City, Ado / Ajah for sale"
5bdrm Duplex in Chevron for sale,"Lekki, Chevron",Chevron,Lekki,"₦ 480,000,000",500.0,5,5,Unfurnished,enterprise,5bdrm Duplex in Chevron for sale
20bdrm Apartment in Ijede / Ikorodu for sale,"Ikorodu, Ijede / Ikorodu",Ijede / Ikorodu,Ikorodu,"₦ 75,000,000",600.0,20,20,Semi-Furnished,enterprise,20bdrm Apartment in Ijede / Ikorodu for sale
3bdrm Apartment in Phase 1 / Gbagada for sale,"Gbagada, Phase 1 / Gbagada",Phase 1 / Gbagada,Gbagada,"₦ 165,000,000",500.0,3,3,Unfurnished,enterprise,3bdrm Apartment in Phase 1 / Gbagada for sale
4bdrm Duplex in Chevron for sale,"Lekki, Chevron",Chevron,Lekki,"₦ 230,000,000",580.0,4,4,Semi-Furnished,enterprise,4bdrm Duplex in Chevron for sale
3bdrm Block of Flats in Durumi for sale,"Abuja (FCT), Durumi",Durumi,Abuja (FCT),"₦ 130,000,000",1000.0,3,3,Unfurnished,diamond,3bdrm Block of Flats in Durumi for sale
4bdrm Duplex in Chevron for sale,"Lekki, Chevron",Chevron,Lekki,"₦ 450,000,000",600.0,4,4,Semi-Furnished,enterprise,4bdrm Duplex in Chevron for sale
4bdrm Duplex in Ikeja Residential for sale,"Ikeja, Ikeja GRA",Ikeja GRA,Ikeja,"₦ 260,000,000",400.0,4,5,Semi-Furnished,enterprise,4bdrm Duplex in Ikeja Residential for sale
"3bdrm Bungalow in Phase Six, Enugu for sale","Enugu State, Enugu",Enugu,Enugu State,"₦ 90,000,000",600.0,3,3,Semi-Furnished,diamond,"3bdrm Bungalow in Phase Six, Enugu for sale"
Furnished 7bdrm Duplex in Ikeja Gra for sale,"Ikeja, Ikeja GRA",Ikeja GRA,Ikeja,"₦ 3,000,000,000",600.0,7,7,Furnished,diamond,Furnished 7bdrm Duplex in Ikeja Gra for sale
"5bdrm Duplex in Magodo, GRA Phase 2 Shangisha for sale","Magodo, GRA Phase 2 Shangisha",GRA Phase 2 Shangisha,Magodo,"₦ 800,000,000",400.0,5,6,Semi-Furnished,enterprise,"5bdrm Duplex in Magodo, GRA Phase 2 Shangisha for sale"
"5bdrm Duplex in Opic, Isheri North for sale","Ojodu, Isheri North",Isheri North,Ojodu,"₦ 180,000,000",350.0,5,6,Unfurnished,enterprise,"5bdrm Duplex in Opic, Isheri North for sale"
2bdrm Apartment in GRA Phase 1 / Port-Harcourt for sale,"Port-Harcourt, GRA Phase 1 / Port-Harcourt",GRA Phase 1 / Port-Harcourt,Port-Harcourt,"₦ 140,000,000",500.0,2,2,Unfurnished,enterprise,2bdrm Apartment in GRA Phase 1 / Port-Harcourt for sale
4bdrm Duplex in Ikeja Gra for sale,"Ikeja, Ikeja GRA",Ikeja GRA,Ikeja,"₦ 850,000,000",350.0,4,5,Semi-Furnished,enterprise,4bdrm Duplex in Ikeja Gra for sale
2bdrm Maisonette in Lekki Phase 1 for sale,"Lekki, Lekki Phase 1",Lekki Phase 1,Lekki,"₦ 350,000,000",185.0,2,2,Unfurnished,diamond,2bdrm Maisonette in Lekki Phase 1 for sale
5bdrm Duplex in Ikate for sale,"Lekki, Ikate",Ikate,Lekki,"₦ 1,200,000,000",600.0,5,5,Unfurnished,diamond,5bdrm Duplex in Ikate for sale
5bdrm Duplex in Omole Phase 1 for sale,"Ikeja, Omole Phase 1",Omole Phase 1,Ikeja,"₦ 850,000,000",600.0,5,5,Unfurnished,diamond,5bdrm Duplex in Omole Phase 1 for sale
4bdrm Duplex in Sangotedo for sale,"Ajah, Sangotedo",Sangotedo,Ajah,"₦ 170,000,000",500.0,4,4,Unfurnished,diamond,4bdrm Duplex in Sangotedo for sale
3bdrm Bungalow in Apo Primary for sale,"Apo District, Apo Resettlement",Apo Resettlement,Apo District,"₦ 110,000,000",500.0,3,4,Unfurnished,enterprise,3bdrm Bungalow in Apo Primary for sale
5bdrm Duplex in Lekki Phase 1 for sale,"Lekki, Lekki Phase 1",Lekki Phase 1,Lekki,"₦ 700,000,000",500.0,5,5,Semi-Furnished,diamond,5bdrm Duplex in Lekki Phase 1 for sale
2bdrm Block of Flats in Kubwa for sale,"Abuja (FCT), Kubwa",Kubwa,Abuja (FCT),"₦ 65,000,000",1800.0,2,3,Semi-Furnished,diamond,2bdrm Block of Flats in Kubwa for sale
"3bdrm Bungalow in Efab Queen Estate, Karsana for sale","Gwagwa, Karsana",Karsana,Gwagwa,"₦ 270,000,000",600.0,3,4,Unfurnished,diamond,"3bdrm Bungalow in Efab Queen Estate, Karsana for sale"
5bdrm Duplex in Lekki Phase 1 for sale,"Lekki, Lekki Phase 1",Lekki Phase 1,Lekki,"₦ 950,000,000",600.0,5,5,Semi-Furnished,diamond,5bdrm Duplex in Lekki Phase 1 for sale
5bdrm Duplex in Chevron for sale,"Lekki, Chevron",Chevron,Lekki,"₦ 600,000,000",400.0,5,5,Semi-Furnished,diamond,5bdrm Duplex in Chevron for sale
"4bdrm Duplex in Estate, Life Camp for sale","Gwarinpa, Life Camp",Life Camp,Gwarinpa,"₦ 450,000,000",400.0,4,6,Unfurnished,diamond,"4bdrm Duplex in Estate, Life Camp for sale"
4bdrm Duplex in Abraham Adesanya Estate for sale,"Ajah, Abraham Adesanya Estate",Abraham Adesanya Estate,Ajah,"₦ 110,000,000",350.0,4,4,Unfurnished,diamond,4bdrm Duplex in Abraham Adesanya Estate for sale
3bdrm Block of Flats in Lekki Phase 1 for sale,"Lekki, Lekki Phase 1",Lekki Phase 1,Lekki,"₦ 350,000,000",260.0,3,3,Unfurnished,diamond,3bdrm Block of Flats in Lekki Phase 1 for sale
"Furnished 12bdrm Duplex in Isuti, Igando / Ikotun/Igando for sale","Ikotun/Igando, Igando / Ikotun/Igando",Igando / Ikotun/Igando,Ikotun/Igando,"₦ 80,000,000",648.0,12,12,Furnished,diamond,"Furnished 12bdrm Duplex in Isuti, Igando / Ikotun/Igando for sale"
"Furnished 4bdrm Bungalow in Oreyo, Ikorodu Garage for sale","Ikorodu, Ikorodu Garage",Ikorodu Garage,Ikorodu,"₦ 65,000,000",648.0,4,5,Furnished,diamond,"Furnished 4bdrm Bungalow in Oreyo, Ikorodu Garage for sale"
5bdrm Duplex in Chevron for sale,"Lekki, Chevron",Chevron,Lekki,"₦ 480,000,000",250.0,5,5,Unfurnished,diamond,5bdrm Duplex in Chevron for sale
"4bdrm Duplex in A Serene Environment, GRA Phase 2 Shangisha for sale","Magodo, GRA Phase 2 Shangisha",GRA Phase 2 Shangisha,Magodo,"₦ 350,000,000",270.0,4,4,Unfurnished,diamond,"4bdrm Duplex in A Serene Environment, GRA Phase 2 Shangisha for sale"
"Furnished 4bdrm Apartment in Peace Estate, Ibadan for sale","Oyo State, Ibadan",Ibadan,Oyo State,"₦ 37,000,000",473.0,4,6,Furnished,enterprise,"Furnished 4bdrm Apartment in Peace Estate, Ibadan for sale"
5bdrm House in Ikota for sale,"Lekki, Ikota",Ikota,Lekki,"₦ 370,000,000",400.0,5,5,Semi-Furnished,enterprise,5bdrm House in Ikota for sale
"6bdrm Duplex in Gotin Nigeria Ltd, Benin City for sale","Edo State, Benin City",Benin City,Edo State,"₦ 35,000,000",450.0,6,6,Unfurnished,enterprise,"6bdrm Duplex in Gotin Nigeria Ltd, Benin City for sale"
5bdrm Duplex in Sangotedo for sale,"Ajah, Sangotedo",Sangotedo,Ajah,"₦ 240,000,000",400.0,5,5,Semi-Furnished,enterprise,5bdrm Duplex in Sangotedo for sale
"4bdrm Block of Flats in Gotin Nigeria Ltd, Benin City for sale","Edo State, Benin City",Benin City,Edo State,"₦ 45,000,000",450.0,4,3,Unfurnished,enterprise,"4bdrm Block of Flats in Gotin Nigeria Ltd, Benin City for sale"
5bdrm Duplex in Amuwo-Odofin for sale,"Lagos State, Amuwo-Odofin",Amuwo-Odofin,Lagos State,"₦ 350,000,000",600.0,5,5,Unfurnished,enterprise,5bdrm Duplex in Amuwo-Odofin for sale
Furnished 5bdrm Duplex in Benin City for sale,"Edo State, Benin City",Benin City,Edo State,"₦ 550,000,000",929.0,5,5,Furnished,diamond,Furnished 5bdrm Duplex in Benin City for sale
7bdrm Duplex in Golf Annex Enugu for sale,"Enugu State, Enugu",Enugu,Enugu State,"₦ 260,000,000",700.0,7,7,Semi-Furnished,diamond,7bdrm Duplex in Golf Annex Enugu for sale
Furnished 5bdrm Duplex in Sea Man Estate Lugbe for sale,"Lugbe District, Sabon Lugbe",Sabon Lugbe,Lugbe District,"₦ 260,000,000",120.0,5,6,Furnished,diamond,Furnished 5bdrm Duplex in Sea Man Estate Lugbe for sale
"4bdrm Duplex in Reef Court Estate,, Abuloma for sale","Port-Harcourt, Abuloma",Abuloma,Port-Harcourt,"₦ 600,000,000",450.0,4,4,Unfurnished,enterprise,"4bdrm Duplex in Reef Court Estate,, Abuloma for sale"
Furnished 5bdrm Duplex in Akobo for sale,"Ibadan, Akobo",Akobo,Ibadan,"₦ 185,000,000",600.0,5,6,Furnished,enterprise,Furnished 5bdrm Duplex in Akobo for sale
"Furnished 2bdrm Block of Flats in Pacific Estate, Kubwa for sale","Abuja (FCT), Kubwa",Kubwa,Abuja (FCT),"₦ 53,000,000",555.0,2,3,Furnished,diamond,"Furnished 2bdrm Block of Flats in Pacific Estate, Kubwa for sale"
"5bdrm Duplex in Orchid, Lekki for sale","Lagos State, Lekki",Lekki,Lagos State,"₦ 650,000,000",100.0,5,5,Unfurnished,enterprise,"5bdrm Duplex in Orchid, Lekki for sale"
Furnished 2bdrm Apartment in Lekki Phase 1 for sale,"Lekki, Lekki Phase 1",Lekki Phase 1,Lekki,"₦ 320,000,000",100.0,2,2,Furnished,enterprise,Furnished 2bdrm Apartment in Lekki Phase 1 for sale
3bdrm Apartment in Ikate for sale,"Lekki, Ikate",Ikate,Lekki,"₦ 320,000,000",100.0,3,3,Unfurnished,enterprise,3bdrm Apartment in Ikate for sale
4bdrm Duplex in Ikota Villa for sale,"Lekki, Ikota",Ikota,Lekki,"₦ 250,000,000",100.0,4,4,Unfurnished,enterprise,4bdrm Duplex in Ikota Villa for sale
Furnished 4bdrm House in Ikeja for sale,"Lagos State, Ikeja",Ikeja,Lagos State,"₦ 350,000,000",500.0,4,4,Furnished,diamond,Furnished 4bdrm House in Ikeja for sale
4bdrm Apartment in Victoria Island for sale,"Victoria Island, Victoria Island Extension",Victoria Island Extension,Victoria Island,"₦ 45,000,000",1000.0,4,4,Unfurnished,enterprise,4bdrm Apartment in Victoria Island for sale
2bdrm Apartment in Lekki Phase 1 for sale,"Lekki, Lekki Phase 1",Lekki Phase 1,Lekki,"₦ 305,000,000",500.0,2,2,Semi-Furnished,diamond,2bdrm Apartment in Lekki Phase 1 for sale
3bdrm Apartment in Victoria Island Extension for sale,"Victoria Island, Victoria Island Extension",Victoria Island Extension,Victoria Island,"₦ 400,000,000",500.0,3,3,Semi-Furnished,diamond,3bdrm Apartment in Victoria Island Extension for sale
5bdrm Duplex in Chevron for sale,"Lekki, Chevron",Chevron,Lekki,"₦ 450,000,000",200.0,5,5,Semi-Furnished,diamond,5bdrm Duplex in Chevron for sale
7bdrm Duplex in Ushafa for sale,"Bwari, Ushafa",Ushafa,Bwari,"₦ 180,000,000",1200.0,7,7,Unfurnished,enterprise,7bdrm Duplex in Ushafa for sale
"4bdrm Duplex in Royal Palm Court, Ado / Ajah for sale","Ajah, Ado / Ajah",Ado / Ajah,Ajah,"₦ 160,000,000",300.0,4,4,Unfurnished,enterprise,"4bdrm Duplex in Royal Palm Court, Ado / Ajah for sale"
5bdrm Duplex in Lekki Phase 1 for sale,"Lekki, Lekki Phase 1",Lekki Phase 1,Lekki,"₦ 1,200,000,000",2000.0,5,6,Unfurnished,enterprise,5bdrm Duplex in Lekki Phase 1 for sale
4bdrm Duplex in Pakuro for sale,"Ogun State, Pakuro",Pakuro,Ogun State,"₦ 140,000,000",600.0,4,4,Semi-Furnished,enterprise,4bdrm Duplex in Pakuro for sale
5bdrm Duplex in Ikate for sale,"Lekki, Ikate",Ikate,Lekki,"₦ 1,300,000,000",500.0,5,5,Semi-Furnished,enterprise,5bdrm Duplex in Ikate for sale
4bdrm Duplex in Ikota for sale,"Lekki, Ikota",Ikota,Lekki,"₦ 150,000,000",500.0,4,4,Unfurnished,enterprise,4bdrm Duplex in Ikota for sale
4bdrm Duplex in Ajah for sale,"Lagos State, Ajah",Ajah,Lagos State,"₦ 160,000,000",500.0,4,4,Semi-Furnished,enterprise,4bdrm Duplex in Ajah for sale
4bdrm Apartment in After Sangotedo for sale,"Ajah, Sangotedo",Sangotedo,Ajah,"₦ 125,000,000",600.0,4,4,Semi-Furnished,enterprise,4bdrm Apartment in After Sangotedo for sale
2bdrm Apartment in Ajah for sale,"Lagos State, Ajah",Ajah,Lagos State,"₦ 70,000,000",600.0,2,2,Semi-Furnished,enterprise,2bdrm Apartment in Ajah for sale
Furnished 5bdrm Duplex in Idado for sale,"Lekki, Idado",Idado,Lekki,"₦ 450,000,000",500.0,5,5,Furnished,enterprise,Furnished 5bdrm Duplex in Idado for sale
Furnished 6bdrm Duplex in Lagos State for sale,Lagos State,Lagos State,,"₦ 350,000,000",400.0,6,6,Furnished,diamond,Furnished 6bdrm Duplex in Lagos State for sale
